metric_name,timestamp,metric_value,check,error,error_code,expected_response,group,method,name,proto,scenario,service,status,subproto,tls_version,url,extra_tags,metadata
total_iterations,1753176929,1.000000,,,,,,,,,default,,,,,,,
http_reqs,1753176930,1.000000,,,,true,,POST,https://opensource-demo.orangehrmlive.com/web/index.php/auth/validate,HTTP/1.1,default,,302,,tls1.3,https://opensource-demo.orangehrmlive.com/web/index.php/auth/validate,,
http_req_duration,1753176930,754.834200,,,,true,,POST,https://opensource-demo.orangehrmlive.com/web/index.php/auth/validate,HTTP/1.1,default,,302,,tls1.3,https://opensource-demo.orangehrmlive.com/web/index.php/auth/validate,,
http_req_blocked,1753176930,208.257800,,,,true,,POST,https://opensource-demo.orangehrmlive.com/web/index.php/auth/validate,HTTP/1.1,default,,302,,tls1.3,https://opensource-demo.orangehrmlive.com/web/index.php/auth/validate,,
http_req_connecting,1753176930,97.728100,,,,true,,POST,https://opensource-demo.orangehrmlive.com/web/index.php/auth/validate,HTTP/1.1,default,,302,,tls1.3,https://opensource-demo.orangehrmlive.com/web/index.php/auth/validate,,
http_req_tls_handshaking,1753176930,109.943700,,,,true,,POST,https://opensource-demo.orangehrmlive.com/web/index.php/auth/validate,HTTP/1.1,default,,302,,tls1.3,https://opensource-demo.orangehrmlive.com/web/index.php/auth/validate,,
http_req_sending,1753176930,0.000000,,,,true,,POST,https://opensource-demo.orangehrmlive.com/web/index.php/auth/validate,HTTP/1.1,default,,302,,tls1.3,https://opensource-demo.orangehrmlive.com/web/index.php/auth/validate,,
http_req_waiting,1753176930,754.417600,,,,true,,POST,https://opensource-demo.orangehrmlive.com/web/index.php/auth/validate,HTTP/1.1,default,,302,,tls1.3,https://opensource-demo.orangehrmlive.com/web/index.php/auth/validate,,
http_req_receiving,1753176930,0.416600,,,,true,,POST,https://opensource-demo.orangehrmlive.com/web/index.php/auth/validate,HTTP/1.1,default,,302,,tls1.3,https://opensource-demo.orangehrmlive.com/web/index.php/auth/validate,,
http_req_failed,1753176930,0.000000,,,,true,,POST,https://opensource-demo.orangehrmlive.com/web/index.php/auth/validate,HTTP/1.1,default,,302,,tls1.3,https://opensource-demo.orangehrmlive.com/web/index.php/auth/validate,,
vus,1753176930,1.000000,,,,,,,,,,,,,,,,
vus_max,1753176930,10.000000,,,,,,,,,,,,,,,,
total_iterations,1753176930,1.000000,,,,,,,,,default,,,,,,,
http_reqs,1753176931,1.000000,,,,true,,POST,https://opensource-demo.orangehrmlive.com/web/index.php/auth/validate,HTTP/1.1,default,,302,,tls1.3,https://opensource-demo.orangehrmlive.com/web/index.php/auth/validate,,
http_req_duration,1753176931,403.189300,,,,true,,POST,https://opensource-demo.orangehrmlive.com/web/index.php/auth/validate,HTTP/1.1,default,,302,,tls1.3,https://opensource-demo.orangehrmlive.com/web/index.php/auth/validate,,
http_req_blocked,1753176931,212.571200,,,,true,,POST,https://opensource-demo.orangehrmlive.com/web/index.php/auth/validate,HTTP/1.1,default,,302,,tls1.3,https://opensource-demo.orangehrmlive.com/web/index.php/auth/validate,,
http_req_connecting,1753176931,100.675100,,,,true,,POST,https://opensource-demo.orangehrmlive.com/web/index.php/auth/validate,HTTP/1.1,default,,302,,tls1.3,https://opensource-demo.orangehrmlive.com/web/index.php/auth/validate,,
http_req_tls_handshaking,1753176931,111.896100,,,,true,,POST,https://opensource-demo.orangehrmlive.com/web/index.php/auth/validate,HTTP/1.1,default,,302,,tls1.3,https://opensource-demo.orangehrmlive.com/web/index.php/auth/validate,,
http_req_sending,1753176931,0.000000,,,,true,,POST,https://opensource-demo.orangehrmlive.com/web/index.php/auth/validate,HTTP/1.1,default,,302,,tls1.3,https://opensource-demo.orangehrmlive.com/web/index.php/auth/validate,,
http_req_waiting,1753176931,402.450200,,,,true,,POST,https://opensource-demo.orangehrmlive.com/web/index.php/auth/validate,HTTP/1.1,default,,302,,tls1.3,https://opensource-demo.orangehrmlive.com/web/index.php/auth/validate,,
http_req_receiving,1753176931,0.739100,,,,true,,POST,https://opensource-demo.orangehrmlive.com/web/index.php/auth/validate,HTTP/1.1,default,,302,,tls1.3,https://opensource-demo.orangehrmlive.com/web/index.php/auth/validate,,
http_req_failed,1753176931,0.000000,,,,true,,POST,https://opensource-demo.orangehrmlive.com/web/index.php/auth/validate,HTTP/1.1,default,,302,,tls1.3,https://opensource-demo.orangehrmlive.com/web/index.php/auth/validate,,
http_reqs,1753176931,1.000000,,,,true,,GET,https://opensource-demo.orangehrmlive.com/web/index.php/auth/login,HTTP/1.1,default,,200,,tls1.3,https://opensource-demo.orangehrmlive.com/web/index.php/auth/login,,
http_req_duration,1753176931,908.412600,,,,true,,GET,https://opensource-demo.orangehrmlive.com/web/index.php/auth/login,HTTP/1.1,default,,200,,tls1.3,https://opensource-demo.orangehrmlive.com/web/index.php/auth/login,,
http_req_blocked,1753176931,0.000000,,,,true,,GET,https://opensource-demo.orangehrmlive.com/web/index.php/auth/login,HTTP/1.1,default,,200,,tls1.3,https://opensource-demo.orangehrmlive.com/web/index.php/auth/login,,
http_req_connecting,1753176931,0.000000,,,,true,,GET,https://opensource-demo.orangehrmlive.com/web/index.php/auth/login,HTTP/1.1,default,,200,,tls1.3,https://opensource-demo.orangehrmlive.com/web/index.php/auth/login,,
http_req_tls_handshaking,1753176931,0.000000,,,,true,,GET,https://opensource-demo.orangehrmlive.com/web/index.php/auth/login,HTTP/1.1,default,,200,,tls1.3,https://opensource-demo.orangehrmlive.com/web/index.php/auth/login,,
http_req_sending,1753176931,0.000000,,,,true,,GET,https://opensource-demo.orangehrmlive.com/web/index.php/auth/login,HTTP/1.1,default,,200,,tls1.3,https://opensource-demo.orangehrmlive.com/web/index.php/auth/login,,
http_req_waiting,1753176931,908.412600,,,,true,,GET,https://opensource-demo.orangehrmlive.com/web/index.php/auth/login,HTTP/1.1,default,,200,,tls1.3,https://opensource-demo.orangehrmlive.com/web/index.php/auth/login,,
http_req_receiving,1753176931,0.000000,,,,true,,GET,https://opensource-demo.orangehrmlive.com/web/index.php/auth/login,HTTP/1.1,default,,200,,tls1.3,https://opensource-demo.orangehrmlive.com/web/index.php/auth/login,,
http_req_failed,1753176931,0.000000,,,,true,,GET,https://opensource-demo.orangehrmlive.com/web/index.php/auth/login,HTTP/1.1,default,,200,,tls1.3,https://opensource-demo.orangehrmlive.com/web/index.php/auth/login,,
checks,1753176931,1.000000,status is 200 or redirect,,,,,,,,default,,,,,,,
checks,1753176931,1.000000,response is not empty,,,,,,,,default,,,,,,,
vus,1753176931,2.000000,,,,,,,,,,,,,,,,
vus_max,1753176931,10.000000,,,,,,,,,,,,,,,,
total_iterations,1753176931,1.000000,,,,,,,,,default,,,,,,,
http_reqs,1753176932,1.000000,,,,true,,POST,https://opensource-demo.orangehrmlive.com/web/index.php/auth/validate,HTTP/1.1,default,,302,,tls1.3,https://opensource-demo.orangehrmlive.com/web/index.php/auth/validate,,
http_req_duration,1753176932,318.963300,,,,true,,POST,https://opensource-demo.orangehrmlive.com/web/index.php/auth/validate,HTTP/1.1,default,,302,,tls1.3,https://opensource-demo.orangehrmlive.com/web/index.php/auth/validate,,
http_req_blocked,1753176932,206.911700,,,,true,,POST,https://opensource-demo.orangehrmlive.com/web/index.php/auth/validate,HTTP/1.1,default,,302,,tls1.3,https://opensource-demo.orangehrmlive.com/web/index.php/auth/validate,,
http_req_connecting,1753176932,97.388900,,,,true,,POST,https://opensource-demo.orangehrmlive.com/web/index.php/auth/validate,HTTP/1.1,default,,302,,tls1.3,https://opensource-demo.orangehrmlive.com/web/index.php/auth/validate,,
http_req_tls_handshaking,1753176932,109.522800,,,,true,,POST,https://opensource-demo.orangehrmlive.com/web/index.php/auth/validate,HTTP/1.1,default,,302,,tls1.3,https://opensource-demo.orangehrmlive.com/web/index.php/auth/validate,,
http_req_sending,1753176932,0.000000,,,,true,,POST,https://opensource-demo.orangehrmlive.com/web/index.php/auth/validate,HTTP/1.1,default,,302,,tls1.3,https://opensource-demo.orangehrmlive.com/web/index.php/auth/validate,,
http_req_waiting,1753176932,318.465600,,,,true,,POST,https://opensource-demo.orangehrmlive.com/web/index.php/auth/validate,HTTP/1.1,default,,302,,tls1.3,https://opensource-demo.orangehrmlive.com/web/index.php/auth/validate,,
http_req_receiving,1753176932,0.497700,,,,true,,POST,https://opensource-demo.orangehrmlive.com/web/index.php/auth/validate,HTTP/1.1,default,,302,,tls1.3,https://opensource-demo.orangehrmlive.com/web/index.php/auth/validate,,
http_req_failed,1753176932,0.000000,,,,true,,POST,https://opensource-demo.orangehrmlive.com/web/index.php/auth/validate,HTTP/1.1,default,,302,,tls1.3,https://opensource-demo.orangehrmlive.com/web/index.php/auth/validate,,
http_reqs,1753176932,1.000000,,,,true,,GET,https://opensource-demo.orangehrmlive.com/web/index.php/auth/login,HTTP/1.1,default,,200,,tls1.3,https://opensource-demo.orangehrmlive.com/web/index.php/auth/login,,
http_req_duration,1753176932,1048.270100,,,,true,,GET,https://opensource-demo.orangehrmlive.com/web/index.php/auth/login,HTTP/1.1,default,,200,,tls1.3,https://opensource-demo.orangehrmlive.com/web/index.php/auth/login,,
http_req_blocked,1753176932,0.000000,,,,true,,GET,https://opensource-demo.orangehrmlive.com/web/index.php/auth/login,HTTP/1.1,default,,200,,tls1.3,https://opensource-demo.orangehrmlive.com/web/index.php/auth/login,,
http_req_connecting,1753176932,0.000000,,,,true,,GET,https://opensource-demo.orangehrmlive.com/web/index.php/auth/login,HTTP/1.1,default,,200,,tls1.3,https://opensource-demo.orangehrmlive.com/web/index.php/auth/login,,
http_req_tls_handshaking,1753176932,0.000000,,,,true,,GET,https://opensource-demo.orangehrmlive.com/web/index.php/auth/login,HTTP/1.1,default,,200,,tls1.3,https://opensource-demo.orangehrmlive.com/web/index.php/auth/login,,
http_req_sending,1753176932,0.000000,,,,true,,GET,https://opensource-demo.orangehrmlive.com/web/index.php/auth/login,HTTP/1.1,default,,200,,tls1.3,https://opensource-demo.orangehrmlive.com/web/index.php/auth/login,,
http_req_waiting,1753176932,1048.270100,,,,true,,GET,https://opensource-demo.orangehrmlive.com/web/index.php/auth/login,HTTP/1.1,default,,200,,tls1.3,https://opensource-demo.orangehrmlive.com/web/index.php/auth/login,,
http_req_receiving,1753176932,0.000000,,,,true,,GET,https://opensource-demo.orangehrmlive.com/web/index.php/auth/login,HTTP/1.1,default,,200,,tls1.3,https://opensource-demo.orangehrmlive.com/web/index.php/auth/login,,
http_req_failed,1753176932,0.000000,,,,true,,GET,https://opensource-demo.orangehrmlive.com/web/index.php/auth/login,HTTP/1.1,default,,200,,tls1.3,https://opensource-demo.orangehrmlive.com/web/index.php/auth/login,,
checks,1753176932,1.000000,status is 200 or redirect,,,,,,,,default,,,,,,,
checks,1753176932,1.000000,response is not empty,,,,,,,,default,,,,,,,
data_sent,1753176932,897.000000,,,,,,,,,default,,,,,,,
data_received,1753176932,11602.000000,,,,,,,,,default,,,,,,,
iteration_duration,1753176932,2872.834200,,,,,,,,,default,,,,,,,
iterations,1753176932,1.000000,,,,,,,,,default,,,,,,,
total_iterations,1753176932,1.000000,,,,,,,,,default,,,,,,,
vus,1753176932,3.000000,,,,,,,,,,,,,,,,
vus_max,1753176932,10.000000,,,,,,,,,,,,,,,,
http_reqs,1753176932,1.000000,,,,true,,GET,https://opensource-demo.orangehrmlive.com/web/index.php/auth/login,HTTP/1.1,default,,200,,tls1.3,https://opensource-demo.orangehrmlive.com/web/index.php/auth/login,,
http_req_duration,1753176932,378.897900,,,,true,,GET,https://opensource-demo.orangehrmlive.com/web/index.php/auth/login,HTTP/1.1,default,,200,,tls1.3,https://opensource-demo.orangehrmlive.com/web/index.php/auth/login,,
http_req_blocked,1753176932,0.000000,,,,true,,GET,https://opensource-demo.orangehrmlive.com/web/index.php/auth/login,HTTP/1.1,default,,200,,tls1.3,https://opensource-demo.orangehrmlive.com/web/index.php/auth/login,,
http_req_connecting,1753176932,0.000000,,,,true,,GET,https://opensource-demo.orangehrmlive.com/web/index.php/auth/login,HTTP/1.1,default,,200,,tls1.3,https://opensource-demo.orangehrmlive.com/web/index.php/auth/login,,
http_req_tls_handshaking,1753176932,0.000000,,,,true,,GET,https://opensource-demo.orangehrmlive.com/web/index.php/auth/login,HTTP/1.1,default,,200,,tls1.3,https://opensource-demo.orangehrmlive.com/web/index.php/auth/login,,
http_req_sending,1753176932,0.000000,,,,true,,GET,https://opensource-demo.orangehrmlive.com/web/index.php/auth/login,HTTP/1.1,default,,200,,tls1.3,https://opensource-demo.orangehrmlive.com/web/index.php/auth/login,,
http_req_waiting,1753176932,378.897900,,,,true,,GET,https://opensource-demo.orangehrmlive.com/web/index.php/auth/login,HTTP/1.1,default,,200,,tls1.3,https://opensource-demo.orangehrmlive.com/web/index.php/auth/login,,
http_req_receiving,1753176932,0.000000,,,,true,,GET,https://opensource-demo.orangehrmlive.com/web/index.php/auth/login,HTTP/1.1,default,,200,,tls1.3,https://opensource-demo.orangehrmlive.com/web/index.php/auth/login,,
http_req_failed,1753176932,0.000000,,,,true,,GET,https://opensource-demo.orangehrmlive.com/web/index.php/auth/login,HTTP/1.1,default,,200,,tls1.3,https://opensource-demo.orangehrmlive.com/web/index.php/auth/login,,
checks,1753176932,1.000000,status is 200 or redirect,,,,,,,,default,,,,,,,
checks,1753176932,1.000000,response is not empty,,,,,,,,default,,,,,,,
total_iterations,1753176932,1.000000,,,,,,,,,default,,,,,,,
data_sent,1753176933,899.000000,,,,,,,,,default,,,,,,,
data_received,1753176933,11614.000000,,,,,,,,,default,,,,,,,
iteration_duration,1753176933,2665.930700,,,,,,,,,default,,,,,,,
iterations,1753176933,1.000000,,,,,,,,,default,,,,,,,
total_iterations,1753176933,1.000000,,,,,,,,,default,,,,,,,
http_reqs,1753176933,1.000000,,,,true,,POST,https://opensource-demo.orangehrmlive.com/web/index.php/auth/validate,HTTP/1.1,default,,302,,tls1.3,https://opensource-demo.orangehrmlive.com/web/index.php/auth/validate,,
http_req_duration,1753176933,1028.294900,,,,true,,POST,https://opensource-demo.orangehrmlive.com/web/index.php/auth/validate,HTTP/1.1,default,,302,,tls1.3,https://opensource-demo.orangehrmlive.com/web/index.php/auth/validate,,
http_req_blocked,1753176933,0.000000,,,,true,,POST,https://opensource-demo.orangehrmlive.com/web/index.php/auth/validate,HTTP/1.1,default,,302,,tls1.3,https://opensource-demo.orangehrmlive.com/web/index.php/auth/validate,,
http_req_connecting,1753176933,0.000000,,,,true,,POST,https://opensource-demo.orangehrmlive.com/web/index.php/auth/validate,HTTP/1.1,default,,302,,tls1.3,https://opensource-demo.orangehrmlive.com/web/index.php/auth/validate,,
http_req_tls_handshaking,1753176933,0.000000,,,,true,,POST,https://opensource-demo.orangehrmlive.com/web/index.php/auth/validate,HTTP/1.1,default,,302,,tls1.3,https://opensource-demo.orangehrmlive.com/web/index.php/auth/validate,,
http_req_sending,1753176933,0.627700,,,,true,,POST,https://opensource-demo.orangehrmlive.com/web/index.php/auth/validate,HTTP/1.1,default,,302,,tls1.3,https://opensource-demo.orangehrmlive.com/web/index.php/auth/validate,,
http_req_waiting,1753176933,1026.849800,,,,true,,POST,https://opensource-demo.orangehrmlive.com/web/index.php/auth/validate,HTTP/1.1,default,,302,,tls1.3,https://opensource-demo.orangehrmlive.com/web/index.php/auth/validate,,
http_req_receiving,1753176933,0.817400,,,,true,,POST,https://opensource-demo.orangehrmlive.com/web/index.php/auth/validate,HTTP/1.1,default,,302,,tls1.3,https://opensource-demo.orangehrmlive.com/web/index.php/auth/validate,,
http_req_failed,1753176933,0.000000,,,,true,,POST,https://opensource-demo.orangehrmlive.com/web/index.php/auth/validate,HTTP/1.1,default,,302,,tls1.3,https://opensource-demo.orangehrmlive.com/web/index.php/auth/validate,,
vus,1753176933,4.000000,,,,,,,,,,,,,,,,
vus_max,1753176933,10.000000,,,,,,,,,,,,,,,,
data_sent,1753176933,897.000000,,,,,,,,,default,,,,,,,
data_received,1753176933,11594.000000,,,,,,,,,default,,,,,,,
iteration_duration,1753176933,1906.018500,,,,,,,,,default,,,,,,,
iterations,1753176933,1.000000,,,,,,,,,default,,,,,,,
total_iterations,1753176933,1.000000,,,,,,,,,default,,,,,,,
http_reqs,1753176933,1.000000,,,,true,,POST,https://opensource-demo.orangehrmlive.com/web/index.php/auth/validate,HTTP/1.1,default,,302,,tls1.3,https://opensource-demo.orangehrmlive.com/web/index.php/auth/validate,,
http_req_duration,1753176933,867.292800,,,,true,,POST,https://opensource-demo.orangehrmlive.com/web/index.php/auth/validate,HTTP/1.1,default,,302,,tls1.3,https://opensource-demo.orangehrmlive.com/web/index.php/auth/validate,,
http_req_blocked,1753176933,208.693800,,,,true,,POST,https://opensource-demo.orangehrmlive.com/web/index.php/auth/validate,HTTP/1.1,default,,302,,tls1.3,https://opensource-demo.orangehrmlive.com/web/index.php/auth/validate,,
http_req_connecting,1753176933,97.631300,,,,true,,POST,https://opensource-demo.orangehrmlive.com/web/index.php/auth/validate,HTTP/1.1,default,,302,,tls1.3,https://opensource-demo.orangehrmlive.com/web/index.php/auth/validate,,
http_req_tls_handshaking,1753176933,109.895400,,,,true,,POST,https://opensource-demo.orangehrmlive.com/web/index.php/auth/validate,HTTP/1.1,default,,302,,tls1.3,https://opensource-demo.orangehrmlive.com/web/index.php/auth/validate,,
http_req_sending,1753176933,0.616600,,,,true,,POST,https://opensource-demo.orangehrmlive.com/web/index.php/auth/validate,HTTP/1.1,default,,302,,tls1.3,https://opensource-demo.orangehrmlive.com/web/index.php/auth/validate,,
http_req_waiting,1753176933,866.251800,,,,true,,POST,https://opensource-demo.orangehrmlive.com/web/index.php/auth/validate,HTTP/1.1,default,,302,,tls1.3,https://opensource-demo.orangehrmlive.com/web/index.php/auth/validate,,
http_req_receiving,1753176933,0.424400,,,,true,,POST,https://opensource-demo.orangehrmlive.com/web/index.php/auth/validate,HTTP/1.1,default,,302,,tls1.3,https://opensource-demo.orangehrmlive.com/web/index.php/auth/validate,,
http_req_failed,1753176933,0.000000,,,,true,,POST,https://opensource-demo.orangehrmlive.com/web/index.php/auth/validate,HTTP/1.1,default,,302,,tls1.3,https://opensource-demo.orangehrmlive.com/web/index.php/auth/validate,,
total_iterations,1753176933,1.000000,,,,,,,,,default,,,,,,,
http_reqs,1753176934,1.000000,,,,true,,POST,https://opensource-demo.orangehrmlive.com/web/index.php/auth/validate,HTTP/1.1,default,,302,,tls1.3,https://opensource-demo.orangehrmlive.com/web/index.php/auth/validate,,
http_req_duration,1753176934,671.544500,,,,true,,POST,https://opensource-demo.orangehrmlive.com/web/index.php/auth/validate,HTTP/1.1,default,,302,,tls1.3,https://opensource-demo.orangehrmlive.com/web/index.php/auth/validate,,
http_req_blocked,1753176934,0.000000,,,,true,,POST,https://opensource-demo.orangehrmlive.com/web/index.php/auth/validate,HTTP/1.1,default,,302,,tls1.3,https://opensource-demo.orangehrmlive.com/web/index.php/auth/validate,,
http_req_connecting,1753176934,0.000000,,,,true,,POST,https://opensource-demo.orangehrmlive.com/web/index.php/auth/validate,HTTP/1.1,default,,302,,tls1.3,https://opensource-demo.orangehrmlive.com/web/index.php/auth/validate,,
http_req_tls_handshaking,1753176934,0.000000,,,,true,,POST,https://opensource-demo.orangehrmlive.com/web/index.php/auth/validate,HTTP/1.1,default,,302,,tls1.3,https://opensource-demo.orangehrmlive.com/web/index.php/auth/validate,,
http_req_sending,1753176934,0.000000,,,,true,,POST,https://opensource-demo.orangehrmlive.com/web/index.php/auth/validate,HTTP/1.1,default,,302,,tls1.3,https://opensource-demo.orangehrmlive.com/web/index.php/auth/validate,,
http_req_waiting,1753176934,670.868000,,,,true,,POST,https://opensource-demo.orangehrmlive.com/web/index.php/auth/validate,HTTP/1.1,default,,302,,tls1.3,https://opensource-demo.orangehrmlive.com/web/index.php/auth/validate,,
http_req_receiving,1753176934,0.676500,,,,true,,POST,https://opensource-demo.orangehrmlive.com/web/index.php/auth/validate,HTTP/1.1,default,,302,,tls1.3,https://opensource-demo.orangehrmlive.com/web/index.php/auth/validate,,
http_req_failed,1753176934,0.000000,,,,true,,POST,https://opensource-demo.orangehrmlive.com/web/index.php/auth/validate,HTTP/1.1,default,,302,,tls1.3,https://opensource-demo.orangehrmlive.com/web/index.php/auth/validate,,
http_reqs,1753176934,1.000000,,,,true,,POST,https://opensource-demo.orangehrmlive.com/web/index.php/auth/validate,HTTP/1.1,default,,302,,tls1.3,https://opensource-demo.orangehrmlive.com/web/index.php/auth/validate,,
http_req_duration,1753176934,1048.508700,,,,true,,POST,https://opensource-demo.orangehrmlive.com/web/index.php/auth/validate,HTTP/1.1,default,,302,,tls1.3,https://opensource-demo.orangehrmlive.com/web/index.php/auth/validate,,
http_req_blocked,1753176934,0.000000,,,,true,,POST,https://opensource-demo.orangehrmlive.com/web/index.php/auth/validate,HTTP/1.1,default,,302,,tls1.3,https://opensource-demo.orangehrmlive.com/web/index.php/auth/validate,,
http_req_connecting,1753176934,0.000000,,,,true,,POST,https://opensource-demo.orangehrmlive.com/web/index.php/auth/validate,HTTP/1.1,default,,302,,tls1.3,https://opensource-demo.orangehrmlive.com/web/index.php/auth/validate,,
http_req_tls_handshaking,1753176934,0.000000,,,,true,,POST,https://opensource-demo.orangehrmlive.com/web/index.php/auth/validate,HTTP/1.1,default,,302,,tls1.3,https://opensource-demo.orangehrmlive.com/web/index.php/auth/validate,,
http_req_sending,1753176934,0.000000,,,,true,,POST,https://opensource-demo.orangehrmlive.com/web/index.php/auth/validate,HTTP/1.1,default,,302,,tls1.3,https://opensource-demo.orangehrmlive.com/web/index.php/auth/validate,,
http_req_waiting,1753176934,1047.993900,,,,true,,POST,https://opensource-demo.orangehrmlive.com/web/index.php/auth/validate,HTTP/1.1,default,,302,,tls1.3,https://opensource-demo.orangehrmlive.com/web/index.php/auth/validate,,
http_req_receiving,1753176934,0.514800,,,,true,,POST,https://opensource-demo.orangehrmlive.com/web/index.php/auth/validate,HTTP/1.1,default,,302,,tls1.3,https://opensource-demo.orangehrmlive.com/web/index.php/auth/validate,,
http_req_failed,1753176934,0.000000,,,,true,,POST,https://opensource-demo.orangehrmlive.com/web/index.php/auth/validate,HTTP/1.1,default,,302,,tls1.3,https://opensource-demo.orangehrmlive.com/web/index.php/auth/validate,,
vus,1753176934,5.000000,,,,,,,,,,,,,,,,
vus_max,1753176934,10.000000,,,,,,,,,,,,,,,,
http_reqs,1753176934,1.000000,,,,true,,GET,https://opensource-demo.orangehrmlive.com/web/index.php/auth/login,HTTP/1.1,default,,200,,tls1.3,https://opensource-demo.orangehrmlive.com/web/index.php/auth/login,,
http_req_duration,1753176934,1116.967000,,,,true,,GET,https://opensource-demo.orangehrmlive.com/web/index.php/auth/login,HTTP/1.1,default,,200,,tls1.3,https://opensource-demo.orangehrmlive.com/web/index.php/auth/login,,
http_req_blocked,1753176934,0.000000,,,,true,,GET,https://opensource-demo.orangehrmlive.com/web/index.php/auth/login,HTTP/1.1,default,,200,,tls1.3,https://opensource-demo.orangehrmlive.com/web/index.php/auth/login,,
http_req_connecting,1753176934,0.000000,,,,true,,GET,https://opensource-demo.orangehrmlive.com/web/index.php/auth/login,HTTP/1.1,default,,200,,tls1.3,https://opensource-demo.orangehrmlive.com/web/index.php/auth/login,,
http_req_tls_handshaking,1753176934,0.000000,,,,true,,GET,https://opensource-demo.orangehrmlive.com/web/index.php/auth/login,HTTP/1.1,default,,200,,tls1.3,https://opensource-demo.orangehrmlive.com/web/index.php/auth/login,,
http_req_sending,1753176934,0.000000,,,,true,,GET,https://opensource-demo.orangehrmlive.com/web/index.php/auth/login,HTTP/1.1,default,,200,,tls1.3,https://opensource-demo.orangehrmlive.com/web/index.php/auth/login,,
http_req_waiting,1753176934,1116.402800,,,,true,,GET,https://opensource-demo.orangehrmlive.com/web/index.php/auth/login,HTTP/1.1,default,,200,,tls1.3,https://opensource-demo.orangehrmlive.com/web/index.php/auth/login,,
http_req_receiving,1753176934,0.564200,,,,true,,GET,https://opensource-demo.orangehrmlive.com/web/index.php/auth/login,HTTP/1.1,default,,200,,tls1.3,https://opensource-demo.orangehrmlive.com/web/index.php/auth/login,,
http_req_failed,1753176934,0.000000,,,,true,,GET,https://opensource-demo.orangehrmlive.com/web/index.php/auth/login,HTTP/1.1,default,,200,,tls1.3,https://opensource-demo.orangehrmlive.com/web/index.php/auth/login,,
checks,1753176934,1.000000,status is 200 or redirect,,,,,,,,default,,,,,,,
checks,1753176934,1.000000,response is not empty,,,,,,,,default,,,,,,,
http_reqs,1753176934,1.000000,,,,true,,GET,https://opensource-demo.orangehrmlive.com/web/index.php/auth/login,HTTP/1.1,default,,200,,tls1.3,https://opensource-demo.orangehrmlive.com/web/index.php/auth/login,,
http_req_duration,1753176934,651.754000,,,,true,,GET,https://opensource-demo.orangehrmlive.com/web/index.php/auth/login,HTTP/1.1,default,,200,,tls1.3,https://opensource-demo.orangehrmlive.com/web/index.php/auth/login,,
http_req_blocked,1753176934,0.000000,,,,true,,GET,https://opensource-demo.orangehrmlive.com/web/index.php/auth/login,HTTP/1.1,default,,200,,tls1.3,https://opensource-demo.orangehrmlive.com/web/index.php/auth/login,,
http_req_connecting,1753176934,0.000000,,,,true,,GET,https://opensource-demo.orangehrmlive.com/web/index.php/auth/login,HTTP/1.1,default,,200,,tls1.3,https://opensource-demo.orangehrmlive.com/web/index.php/auth/login,,
http_req_tls_handshaking,1753176934,0.000000,,,,true,,GET,https://opensource-demo.orangehrmlive.com/web/index.php/auth/login,HTTP/1.1,default,,200,,tls1.3,https://opensource-demo.orangehrmlive.com/web/index.php/auth/login,,
http_req_sending,1753176934,0.000000,,,,true,,GET,https://opensource-demo.orangehrmlive.com/web/index.php/auth/login,HTTP/1.1,default,,200,,tls1.3,https://opensource-demo.orangehrmlive.com/web/index.php/auth/login,,
http_req_waiting,1753176934,650.761300,,,,true,,GET,https://opensource-demo.orangehrmlive.com/web/index.php/auth/login,HTTP/1.1,default,,200,,tls1.3,https://opensource-demo.orangehrmlive.com/web/index.php/auth/login,,
http_req_receiving,1753176934,0.992700,,,,true,,GET,https://opensource-demo.orangehrmlive.com/web/index.php/auth/login,HTTP/1.1,default,,200,,tls1.3,https://opensource-demo.orangehrmlive.com/web/index.php/auth/login,,
http_req_failed,1753176934,0.000000,,,,true,,GET,https://opensource-demo.orangehrmlive.com/web/index.php/auth/login,HTTP/1.1,default,,200,,tls1.3,https://opensource-demo.orangehrmlive.com/web/index.php/auth/login,,
checks,1753176934,1.000000,status is 200 or redirect,,,,,,,,default,,,,,,,
checks,1753176934,1.000000,response is not empty,,,,,,,,default,,,,,,,
http_reqs,1753176934,1.000000,,,,true,,POST,https://opensource-demo.orangehrmlive.com/web/index.php/auth/validate,HTTP/1.1,default,,302,,tls1.3,https://opensource-demo.orangehrmlive.com/web/index.php/auth/validate,,
http_req_duration,1753176934,820.359400,,,,true,,POST,https://opensource-demo.orangehrmlive.com/web/index.php/auth/validate,HTTP/1.1,default,,302,,tls1.3,https://opensource-demo.orangehrmlive.com/web/index.php/auth/validate,,
http_req_blocked,1753176934,207.452100,,,,true,,POST,https://opensource-demo.orangehrmlive.com/web/index.php/auth/validate,HTTP/1.1,default,,302,,tls1.3,https://opensource-demo.orangehrmlive.com/web/index.php/auth/validate,,
http_req_connecting,1753176934,97.123300,,,,true,,POST,https://opensource-demo.orangehrmlive.com/web/index.php/auth/validate,HTTP/1.1,default,,302,,tls1.3,https://opensource-demo.orangehrmlive.com/web/index.php/auth/validate,,
http_req_tls_handshaking,1753176934,110.328800,,,,true,,POST,https://opensource-demo.orangehrmlive.com/web/index.php/auth/validate,HTTP/1.1,default,,302,,tls1.3,https://opensource-demo.orangehrmlive.com/web/index.php/auth/validate,,
http_req_sending,1753176934,0.000000,,,,true,,POST,https://opensource-demo.orangehrmlive.com/web/index.php/auth/validate,HTTP/1.1,default,,302,,tls1.3,https://opensource-demo.orangehrmlive.com/web/index.php/auth/validate,,
http_req_waiting,1753176934,819.400700,,,,true,,POST,https://opensource-demo.orangehrmlive.com/web/index.php/auth/validate,HTTP/1.1,default,,302,,tls1.3,https://opensource-demo.orangehrmlive.com/web/index.php/auth/validate,,
http_req_receiving,1753176934,0.958700,,,,true,,POST,https://opensource-demo.orangehrmlive.com/web/index.php/auth/validate,HTTP/1.1,default,,302,,tls1.3,https://opensource-demo.orangehrmlive.com/web/index.php/auth/validate,,
http_req_failed,1753176934,0.000000,,,,true,,POST,https://opensource-demo.orangehrmlive.com/web/index.php/auth/validate,HTTP/1.1,default,,302,,tls1.3,https://opensource-demo.orangehrmlive.com/web/index.php/auth/validate,,
total_iterations,1753176934,1.000000,,,,,,,,,default,,,,,,,
http_reqs,1753176934,1.000000,,,,true,,GET,https://opensource-demo.orangehrmlive.com/web/index.php/auth/login,HTTP/1.1,default,,200,,tls1.3,https://opensource-demo.orangehrmlive.com/web/index.php/auth/login,,
http_req_duration,1753176934,1167.917600,,,,true,,GET,https://opensource-demo.orangehrmlive.com/web/index.php/auth/login,HTTP/1.1,default,,200,,tls1.3,https://opensource-demo.orangehrmlive.com/web/index.php/auth/login,,
http_req_blocked,1753176934,0.000000,,,,true,,GET,https://opensource-demo.orangehrmlive.com/web/index.php/auth/login,HTTP/1.1,default,,200,,tls1.3,https://opensource-demo.orangehrmlive.com/web/index.php/auth/login,,
http_req_connecting,1753176934,0.000000,,,,true,,GET,https://opensource-demo.orangehrmlive.com/web/index.php/auth/login,HTTP/1.1,default,,200,,tls1.3,https://opensource-demo.orangehrmlive.com/web/index.php/auth/login,,
http_req_tls_handshaking,1753176934,0.000000,,,,true,,GET,https://opensource-demo.orangehrmlive.com/web/index.php/auth/login,HTTP/1.1,default,,200,,tls1.3,https://opensource-demo.orangehrmlive.com/web/index.php/auth/login,,
http_req_sending,1753176934,0.000000,,,,true,,GET,https://opensource-demo.orangehrmlive.com/web/index.php/auth/login,HTTP/1.1,default,,200,,tls1.3,https://opensource-demo.orangehrmlive.com/web/index.php/auth/login,,
http_req_waiting,1753176934,1167.917600,,,,true,,GET,https://opensource-demo.orangehrmlive.com/web/index.php/auth/login,HTTP/1.1,default,,200,,tls1.3,https://opensource-demo.orangehrmlive.com/web/index.php/auth/login,,
http_req_receiving,1753176934,0.000000,,,,true,,GET,https://opensource-demo.orangehrmlive.com/web/index.php/auth/login,HTTP/1.1,default,,200,,tls1.3,https://opensource-demo.orangehrmlive.com/web/index.php/auth/login,,
http_req_failed,1753176934,0.000000,,,,true,,GET,https://opensource-demo.orangehrmlive.com/web/index.php/auth/login,HTTP/1.1,default,,200,,tls1.3,https://opensource-demo.orangehrmlive.com/web/index.php/auth/login,,
checks,1753176934,1.000000,status is 200 or redirect,,,,,,,,default,,,,,,,
checks,1753176934,1.000000,response is not empty,,,,,,,,default,,,,,,,
http_reqs,1753176935,1.000000,,,,true,,GET,https://opensource-demo.orangehrmlive.com/web/index.php/auth/login,HTTP/1.1,default,,200,,tls1.3,https://opensource-demo.orangehrmlive.com/web/index.php/auth/login,,
http_req_duration,1753176935,993.510500,,,,true,,GET,https://opensource-demo.orangehrmlive.com/web/index.php/auth/login,HTTP/1.1,default,,200,,tls1.3,https://opensource-demo.orangehrmlive.com/web/index.php/auth/login,,
http_req_blocked,1753176935,0.000000,,,,true,,GET,https://opensource-demo.orangehrmlive.com/web/index.php/auth/login,HTTP/1.1,default,,200,,tls1.3,https://opensource-demo.orangehrmlive.com/web/index.php/auth/login,,
http_req_connecting,1753176935,0.000000,,,,true,,GET,https://opensource-demo.orangehrmlive.com/web/index.php/auth/login,HTTP/1.1,default,,200,,tls1.3,https://opensource-demo.orangehrmlive.com/web/index.php/auth/login,,
http_req_tls_handshaking,1753176935,0.000000,,,,true,,GET,https://opensource-demo.orangehrmlive.com/web/index.php/auth/login,HTTP/1.1,default,,200,,tls1.3,https://opensource-demo.orangehrmlive.com/web/index.php/auth/login,,
http_req_sending,1753176935,0.000000,,,,true,,GET,https://opensource-demo.orangehrmlive.com/web/index.php/auth/login,HTTP/1.1,default,,200,,tls1.3,https://opensource-demo.orangehrmlive.com/web/index.php/auth/login,,
http_req_waiting,1753176935,993.087500,,,,true,,GET,https://opensource-demo.orangehrmlive.com/web/index.php/auth/login,HTTP/1.1,default,,200,,tls1.3,https://opensource-demo.orangehrmlive.com/web/index.php/auth/login,,
http_req_receiving,1753176935,0.423000,,,,true,,GET,https://opensource-demo.orangehrmlive.com/web/index.php/auth/login,HTTP/1.1,default,,200,,tls1.3,https://opensource-demo.orangehrmlive.com/web/index.php/auth/login,,
http_req_failed,1753176935,0.000000,,,,true,,GET,https://opensource-demo.orangehrmlive.com/web/index.php/auth/login,HTTP/1.1,default,,200,,tls1.3,https://opensource-demo.orangehrmlive.com/web/index.php/auth/login,,
checks,1753176935,1.000000,status is 200 or redirect,,,,,,,,default,,,,,,,
checks,1753176935,1.000000,response is not empty,,,,,,,,default,,,,,,,
vus,1753176935,6.000000,,,,,,,,,,,,,,,,
vus_max,1753176935,10.000000,,,,,,,,,,,,,,,,
data_sent,1753176935,526.000000,,,,,,,,,default,,,,,,,
data_received,1753176935,7101.000000,,,,,,,,,default,,,,,,,
iteration_duration,1753176935,3146.156500,,,,,,,,,default,,,,,,,
iterations,1753176935,1.000000,,,,,,,,,default,,,,,,,
total_iterations,1753176935,1.000000,,,,,,,,,default,,,,,,,
data_sent,1753176935,535.000000,,,,,,,,,default,,,,,,,
data_received,1753176935,7111.000000,,,,,,,,,default,,,,,,,
iteration_duration,1753176935,2324.098500,,,,,,,,,default,,,,,,,
iterations,1753176935,1.000000,,,,,,,,,default,,,,,,,
total_iterations,1753176935,1.000000,,,,,,,,,default,,,,,,,
http_reqs,1753176935,1.000000,,,,true,,POST,https://opensource-demo.orangehrmlive.com/web/index.php/auth/validate,HTTP/1.1,default,,302,,tls1.3,https://opensource-demo.orangehrmlive.com/web/index.php/auth/validate,,
http_req_duration,1753176935,750.319500,,,,true,,POST,https://opensource-demo.orangehrmlive.com/web/index.php/auth/validate,HTTP/1.1,default,,302,,tls1.3,https://opensource-demo.orangehrmlive.com/web/index.php/auth/validate,,
http_req_blocked,1753176935,209.641100,,,,true,,POST,https://opensource-demo.orangehrmlive.com/web/index.php/auth/validate,HTTP/1.1,default,,302,,tls1.3,https://opensource-demo.orangehrmlive.com/web/index.php/auth/validate,,
http_req_connecting,1753176935,97.614000,,,,true,,POST,https://opensource-demo.orangehrmlive.com/web/index.php/auth/validate,HTTP/1.1,default,,302,,tls1.3,https://opensource-demo.orangehrmlive.com/web/index.php/auth/validate,,
http_req_tls_handshaking,1753176935,112.027100,,,,true,,POST,https://opensource-demo.orangehrmlive.com/web/index.php/auth/validate,HTTP/1.1,default,,302,,tls1.3,https://opensource-demo.orangehrmlive.com/web/index.php/auth/validate,,
http_req_sending,1753176935,0.000000,,,,true,,POST,https://opensource-demo.orangehrmlive.com/web/index.php/auth/validate,HTTP/1.1,default,,302,,tls1.3,https://opensource-demo.orangehrmlive.com/web/index.php/auth/validate,,
http_req_waiting,1753176935,750.319500,,,,true,,POST,https://opensource-demo.orangehrmlive.com/web/index.php/auth/validate,HTTP/1.1,default,,302,,tls1.3,https://opensource-demo.orangehrmlive.com/web/index.php/auth/validate,,
http_req_receiving,1753176935,0.000000,,,,true,,POST,https://opensource-demo.orangehrmlive.com/web/index.php/auth/validate,HTTP/1.1,default,,302,,tls1.3,https://opensource-demo.orangehrmlive.com/web/index.php/auth/validate,,
http_req_failed,1753176935,0.000000,,,,true,,POST,https://opensource-demo.orangehrmlive.com/web/index.php/auth/validate,HTTP/1.1,default,,302,,tls1.3,https://opensource-demo.orangehrmlive.com/web/index.php/auth/validate,,
http_reqs,1753176935,1.000000,,,,true,,GET,https://opensource-demo.orangehrmlive.com/web/index.php/auth/login,HTTP/1.1,default,,200,,tls1.3,https://opensource-demo.orangehrmlive.com/web/index.php/auth/login,,
http_req_duration,1753176935,1074.388400,,,,true,,GET,https://opensource-demo.orangehrmlive.com/web/index.php/auth/login,HTTP/1.1,default,,200,,tls1.3,https://opensource-demo.orangehrmlive.com/web/index.php/auth/login,,
http_req_blocked,1753176935,0.000000,,,,true,,GET,https://opensource-demo.orangehrmlive.com/web/index.php/auth/login,HTTP/1.1,default,,200,,tls1.3,https://opensource-demo.orangehrmlive.com/web/index.php/auth/login,,
http_req_connecting,1753176935,0.000000,,,,true,,GET,https://opensource-demo.orangehrmlive.com/web/index.php/auth/login,HTTP/1.1,default,,200,,tls1.3,https://opensource-demo.orangehrmlive.com/web/index.php/auth/login,,
http_req_tls_handshaking,1753176935,0.000000,,,,true,,GET,https://opensource-demo.orangehrmlive.com/web/index.php/auth/login,HTTP/1.1,default,,200,,tls1.3,https://opensource-demo.orangehrmlive.com/web/index.php/auth/login,,
http_req_sending,1753176935,0.000000,,,,true,,GET,https://opensource-demo.orangehrmlive.com/web/index.php/auth/login,HTTP/1.1,default,,200,,tls1.3,https://opensource-demo.orangehrmlive.com/web/index.php/auth/login,,
http_req_waiting,1753176935,1074.388400,,,,true,,GET,https://opensource-demo.orangehrmlive.com/web/index.php/auth/login,HTTP/1.1,default,,200,,tls1.3,https://opensource-demo.orangehrmlive.com/web/index.php/auth/login,,
http_req_receiving,1753176935,0.000000,,,,true,,GET,https://opensource-demo.orangehrmlive.com/web/index.php/auth/login,HTTP/1.1,default,,200,,tls1.3,https://opensource-demo.orangehrmlive.com/web/index.php/auth/login,,
http_req_failed,1753176935,0.000000,,,,true,,GET,https://opensource-demo.orangehrmlive.com/web/index.php/auth/login,HTTP/1.1,default,,200,,tls1.3,https://opensource-demo.orangehrmlive.com/web/index.php/auth/login,,
checks,1753176935,1.000000,status is 200 or redirect,,,,,,,,default,,,,,,,
checks,1753176935,1.000000,response is not empty,,,,,,,,default,,,,,,,
data_sent,1753176935,897.000000,,,,,,,,,default,,,,,,,
data_received,1753176935,11616.000000,,,,,,,,,default,,,,,,,
iteration_duration,1753176935,3244.272700,,,,,,,,,default,,,,,,,
iterations,1753176935,1.000000,,,,,,,,,default,,,,,,,
total_iterations,1753176935,1.000000,,,,,,,,,default,,,,,,,
total_iterations,1753176936,1.000000,,,,,,,,,default,,,,,,,
data_sent,1753176936,526.000000,,,,,,,,,default,,,,,,,
data_received,1753176936,7117.000000,,,,,,,,,default,,,,,,,
iteration_duration,1753176936,3043.257400,,,,,,,,,default,,,,,,,
iterations,1753176936,1.000000,,,,,,,,,default,,,,,,,
total_iterations,1753176936,1.000000,,,,,,,,,default,,,,,,,
http_reqs,1753176936,1.000000,,,,true,,POST,https://opensource-demo.orangehrmlive.com/web/index.php/auth/validate,HTTP/1.1,default,,302,,tls1.3,https://opensource-demo.orangehrmlive.com/web/index.php/auth/validate,,
http_req_duration,1753176936,897.095500,,,,true,,POST,https://opensource-demo.orangehrmlive.com/web/index.php/auth/validate,HTTP/1.1,default,,302,,tls1.3,https://opensource-demo.orangehrmlive.com/web/index.php/auth/validate,,
http_req_blocked,1753176936,0.000000,,,,true,,POST,https://opensource-demo.orangehrmlive.com/web/index.php/auth/validate,HTTP/1.1,default,,302,,tls1.3,https://opensource-demo.orangehrmlive.com/web/index.php/auth/validate,,
http_req_connecting,1753176936,0.000000,,,,true,,POST,https://opensource-demo.orangehrmlive.com/web/index.php/auth/validate,HTTP/1.1,default,,302,,tls1.3,https://opensource-demo.orangehrmlive.com/web/index.php/auth/validate,,
http_req_tls_handshaking,1753176936,0.000000,,,,true,,POST,https://opensource-demo.orangehrmlive.com/web/index.php/auth/validate,HTTP/1.1,default,,302,,tls1.3,https://opensource-demo.orangehrmlive.com/web/index.php/auth/validate,,
http_req_sending,1753176936,0.000000,,,,true,,POST,https://opensource-demo.orangehrmlive.com/web/index.php/auth/validate,HTTP/1.1,default,,302,,tls1.3,https://opensource-demo.orangehrmlive.com/web/index.php/auth/validate,,
http_req_waiting,1753176936,897.095500,,,,true,,POST,https://opensource-demo.orangehrmlive.com/web/index.php/auth/validate,HTTP/1.1,default,,302,,tls1.3,https://opensource-demo.orangehrmlive.com/web/index.php/auth/validate,,
http_req_receiving,1753176936,0.000000,,,,true,,POST,https://opensource-demo.orangehrmlive.com/web/index.php/auth/validate,HTTP/1.1,default,,302,,tls1.3,https://opensource-demo.orangehrmlive.com/web/index.php/auth/validate,,
http_req_failed,1753176936,0.000000,,,,true,,POST,https://opensource-demo.orangehrmlive.com/web/index.php/auth/validate,HTTP/1.1,default,,302,,tls1.3,https://opensource-demo.orangehrmlive.com/web/index.php/auth/validate,,
vus,1753176936,7.000000,,,,,,,,,,,,,,,,
vus_max,1753176936,10.000000,,,,,,,,,,,,,,,,
http_reqs,1753176936,1.000000,,,,true,,POST,https://opensource-demo.orangehrmlive.com/web/index.php/auth/validate,HTTP/1.1,default,,302,,tls1.3,https://opensource-demo.orangehrmlive.com/web/index.php/auth/validate,,
http_req_duration,1753176936,897.154900,,,,true,,POST,https://opensource-demo.orangehrmlive.com/web/index.php/auth/validate,HTTP/1.1,default,,302,,tls1.3,https://opensource-demo.orangehrmlive.com/web/index.php/auth/validate,,
http_req_blocked,1753176936,0.514700,,,,true,,POST,https://opensource-demo.orangehrmlive.com/web/index.php/auth/validate,HTTP/1.1,default,,302,,tls1.3,https://opensource-demo.orangehrmlive.com/web/index.php/auth/validate,,
http_req_connecting,1753176936,0.000000,,,,true,,POST,https://opensource-demo.orangehrmlive.com/web/index.php/auth/validate,HTTP/1.1,default,,302,,tls1.3,https://opensource-demo.orangehrmlive.com/web/index.php/auth/validate,,
http_req_tls_handshaking,1753176936,0.000000,,,,true,,POST,https://opensource-demo.orangehrmlive.com/web/index.php/auth/validate,HTTP/1.1,default,,302,,tls1.3,https://opensource-demo.orangehrmlive.com/web/index.php/auth/validate,,
http_req_sending,1753176936,0.000000,,,,true,,POST,https://opensource-demo.orangehrmlive.com/web/index.php/auth/validate,HTTP/1.1,default,,302,,tls1.3,https://opensource-demo.orangehrmlive.com/web/index.php/auth/validate,,
http_req_waiting,1753176936,897.154900,,,,true,,POST,https://opensource-demo.orangehrmlive.com/web/index.php/auth/validate,HTTP/1.1,default,,302,,tls1.3,https://opensource-demo.orangehrmlive.com/web/index.php/auth/validate,,
http_req_receiving,1753176936,0.000000,,,,true,,POST,https://opensource-demo.orangehrmlive.com/web/index.php/auth/validate,HTTP/1.1,default,,302,,tls1.3,https://opensource-demo.orangehrmlive.com/web/index.php/auth/validate,,
http_req_failed,1753176936,0.000000,,,,true,,POST,https://opensource-demo.orangehrmlive.com/web/index.php/auth/validate,HTTP/1.1,default,,302,,tls1.3,https://opensource-demo.orangehrmlive.com/web/index.php/auth/validate,,
http_reqs,1753176936,1.000000,,,,true,,POST,https://opensource-demo.orangehrmlive.com/web/index.php/auth/validate,HTTP/1.1,default,,302,,tls1.3,https://opensource-demo.orangehrmlive.com/web/index.php/auth/validate,,
http_req_duration,1753176936,891.620000,,,,true,,POST,https://opensource-demo.orangehrmlive.com/web/index.php/auth/validate,HTTP/1.1,default,,302,,tls1.3,https://opensource-demo.orangehrmlive.com/web/index.php/auth/validate,,
http_req_blocked,1753176936,0.000000,,,,true,,POST,https://opensource-demo.orangehrmlive.com/web/index.php/auth/validate,HTTP/1.1,default,,302,,tls1.3,https://opensource-demo.orangehrmlive.com/web/index.php/auth/validate,,
http_req_connecting,1753176936,0.000000,,,,true,,POST,https://opensource-demo.orangehrmlive.com/web/index.php/auth/validate,HTTP/1.1,default,,302,,tls1.3,https://opensource-demo.orangehrmlive.com/web/index.php/auth/validate,,
http_req_tls_handshaking,1753176936,0.000000,,,,true,,POST,https://opensource-demo.orangehrmlive.com/web/index.php/auth/validate,HTTP/1.1,default,,302,,tls1.3,https://opensource-demo.orangehrmlive.com/web/index.php/auth/validate,,
http_req_sending,1753176936,0.000000,,,,true,,POST,https://opensource-demo.orangehrmlive.com/web/index.php/auth/validate,HTTP/1.1,default,,302,,tls1.3,https://opensource-demo.orangehrmlive.com/web/index.php/auth/validate,,
http_req_waiting,1753176936,890.650400,,,,true,,POST,https://opensource-demo.orangehrmlive.com/web/index.php/auth/validate,HTTP/1.1,default,,302,,tls1.3,https://opensource-demo.orangehrmlive.com/web/index.php/auth/validate,,
http_req_receiving,1753176936,0.969600,,,,true,,POST,https://opensource-demo.orangehrmlive.com/web/index.php/auth/validate,HTTP/1.1,default,,302,,tls1.3,https://opensource-demo.orangehrmlive.com/web/index.php/auth/validate,,
http_req_failed,1753176936,0.000000,,,,true,,POST,https://opensource-demo.orangehrmlive.com/web/index.php/auth/validate,HTTP/1.1,default,,302,,tls1.3,https://opensource-demo.orangehrmlive.com/web/index.php/auth/validate,,
http_reqs,1753176936,1.000000,,,,true,,GET,https://opensource-demo.orangehrmlive.com/web/index.php/auth/login,HTTP/1.1,default,,200,,tls1.3,https://opensource-demo.orangehrmlive.com/web/index.php/auth/login,,
http_req_duration,1753176936,1002.933700,,,,true,,GET,https://opensource-demo.orangehrmlive.com/web/index.php/auth/login,HTTP/1.1,default,,200,,tls1.3,https://opensource-demo.orangehrmlive.com/web/index.php/auth/login,,
http_req_blocked,1753176936,0.000000,,,,true,,GET,https://opensource-demo.orangehrmlive.com/web/index.php/auth/login,HTTP/1.1,default,,200,,tls1.3,https://opensource-demo.orangehrmlive.com/web/index.php/auth/login,,
http_req_connecting,1753176936,0.000000,,,,true,,GET,https://opensource-demo.orangehrmlive.com/web/index.php/auth/login,HTTP/1.1,default,,200,,tls1.3,https://opensource-demo.orangehrmlive.com/web/index.php/auth/login,,
http_req_tls_handshaking,1753176936,0.000000,,,,true,,GET,https://opensource-demo.orangehrmlive.com/web/index.php/auth/login,HTTP/1.1,default,,200,,tls1.3,https://opensource-demo.orangehrmlive.com/web/index.php/auth/login,,
http_req_sending,1753176936,0.000000,,,,true,,GET,https://opensource-demo.orangehrmlive.com/web/index.php/auth/login,HTTP/1.1,default,,200,,tls1.3,https://opensource-demo.orangehrmlive.com/web/index.php/auth/login,,
http_req_waiting,1753176936,1002.933700,,,,true,,GET,https://opensource-demo.orangehrmlive.com/web/index.php/auth/login,HTTP/1.1,default,,200,,tls1.3,https://opensource-demo.orangehrmlive.com/web/index.php/auth/login,,
http_req_receiving,1753176936,0.000000,,,,true,,GET,https://opensource-demo.orangehrmlive.com/web/index.php/auth/login,HTTP/1.1,default,,200,,tls1.3,https://opensource-demo.orangehrmlive.com/web/index.php/auth/login,,
http_req_failed,1753176936,0.000000,,,,true,,GET,https://opensource-demo.orangehrmlive.com/web/index.php/auth/login,HTTP/1.1,default,,200,,tls1.3,https://opensource-demo.orangehrmlive.com/web/index.php/auth/login,,
checks,1753176936,1.000000,status is 200 or redirect,,,,,,,,default,,,,,,,
checks,1753176936,1.000000,response is not empty,,,,,,,,default,,,,,,,
data_sent,1753176936,903.000000,,,,,,,,,default,,,,,,,
data_received,1753176936,11599.000000,,,,,,,,,default,,,,,,,
iteration_duration,1753176936,3103.965400,,,,,,,,,default,,,,,,,
iterations,1753176936,1.000000,,,,,,,,,default,,,,,,,
total_iterations,1753176936,1.000000,,,,,,,,,default,,,,,,,
http_reqs,1753176937,1.000000,,,,true,,POST,https://opensource-demo.orangehrmlive.com/web/index.php/auth/validate,HTTP/1.1,default,,302,,tls1.3,https://opensource-demo.orangehrmlive.com/web/index.php/auth/validate,,
http_req_duration,1753176937,861.887800,,,,true,,POST,https://opensource-demo.orangehrmlive.com/web/index.php/auth/validate,HTTP/1.1,default,,302,,tls1.3,https://opensource-demo.orangehrmlive.com/web/index.php/auth/validate,,
http_req_blocked,1753176937,0.000000,,,,true,,POST,https://opensource-demo.orangehrmlive.com/web/index.php/auth/validate,HTTP/1.1,default,,302,,tls1.3,https://opensource-demo.orangehrmlive.com/web/index.php/auth/validate,,
http_req_connecting,1753176937,0.000000,,,,true,,POST,https://opensource-demo.orangehrmlive.com/web/index.php/auth/validate,HTTP/1.1,default,,302,,tls1.3,https://opensource-demo.orangehrmlive.com/web/index.php/auth/validate,,
http_req_tls_handshaking,1753176937,0.000000,,,,true,,POST,https://opensource-demo.orangehrmlive.com/web/index.php/auth/validate,HTTP/1.1,default,,302,,tls1.3,https://opensource-demo.orangehrmlive.com/web/index.php/auth/validate,,
http_req_sending,1753176937,0.792500,,,,true,,POST,https://opensource-demo.orangehrmlive.com/web/index.php/auth/validate,HTTP/1.1,default,,302,,tls1.3,https://opensource-demo.orangehrmlive.com/web/index.php/auth/validate,,
http_req_waiting,1753176937,861.095300,,,,true,,POST,https://opensource-demo.orangehrmlive.com/web/index.php/auth/validate,HTTP/1.1,default,,302,,tls1.3,https://opensource-demo.orangehrmlive.com/web/index.php/auth/validate,,
http_req_receiving,1753176937,0.000000,,,,true,,POST,https://opensource-demo.orangehrmlive.com/web/index.php/auth/validate,HTTP/1.1,default,,302,,tls1.3,https://opensource-demo.orangehrmlive.com/web/index.php/auth/validate,,
http_req_failed,1753176937,0.000000,,,,true,,POST,https://opensource-demo.orangehrmlive.com/web/index.php/auth/validate,HTTP/1.1,default,,302,,tls1.3,https://opensource-demo.orangehrmlive.com/web/index.php/auth/validate,,
http_reqs,1753176937,1.000000,,,,true,,POST,https://opensource-demo.orangehrmlive.com/web/index.php/auth/validate,HTTP/1.1,default,,302,,tls1.3,https://opensource-demo.orangehrmlive.com/web/index.php/auth/validate,,
http_req_duration,1753176937,810.454800,,,,true,,POST,https://opensource-demo.orangehrmlive.com/web/index.php/auth/validate,HTTP/1.1,default,,302,,tls1.3,https://opensource-demo.orangehrmlive.com/web/index.php/auth/validate,,
http_req_blocked,1753176937,207.064000,,,,true,,POST,https://opensource-demo.orangehrmlive.com/web/index.php/auth/validate,HTTP/1.1,default,,302,,tls1.3,https://opensource-demo.orangehrmlive.com/web/index.php/auth/validate,,
http_req_connecting,1753176937,97.624600,,,,true,,POST,https://opensource-demo.orangehrmlive.com/web/index.php/auth/validate,HTTP/1.1,default,,302,,tls1.3,https://opensource-demo.orangehrmlive.com/web/index.php/auth/validate,,
http_req_tls_handshaking,1753176937,109.439400,,,,true,,POST,https://opensource-demo.orangehrmlive.com/web/index.php/auth/validate,HTTP/1.1,default,,302,,tls1.3,https://opensource-demo.orangehrmlive.com/web/index.php/auth/validate,,
http_req_sending,1753176937,0.000000,,,,true,,POST,https://opensource-demo.orangehrmlive.com/web/index.php/auth/validate,HTTP/1.1,default,,302,,tls1.3,https://opensource-demo.orangehrmlive.com/web/index.php/auth/validate,,
http_req_waiting,1753176937,810.095500,,,,true,,POST,https://opensource-demo.orangehrmlive.com/web/index.php/auth/validate,HTTP/1.1,default,,302,,tls1.3,https://opensource-demo.orangehrmlive.com/web/index.php/auth/validate,,
http_req_receiving,1753176937,0.359300,,,,true,,POST,https://opensource-demo.orangehrmlive.com/web/index.php/auth/validate,HTTP/1.1,default,,302,,tls1.3,https://opensource-demo.orangehrmlive.com/web/index.php/auth/validate,,
http_req_failed,1753176937,0.000000,,,,true,,POST,https://opensource-demo.orangehrmlive.com/web/index.php/auth/validate,HTTP/1.1,default,,302,,tls1.3,https://opensource-demo.orangehrmlive.com/web/index.php/auth/validate,,
total_iterations,1753176937,1.000000,,,,,,,,,default,,,,,,,
http_reqs,1753176937,1.000000,,,,true,,GET,https://opensource-demo.orangehrmlive.com/web/index.php/auth/login,HTTP/1.1,default,,200,,tls1.3,https://opensource-demo.orangehrmlive.com/web/index.php/auth/login,,
http_req_duration,1753176937,515.158700,,,,true,,GET,https://opensource-demo.orangehrmlive.com/web/index.php/auth/login,HTTP/1.1,default,,200,,tls1.3,https://opensource-demo.orangehrmlive.com/web/index.php/auth/login,,
http_req_blocked,1753176937,0.000000,,,,true,,GET,https://opensource-demo.orangehrmlive.com/web/index.php/auth/login,HTTP/1.1,default,,200,,tls1.3,https://opensource-demo.orangehrmlive.com/web/index.php/auth/login,,
http_req_connecting,1753176937,0.000000,,,,true,,GET,https://opensource-demo.orangehrmlive.com/web/index.php/auth/login,HTTP/1.1,default,,200,,tls1.3,https://opensource-demo.orangehrmlive.com/web/index.php/auth/login,,
http_req_tls_handshaking,1753176937,0.000000,,,,true,,GET,https://opensource-demo.orangehrmlive.com/web/index.php/auth/login,HTTP/1.1,default,,200,,tls1.3,https://opensource-demo.orangehrmlive.com/web/index.php/auth/login,,
http_req_sending,1753176937,0.000000,,,,true,,GET,https://opensource-demo.orangehrmlive.com/web/index.php/auth/login,HTTP/1.1,default,,200,,tls1.3,https://opensource-demo.orangehrmlive.com/web/index.php/auth/login,,
http_req_waiting,1753176937,515.158700,,,,true,,GET,https://opensource-demo.orangehrmlive.com/web/index.php/auth/login,HTTP/1.1,default,,200,,tls1.3,https://opensource-demo.orangehrmlive.com/web/index.php/auth/login,,
http_req_receiving,1753176937,0.000000,,,,true,,GET,https://opensource-demo.orangehrmlive.com/web/index.php/auth/login,HTTP/1.1,default,,200,,tls1.3,https://opensource-demo.orangehrmlive.com/web/index.php/auth/login,,
http_req_failed,1753176937,0.000000,,,,true,,GET,https://opensource-demo.orangehrmlive.com/web/index.php/auth/login,HTTP/1.1,default,,200,,tls1.3,https://opensource-demo.orangehrmlive.com/web/index.php/auth/login,,
checks,1753176937,1.000000,status is 200 or redirect,,,,,,,,default,,,,,,,
checks,1753176937,1.000000,response is not empty,,,,,,,,default,,,,,,,
vus,1753176937,8.000000,,,,,,,,,,,,,,,,
vus_max,1753176937,10.000000,,,,,,,,,,,,,,,,
http_reqs,1753176937,1.000000,,,,true,,GET,https://opensource-demo.orangehrmlive.com/web/index.php/auth/login,HTTP/1.1,default,,200,,tls1.3,https://opensource-demo.orangehrmlive.com/web/index.php/auth/login,,
http_req_duration,1753176937,1143.434700,,,,true,,GET,https://opensource-demo.orangehrmlive.com/web/index.php/auth/login,HTTP/1.1,default,,200,,tls1.3,https://opensource-demo.orangehrmlive.com/web/index.php/auth/login,,
http_req_blocked,1753176937,0.000000,,,,true,,GET,https://opensource-demo.orangehrmlive.com/web/index.php/auth/login,HTTP/1.1,default,,200,,tls1.3,https://opensource-demo.orangehrmlive.com/web/index.php/auth/login,,
http_req_connecting,1753176937,0.000000,,,,true,,GET,https://opensource-demo.orangehrmlive.com/web/index.php/auth/login,HTTP/1.1,default,,200,,tls1.3,https://opensource-demo.orangehrmlive.com/web/index.php/auth/login,,
http_req_tls_handshaking,1753176937,0.000000,,,,true,,GET,https://opensource-demo.orangehrmlive.com/web/index.php/auth/login,HTTP/1.1,default,,200,,tls1.3,https://opensource-demo.orangehrmlive.com/web/index.php/auth/login,,
http_req_sending,1753176937,0.000000,,,,true,,GET,https://opensource-demo.orangehrmlive.com/web/index.php/auth/login,HTTP/1.1,default,,200,,tls1.3,https://opensource-demo.orangehrmlive.com/web/index.php/auth/login,,
http_req_waiting,1753176937,1142.446400,,,,true,,GET,https://opensource-demo.orangehrmlive.com/web/index.php/auth/login,HTTP/1.1,default,,200,,tls1.3,https://opensource-demo.orangehrmlive.com/web/index.php/auth/login,,
http_req_receiving,1753176937,0.988300,,,,true,,GET,https://opensource-demo.orangehrmlive.com/web/index.php/auth/login,HTTP/1.1,default,,200,,tls1.3,https://opensource-demo.orangehrmlive.com/web/index.php/auth/login,,
http_req_failed,1753176937,0.000000,,,,true,,GET,https://opensource-demo.orangehrmlive.com/web/index.php/auth/login,HTTP/1.1,default,,200,,tls1.3,https://opensource-demo.orangehrmlive.com/web/index.php/auth/login,,
checks,1753176937,1.000000,status is 200 or redirect,,,,,,,,default,,,,,,,
checks,1753176937,1.000000,response is not empty,,,,,,,,default,,,,,,,
http_reqs,1753176937,1.000000,,,,true,,POST,https://opensource-demo.orangehrmlive.com/web/index.php/auth/validate,HTTP/1.1,default,,302,,tls1.3,https://opensource-demo.orangehrmlive.com/web/index.php/auth/validate,,
http_req_duration,1753176937,913.315800,,,,true,,POST,https://opensource-demo.orangehrmlive.com/web/index.php/auth/validate,HTTP/1.1,default,,302,,tls1.3,https://opensource-demo.orangehrmlive.com/web/index.php/auth/validate,,
http_req_blocked,1753176937,0.000000,,,,true,,POST,https://opensource-demo.orangehrmlive.com/web/index.php/auth/validate,HTTP/1.1,default,,302,,tls1.3,https://opensource-demo.orangehrmlive.com/web/index.php/auth/validate,,
http_req_connecting,1753176937,0.000000,,,,true,,POST,https://opensource-demo.orangehrmlive.com/web/index.php/auth/validate,HTTP/1.1,default,,302,,tls1.3,https://opensource-demo.orangehrmlive.com/web/index.php/auth/validate,,
http_req_tls_handshaking,1753176937,0.000000,,,,true,,POST,https://opensource-demo.orangehrmlive.com/web/index.php/auth/validate,HTTP/1.1,default,,302,,tls1.3,https://opensource-demo.orangehrmlive.com/web/index.php/auth/validate,,
http_req_sending,1753176937,0.000000,,,,true,,POST,https://opensource-demo.orangehrmlive.com/web/index.php/auth/validate,HTTP/1.1,default,,302,,tls1.3,https://opensource-demo.orangehrmlive.com/web/index.php/auth/validate,,
http_req_waiting,1753176937,913.315800,,,,true,,POST,https://opensource-demo.orangehrmlive.com/web/index.php/auth/validate,HTTP/1.1,default,,302,,tls1.3,https://opensource-demo.orangehrmlive.com/web/index.php/auth/validate,,
http_req_receiving,1753176937,0.000000,,,,true,,POST,https://opensource-demo.orangehrmlive.com/web/index.php/auth/validate,HTTP/1.1,default,,302,,tls1.3,https://opensource-demo.orangehrmlive.com/web/index.php/auth/validate,,
http_req_failed,1753176937,0.000000,,,,true,,POST,https://opensource-demo.orangehrmlive.com/web/index.php/auth/validate,HTTP/1.1,default,,302,,tls1.3,https://opensource-demo.orangehrmlive.com/web/index.php/auth/validate,,
http_reqs,1753176937,1.000000,,,,true,,GET,https://opensource-demo.orangehrmlive.com/web/index.php/auth/login,HTTP/1.1,default,,200,,tls1.3,https://opensource-demo.orangehrmlive.com/web/index.php/auth/login,,
http_req_duration,1753176937,1126.117000,,,,true,,GET,https://opensource-demo.orangehrmlive.com/web/index.php/auth/login,HTTP/1.1,default,,200,,tls1.3,https://opensource-demo.orangehrmlive.com/web/index.php/auth/login,,
http_req_blocked,1753176937,0.000000,,,,true,,GET,https://opensource-demo.orangehrmlive.com/web/index.php/auth/login,HTTP/1.1,default,,200,,tls1.3,https://opensource-demo.orangehrmlive.com/web/index.php/auth/login,,
http_req_connecting,1753176937,0.000000,,,,true,,GET,https://opensource-demo.orangehrmlive.com/web/index.php/auth/login,HTTP/1.1,default,,200,,tls1.3,https://opensource-demo.orangehrmlive.com/web/index.php/auth/login,,
http_req_tls_handshaking,1753176937,0.000000,,,,true,,GET,https://opensource-demo.orangehrmlive.com/web/index.php/auth/login,HTTP/1.1,default,,200,,tls1.3,https://opensource-demo.orangehrmlive.com/web/index.php/auth/login,,
http_req_sending,1753176937,0.000000,,,,true,,GET,https://opensource-demo.orangehrmlive.com/web/index.php/auth/login,HTTP/1.1,default,,200,,tls1.3,https://opensource-demo.orangehrmlive.com/web/index.php/auth/login,,
http_req_waiting,1753176937,1125.262100,,,,true,,GET,https://opensource-demo.orangehrmlive.com/web/index.php/auth/login,HTTP/1.1,default,,200,,tls1.3,https://opensource-demo.orangehrmlive.com/web/index.php/auth/login,,
http_req_receiving,1753176937,0.854900,,,,true,,GET,https://opensource-demo.orangehrmlive.com/web/index.php/auth/login,HTTP/1.1,default,,200,,tls1.3,https://opensource-demo.orangehrmlive.com/web/index.php/auth/login,,
http_req_failed,1753176937,0.000000,,,,true,,GET,https://opensource-demo.orangehrmlive.com/web/index.php/auth/login,HTTP/1.1,default,,200,,tls1.3,https://opensource-demo.orangehrmlive.com/web/index.php/auth/login,,
checks,1753176937,1.000000,status is 200 or redirect,,,,,,,,default,,,,,,,
checks,1753176937,1.000000,response is not empty,,,,,,,,default,,,,,,,
http_reqs,1753176937,1.000000,,,,true,,GET,https://opensource-demo.orangehrmlive.com/web/index.php/auth/login,HTTP/1.1,default,,200,,tls1.3,https://opensource-demo.orangehrmlive.com/web/index.php/auth/login,,
http_req_duration,1753176937,827.317200,,,,true,,GET,https://opensource-demo.orangehrmlive.com/web/index.php/auth/login,HTTP/1.1,default,,200,,tls1.3,https://opensource-demo.orangehrmlive.com/web/index.php/auth/login,,
http_req_blocked,1753176937,0.000000,,,,true,,GET,https://opensource-demo.orangehrmlive.com/web/index.php/auth/login,HTTP/1.1,default,,200,,tls1.3,https://opensource-demo.orangehrmlive.com/web/index.php/auth/login,,
http_req_connecting,1753176937,0.000000,,,,true,,GET,https://opensource-demo.orangehrmlive.com/web/index.php/auth/login,HTTP/1.1,default,,200,,tls1.3,https://opensource-demo.orangehrmlive.com/web/index.php/auth/login,,
http_req_tls_handshaking,1753176937,0.000000,,,,true,,GET,https://opensource-demo.orangehrmlive.com/web/index.php/auth/login,HTTP/1.1,default,,200,,tls1.3,https://opensource-demo.orangehrmlive.com/web/index.php/auth/login,,
http_req_sending,1753176937,0.000000,,,,true,,GET,https://opensource-demo.orangehrmlive.com/web/index.php/auth/login,HTTP/1.1,default,,200,,tls1.3,https://opensource-demo.orangehrmlive.com/web/index.php/auth/login,,
http_req_waiting,1753176937,826.793000,,,,true,,GET,https://opensource-demo.orangehrmlive.com/web/index.php/auth/login,HTTP/1.1,default,,200,,tls1.3,https://opensource-demo.orangehrmlive.com/web/index.php/auth/login,,
http_req_receiving,1753176937,0.524200,,,,true,,GET,https://opensource-demo.orangehrmlive.com/web/index.php/auth/login,HTTP/1.1,default,,200,,tls1.3,https://opensource-demo.orangehrmlive.com/web/index.php/auth/login,,
http_req_failed,1753176937,0.000000,,,,true,,GET,https://opensource-demo.orangehrmlive.com/web/index.php/auth/login,HTTP/1.1,default,,200,,tls1.3,https://opensource-demo.orangehrmlive.com/web/index.php/auth/login,,
checks,1753176937,1.000000,status is 200 or redirect,,,,,,,,default,,,,,,,
checks,1753176937,1.000000,response is not empty,,,,,,,,default,,,,,,,
data_sent,1753176937,897.000000,,,,,,,,,default,,,,,,,
data_received,1753176937,11622.000000,,,,,,,,,default,,,,,,,
iteration_duration,1753176937,2963.983100,,,,,,,,,default,,,,,,,
iterations,1753176937,1.000000,,,,,,,,,default,,,,,,,
total_iterations,1753176937,1.000000,,,,,,,,,default,,,,,,,
http_reqs,1753176938,1.000000,,,,true,,GET,https://opensource-demo.orangehrmlive.com/web/index.php/auth/login,HTTP/1.1,default,,200,,tls1.3,https://opensource-demo.orangehrmlive.com/web/index.php/auth/login,,
http_req_duration,1753176938,1004.389300,,,,true,,GET,https://opensource-demo.orangehrmlive.com/web/index.php/auth/login,HTTP/1.1,default,,200,,tls1.3,https://opensource-demo.orangehrmlive.com/web/index.php/auth/login,,
http_req_blocked,1753176938,0.000000,,,,true,,GET,https://opensource-demo.orangehrmlive.com/web/index.php/auth/login,HTTP/1.1,default,,200,,tls1.3,https://opensource-demo.orangehrmlive.com/web/index.php/auth/login,,
http_req_connecting,1753176938,0.000000,,,,true,,GET,https://opensource-demo.orangehrmlive.com/web/index.php/auth/login,HTTP/1.1,default,,200,,tls1.3,https://opensource-demo.orangehrmlive.com/web/index.php/auth/login,,
http_req_tls_handshaking,1753176938,0.000000,,,,true,,GET,https://opensource-demo.orangehrmlive.com/web/index.php/auth/login,HTTP/1.1,default,,200,,tls1.3,https://opensource-demo.orangehrmlive.com/web/index.php/auth/login,,
http_req_sending,1753176938,0.000000,,,,true,,GET,https://opensource-demo.orangehrmlive.com/web/index.php/auth/login,HTTP/1.1,default,,200,,tls1.3,https://opensource-demo.orangehrmlive.com/web/index.php/auth/login,,
http_req_waiting,1753176938,1004.389300,,,,true,,GET,https://opensource-demo.orangehrmlive.com/web/index.php/auth/login,HTTP/1.1,default,,200,,tls1.3,https://opensource-demo.orangehrmlive.com/web/index.php/auth/login,,
http_req_receiving,1753176938,0.000000,,,,true,,GET,https://opensource-demo.orangehrmlive.com/web/index.php/auth/login,HTTP/1.1,default,,200,,tls1.3,https://opensource-demo.orangehrmlive.com/web/index.php/auth/login,,
http_req_failed,1753176938,0.000000,,,,true,,GET,https://opensource-demo.orangehrmlive.com/web/index.php/auth/login,HTTP/1.1,default,,200,,tls1.3,https://opensource-demo.orangehrmlive.com/web/index.php/auth/login,,
checks,1753176938,1.000000,status is 200 or redirect,,,,,,,,default,,,,,,,
checks,1753176938,1.000000,response is not empty,,,,,,,,default,,,,,,,
http_reqs,1753176938,1.000000,,,,true,,POST,https://opensource-demo.orangehrmlive.com/web/index.php/auth/validate,HTTP/1.1,default,,302,,tls1.3,https://opensource-demo.orangehrmlive.com/web/index.php/auth/validate,,
http_req_duration,1753176938,849.902800,,,,true,,POST,https://opensource-demo.orangehrmlive.com/web/index.php/auth/validate,HTTP/1.1,default,,302,,tls1.3,https://opensource-demo.orangehrmlive.com/web/index.php/auth/validate,,
http_req_blocked,1753176938,208.126100,,,,true,,POST,https://opensource-demo.orangehrmlive.com/web/index.php/auth/validate,HTTP/1.1,default,,302,,tls1.3,https://opensource-demo.orangehrmlive.com/web/index.php/auth/validate,,
http_req_connecting,1753176938,97.496900,,,,true,,POST,https://opensource-demo.orangehrmlive.com/web/index.php/auth/validate,HTTP/1.1,default,,302,,tls1.3,https://opensource-demo.orangehrmlive.com/web/index.php/auth/validate,,
http_req_tls_handshaking,1753176938,110.629200,,,,true,,POST,https://opensource-demo.orangehrmlive.com/web/index.php/auth/validate,HTTP/1.1,default,,302,,tls1.3,https://opensource-demo.orangehrmlive.com/web/index.php/auth/validate,,
http_req_sending,1753176938,0.000000,,,,true,,POST,https://opensource-demo.orangehrmlive.com/web/index.php/auth/validate,HTTP/1.1,default,,302,,tls1.3,https://opensource-demo.orangehrmlive.com/web/index.php/auth/validate,,
http_req_waiting,1753176938,849.591400,,,,true,,POST,https://opensource-demo.orangehrmlive.com/web/index.php/auth/validate,HTTP/1.1,default,,302,,tls1.3,https://opensource-demo.orangehrmlive.com/web/index.php/auth/validate,,
http_req_receiving,1753176938,0.311400,,,,true,,POST,https://opensource-demo.orangehrmlive.com/web/index.php/auth/validate,HTTP/1.1,default,,302,,tls1.3,https://opensource-demo.orangehrmlive.com/web/index.php/auth/validate,,
http_req_failed,1753176938,0.000000,,,,true,,POST,https://opensource-demo.orangehrmlive.com/web/index.php/auth/validate,HTTP/1.1,default,,302,,tls1.3,https://opensource-demo.orangehrmlive.com/web/index.php/auth/validate,,
total_iterations,1753176938,1.000000,,,,,,,,,default,,,,,,,
data_sent,1753176938,529.000000,,,,,,,,,default,,,,,,,
data_received,1753176938,7126.000000,,,,,,,,,default,,,,,,,
iteration_duration,1753176938,2408.042900,,,,,,,,,default,,,,,,,
iterations,1753176938,1.000000,,,,,,,,,default,,,,,,,
total_iterations,1753176938,1.000000,,,,,,,,,default,,,,,,,
vus,1753176938,9.000000,,,,,,,,,,,,,,,,
vus_max,1753176938,10.000000,,,,,,,,,,,,,,,,
data_sent,1753176938,532.000000,,,,,,,,,default,,,,,,,
data_received,1753176938,7118.000000,,,,,,,,,default,,,,,,,
iteration_duration,1753176938,3041.450800,,,,,,,,,default,,,,,,,
iterations,1753176938,1.000000,,,,,,,,,default,,,,,,,
total_iterations,1753176938,1.000000,,,,,,,,,default,,,,,,,
http_reqs,1753176938,1.000000,,,,true,,GET,https://opensource-demo.orangehrmlive.com/web/index.php/auth/login,HTTP/1.1,default,,200,,tls1.3,https://opensource-demo.orangehrmlive.com/web/index.php/auth/login,,
http_req_duration,1753176938,649.610600,,,,true,,GET,https://opensource-demo.orangehrmlive.com/web/index.php/auth/login,HTTP/1.1,default,,200,,tls1.3,https://opensource-demo.orangehrmlive.com/web/index.php/auth/login,,
http_req_blocked,1753176938,0.000000,,,,true,,GET,https://opensource-demo.orangehrmlive.com/web/index.php/auth/login,HTTP/1.1,default,,200,,tls1.3,https://opensource-demo.orangehrmlive.com/web/index.php/auth/login,,
http_req_connecting,1753176938,0.000000,,,,true,,GET,https://opensource-demo.orangehrmlive.com/web/index.php/auth/login,HTTP/1.1,default,,200,,tls1.3,https://opensource-demo.orangehrmlive.com/web/index.php/auth/login,,
http_req_tls_handshaking,1753176938,0.000000,,,,true,,GET,https://opensource-demo.orangehrmlive.com/web/index.php/auth/login,HTTP/1.1,default,,200,,tls1.3,https://opensource-demo.orangehrmlive.com/web/index.php/auth/login,,
http_req_sending,1753176938,0.000000,,,,true,,GET,https://opensource-demo.orangehrmlive.com/web/index.php/auth/login,HTTP/1.1,default,,200,,tls1.3,https://opensource-demo.orangehrmlive.com/web/index.php/auth/login,,
http_req_waiting,1753176938,649.235800,,,,true,,GET,https://opensource-demo.orangehrmlive.com/web/index.php/auth/login,HTTP/1.1,default,,200,,tls1.3,https://opensource-demo.orangehrmlive.com/web/index.php/auth/login,,
http_req_receiving,1753176938,0.374800,,,,true,,GET,https://opensource-demo.orangehrmlive.com/web/index.php/auth/login,HTTP/1.1,default,,200,,tls1.3,https://opensource-demo.orangehrmlive.com/web/index.php/auth/login,,
http_req_failed,1753176938,0.000000,,,,true,,GET,https://opensource-demo.orangehrmlive.com/web/index.php/auth/login,HTTP/1.1,default,,200,,tls1.3,https://opensource-demo.orangehrmlive.com/web/index.php/auth/login,,
checks,1753176938,1.000000,status is 200 or redirect,,,,,,,,default,,,,,,,
checks,1753176938,1.000000,response is not empty,,,,,,,,default,,,,,,,
http_reqs,1753176938,1.000000,,,,true,,POST,https://opensource-demo.orangehrmlive.com/web/index.php/auth/validate,HTTP/1.1,default,,302,,tls1.3,https://opensource-demo.orangehrmlive.com/web/index.php/auth/validate,,
http_req_duration,1753176938,898.543700,,,,true,,POST,https://opensource-demo.orangehrmlive.com/web/index.php/auth/validate,HTTP/1.1,default,,302,,tls1.3,https://opensource-demo.orangehrmlive.com/web/index.php/auth/validate,,
http_req_blocked,1753176938,0.000000,,,,true,,POST,https://opensource-demo.orangehrmlive.com/web/index.php/auth/validate,HTTP/1.1,default,,302,,tls1.3,https://opensource-demo.orangehrmlive.com/web/index.php/auth/validate,,
http_req_connecting,1753176938,0.000000,,,,true,,POST,https://opensource-demo.orangehrmlive.com/web/index.php/auth/validate,HTTP/1.1,default,,302,,tls1.3,https://opensource-demo.orangehrmlive.com/web/index.php/auth/validate,,
http_req_tls_handshaking,1753176938,0.000000,,,,true,,POST,https://opensource-demo.orangehrmlive.com/web/index.php/auth/validate,HTTP/1.1,default,,302,,tls1.3,https://opensource-demo.orangehrmlive.com/web/index.php/auth/validate,,
http_req_sending,1753176938,0.778700,,,,true,,POST,https://opensource-demo.orangehrmlive.com/web/index.php/auth/validate,HTTP/1.1,default,,302,,tls1.3,https://opensource-demo.orangehrmlive.com/web/index.php/auth/validate,,
http_req_waiting,1753176938,897.134100,,,,true,,POST,https://opensource-demo.orangehrmlive.com/web/index.php/auth/validate,HTTP/1.1,default,,302,,tls1.3,https://opensource-demo.orangehrmlive.com/web/index.php/auth/validate,,
http_req_receiving,1753176938,0.630900,,,,true,,POST,https://opensource-demo.orangehrmlive.com/web/index.php/auth/validate,HTTP/1.1,default,,302,,tls1.3,https://opensource-demo.orangehrmlive.com/web/index.php/auth/validate,,
http_req_failed,1753176938,0.000000,,,,true,,POST,https://opensource-demo.orangehrmlive.com/web/index.php/auth/validate,HTTP/1.1,default,,302,,tls1.3,https://opensource-demo.orangehrmlive.com/web/index.php/auth/validate,,
data_sent,1753176938,526.000000,,,,,,,,,default,,,,,,,
data_received,1753176938,7126.000000,,,,,,,,,default,,,,,,,
iteration_duration,1753176938,3024.637300,,,,,,,,,default,,,,,,,
iterations,1753176938,1.000000,,,,,,,,,default,,,,,,,
total_iterations,1753176938,1.000000,,,,,,,,,default,,,,,,,
data_sent,1753176938,526.000000,,,,,,,,,default,,,,,,,
data_received,1753176938,7128.000000,,,,,,,,,default,,,,,,,
iteration_duration,1753176938,2689.403300,,,,,,,,,default,,,,,,,
iterations,1753176938,1.000000,,,,,,,,,default,,,,,,,
total_iterations,1753176938,1.000000,,,,,,,,,default,,,,,,,
http_reqs,1753176938,1.000000,,,,true,,POST,https://opensource-demo.orangehrmlive.com/web/index.php/auth/validate,HTTP/1.1,default,,302,,tls1.3,https://opensource-demo.orangehrmlive.com/web/index.php/auth/validate,,
http_req_duration,1753176938,472.335700,,,,true,,POST,https://opensource-demo.orangehrmlive.com/web/index.php/auth/validate,HTTP/1.1,default,,302,,tls1.3,https://opensource-demo.orangehrmlive.com/web/index.php/auth/validate,,
http_req_blocked,1753176938,208.416100,,,,true,,POST,https://opensource-demo.orangehrmlive.com/web/index.php/auth/validate,HTTP/1.1,default,,302,,tls1.3,https://opensource-demo.orangehrmlive.com/web/index.php/auth/validate,,
http_req_connecting,1753176938,97.626800,,,,true,,POST,https://opensource-demo.orangehrmlive.com/web/index.php/auth/validate,HTTP/1.1,default,,302,,tls1.3,https://opensource-demo.orangehrmlive.com/web/index.php/auth/validate,,
http_req_tls_handshaking,1753176938,110.789300,,,,true,,POST,https://opensource-demo.orangehrmlive.com/web/index.php/auth/validate,HTTP/1.1,default,,302,,tls1.3,https://opensource-demo.orangehrmlive.com/web/index.php/auth/validate,,
http_req_sending,1753176938,0.000000,,,,true,,POST,https://opensource-demo.orangehrmlive.com/web/index.php/auth/validate,HTTP/1.1,default,,302,,tls1.3,https://opensource-demo.orangehrmlive.com/web/index.php/auth/validate,,
http_req_waiting,1753176938,471.944900,,,,true,,POST,https://opensource-demo.orangehrmlive.com/web/index.php/auth/validate,HTTP/1.1,default,,302,,tls1.3,https://opensource-demo.orangehrmlive.com/web/index.php/auth/validate,,
http_req_receiving,1753176938,0.390800,,,,true,,POST,https://opensource-demo.orangehrmlive.com/web/index.php/auth/validate,HTTP/1.1,default,,302,,tls1.3,https://opensource-demo.orangehrmlive.com/web/index.php/auth/validate,,
http_req_failed,1753176938,0.000000,,,,true,,POST,https://opensource-demo.orangehrmlive.com/web/index.php/auth/validate,HTTP/1.1,default,,302,,tls1.3,https://opensource-demo.orangehrmlive.com/web/index.php/auth/validate,,
http_reqs,1753176939,1.000000,,,,true,,GET,https://opensource-demo.orangehrmlive.com/web/index.php/auth/login,HTTP/1.1,default,,200,,tls1.3,https://opensource-demo.orangehrmlive.com/web/index.php/auth/login,,
http_req_duration,1753176939,770.724700,,,,true,,GET,https://opensource-demo.orangehrmlive.com/web/index.php/auth/login,HTTP/1.1,default,,200,,tls1.3,https://opensource-demo.orangehrmlive.com/web/index.php/auth/login,,
http_req_blocked,1753176939,0.000000,,,,true,,GET,https://opensource-demo.orangehrmlive.com/web/index.php/auth/login,HTTP/1.1,default,,200,,tls1.3,https://opensource-demo.orangehrmlive.com/web/index.php/auth/login,,
http_req_connecting,1753176939,0.000000,,,,true,,GET,https://opensource-demo.orangehrmlive.com/web/index.php/auth/login,HTTP/1.1,default,,200,,tls1.3,https://opensource-demo.orangehrmlive.com/web/index.php/auth/login,,
http_req_tls_handshaking,1753176939,0.000000,,,,true,,GET,https://opensource-demo.orangehrmlive.com/web/index.php/auth/login,HTTP/1.1,default,,200,,tls1.3,https://opensource-demo.orangehrmlive.com/web/index.php/auth/login,,
http_req_sending,1753176939,0.000000,,,,true,,GET,https://opensource-demo.orangehrmlive.com/web/index.php/auth/login,HTTP/1.1,default,,200,,tls1.3,https://opensource-demo.orangehrmlive.com/web/index.php/auth/login,,
http_req_waiting,1753176939,770.724700,,,,true,,GET,https://opensource-demo.orangehrmlive.com/web/index.php/auth/login,HTTP/1.1,default,,200,,tls1.3,https://opensource-demo.orangehrmlive.com/web/index.php/auth/login,,
http_req_receiving,1753176939,0.000000,,,,true,,GET,https://opensource-demo.orangehrmlive.com/web/index.php/auth/login,HTTP/1.1,default,,200,,tls1.3,https://opensource-demo.orangehrmlive.com/web/index.php/auth/login,,
http_req_failed,1753176939,0.000000,,,,true,,GET,https://opensource-demo.orangehrmlive.com/web/index.php/auth/login,HTTP/1.1,default,,200,,tls1.3,https://opensource-demo.orangehrmlive.com/web/index.php/auth/login,,
checks,1753176939,1.000000,status is 200 or redirect,,,,,,,,default,,,,,,,
checks,1753176939,1.000000,response is not empty,,,,,,,,default,,,,,,,
http_reqs,1753176939,1.000000,,,,true,,POST,https://opensource-demo.orangehrmlive.com/web/index.php/auth/validate,HTTP/1.1,default,,302,,tls1.3,https://opensource-demo.orangehrmlive.com/web/index.php/auth/validate,,
http_req_duration,1753176939,662.690200,,,,true,,POST,https://opensource-demo.orangehrmlive.com/web/index.php/auth/validate,HTTP/1.1,default,,302,,tls1.3,https://opensource-demo.orangehrmlive.com/web/index.php/auth/validate,,
http_req_blocked,1753176939,0.000000,,,,true,,POST,https://opensource-demo.orangehrmlive.com/web/index.php/auth/validate,HTTP/1.1,default,,302,,tls1.3,https://opensource-demo.orangehrmlive.com/web/index.php/auth/validate,,
http_req_connecting,1753176939,0.000000,,,,true,,POST,https://opensource-demo.orangehrmlive.com/web/index.php/auth/validate,HTTP/1.1,default,,302,,tls1.3,https://opensource-demo.orangehrmlive.com/web/index.php/auth/validate,,
http_req_tls_handshaking,1753176939,0.000000,,,,true,,POST,https://opensource-demo.orangehrmlive.com/web/index.php/auth/validate,HTTP/1.1,default,,302,,tls1.3,https://opensource-demo.orangehrmlive.com/web/index.php/auth/validate,,
http_req_sending,1753176939,0.000000,,,,true,,POST,https://opensource-demo.orangehrmlive.com/web/index.php/auth/validate,HTTP/1.1,default,,302,,tls1.3,https://opensource-demo.orangehrmlive.com/web/index.php/auth/validate,,
http_req_waiting,1753176939,662.204300,,,,true,,POST,https://opensource-demo.orangehrmlive.com/web/index.php/auth/validate,HTTP/1.1,default,,302,,tls1.3,https://opensource-demo.orangehrmlive.com/web/index.php/auth/validate,,
http_req_receiving,1753176939,0.485900,,,,true,,POST,https://opensource-demo.orangehrmlive.com/web/index.php/auth/validate,HTTP/1.1,default,,302,,tls1.3,https://opensource-demo.orangehrmlive.com/web/index.php/auth/validate,,
http_req_failed,1753176939,0.000000,,,,true,,POST,https://opensource-demo.orangehrmlive.com/web/index.php/auth/validate,HTTP/1.1,default,,302,,tls1.3,https://opensource-demo.orangehrmlive.com/web/index.php/auth/validate,,
data_sent,1753176939,897.000000,,,,,,,,,default,,,,,,,
data_received,1753176939,11616.000000,,,,,,,,,default,,,,,,,
iteration_duration,1753176939,3022.792400,,,,,,,,,default,,,,,,,
iterations,1753176939,1.000000,,,,,,,,,default,,,,,,,
total_iterations,1753176939,1.000000,,,,,,,,,default,,,,,,,
http_reqs,1753176939,1.000000,,,,true,,POST,https://opensource-demo.orangehrmlive.com/web/index.php/auth/validate,HTTP/1.1,default,,302,,tls1.3,https://opensource-demo.orangehrmlive.com/web/index.php/auth/validate,,
http_req_duration,1753176939,869.746900,,,,true,,POST,https://opensource-demo.orangehrmlive.com/web/index.php/auth/validate,HTTP/1.1,default,,302,,tls1.3,https://opensource-demo.orangehrmlive.com/web/index.php/auth/validate,,
http_req_blocked,1753176939,0.000000,,,,true,,POST,https://opensource-demo.orangehrmlive.com/web/index.php/auth/validate,HTTP/1.1,default,,302,,tls1.3,https://opensource-demo.orangehrmlive.com/web/index.php/auth/validate,,
http_req_connecting,1753176939,0.000000,,,,true,,POST,https://opensource-demo.orangehrmlive.com/web/index.php/auth/validate,HTTP/1.1,default,,302,,tls1.3,https://opensource-demo.orangehrmlive.com/web/index.php/auth/validate,,
http_req_tls_handshaking,1753176939,0.000000,,,,true,,POST,https://opensource-demo.orangehrmlive.com/web/index.php/auth/validate,HTTP/1.1,default,,302,,tls1.3,https://opensource-demo.orangehrmlive.com/web/index.php/auth/validate,,
http_req_sending,1753176939,0.000000,,,,true,,POST,https://opensource-demo.orangehrmlive.com/web/index.php/auth/validate,HTTP/1.1,default,,302,,tls1.3,https://opensource-demo.orangehrmlive.com/web/index.php/auth/validate,,
http_req_waiting,1753176939,869.179200,,,,true,,POST,https://opensource-demo.orangehrmlive.com/web/index.php/auth/validate,HTTP/1.1,default,,302,,tls1.3,https://opensource-demo.orangehrmlive.com/web/index.php/auth/validate,,
http_req_receiving,1753176939,0.567700,,,,true,,POST,https://opensource-demo.orangehrmlive.com/web/index.php/auth/validate,HTTP/1.1,default,,302,,tls1.3,https://opensource-demo.orangehrmlive.com/web/index.php/auth/validate,,
http_req_failed,1753176939,0.000000,,,,true,,POST,https://opensource-demo.orangehrmlive.com/web/index.php/auth/validate,HTTP/1.1,default,,302,,tls1.3,https://opensource-demo.orangehrmlive.com/web/index.php/auth/validate,,
vus,1753176939,9.000000,,,,,,,,,,,,,,,,
vus_max,1753176939,10.000000,,,,,,,,,,,,,,,,
total_iterations,1753176939,1.000000,,,,,,,,,default,,,,,,,
data_sent,1753176939,525.000000,,,,,,,,,default,,,,,,,
data_received,1753176939,7127.000000,,,,,,,,,default,,,,,,,
iteration_duration,1753176939,2564.318900,,,,,,,,,default,,,,,,,
iterations,1753176939,1.000000,,,,,,,,,default,,,,,,,
total_iterations,1753176939,1.000000,,,,,,,,,default,,,,,,,
http_reqs,1753176939,1.000000,,,,true,,GET,https://opensource-demo.orangehrmlive.com/web/index.php/auth/login,HTTP/1.1,default,,200,,tls1.3,https://opensource-demo.orangehrmlive.com/web/index.php/auth/login,,
http_req_duration,1753176939,597.907000,,,,true,,GET,https://opensource-demo.orangehrmlive.com/web/index.php/auth/login,HTTP/1.1,default,,200,,tls1.3,https://opensource-demo.orangehrmlive.com/web/index.php/auth/login,,
http_req_blocked,1753176939,0.000000,,,,true,,GET,https://opensource-demo.orangehrmlive.com/web/index.php/auth/login,HTTP/1.1,default,,200,,tls1.3,https://opensource-demo.orangehrmlive.com/web/index.php/auth/login,,
http_req_connecting,1753176939,0.000000,,,,true,,GET,https://opensource-demo.orangehrmlive.com/web/index.php/auth/login,HTTP/1.1,default,,200,,tls1.3,https://opensource-demo.orangehrmlive.com/web/index.php/auth/login,,
http_req_tls_handshaking,1753176939,0.000000,,,,true,,GET,https://opensource-demo.orangehrmlive.com/web/index.php/auth/login,HTTP/1.1,default,,200,,tls1.3,https://opensource-demo.orangehrmlive.com/web/index.php/auth/login,,
http_req_sending,1753176939,0.000000,,,,true,,GET,https://opensource-demo.orangehrmlive.com/web/index.php/auth/login,HTTP/1.1,default,,200,,tls1.3,https://opensource-demo.orangehrmlive.com/web/index.php/auth/login,,
http_req_waiting,1753176939,597.907000,,,,true,,GET,https://opensource-demo.orangehrmlive.com/web/index.php/auth/login,HTTP/1.1,default,,200,,tls1.3,https://opensource-demo.orangehrmlive.com/web/index.php/auth/login,,
http_req_receiving,1753176939,0.000000,,,,true,,GET,https://opensource-demo.orangehrmlive.com/web/index.php/auth/login,HTTP/1.1,default,,200,,tls1.3,https://opensource-demo.orangehrmlive.com/web/index.php/auth/login,,
http_req_failed,1753176939,0.000000,,,,true,,GET,https://opensource-demo.orangehrmlive.com/web/index.php/auth/login,HTTP/1.1,default,,200,,tls1.3,https://opensource-demo.orangehrmlive.com/web/index.php/auth/login,,
checks,1753176939,1.000000,status is 200 or redirect,,,,,,,,default,,,,,,,
checks,1753176939,1.000000,response is not empty,,,,,,,,default,,,,,,,
http_reqs,1753176939,1.000000,,,,true,,POST,https://opensource-demo.orangehrmlive.com/web/index.php/auth/validate,HTTP/1.1,default,,302,,tls1.3,https://opensource-demo.orangehrmlive.com/web/index.php/auth/validate,,
http_req_duration,1753176939,763.571900,,,,true,,POST,https://opensource-demo.orangehrmlive.com/web/index.php/auth/validate,HTTP/1.1,default,,302,,tls1.3,https://opensource-demo.orangehrmlive.com/web/index.php/auth/validate,,
http_req_blocked,1753176939,0.000000,,,,true,,POST,https://opensource-demo.orangehrmlive.com/web/index.php/auth/validate,HTTP/1.1,default,,302,,tls1.3,https://opensource-demo.orangehrmlive.com/web/index.php/auth/validate,,
http_req_connecting,1753176939,0.000000,,,,true,,POST,https://opensource-demo.orangehrmlive.com/web/index.php/auth/validate,HTTP/1.1,default,,302,,tls1.3,https://opensource-demo.orangehrmlive.com/web/index.php/auth/validate,,
http_req_tls_handshaking,1753176939,0.000000,,,,true,,POST,https://opensource-demo.orangehrmlive.com/web/index.php/auth/validate,HTTP/1.1,default,,302,,tls1.3,https://opensource-demo.orangehrmlive.com/web/index.php/auth/validate,,
http_req_sending,1753176939,0.000000,,,,true,,POST,https://opensource-demo.orangehrmlive.com/web/index.php/auth/validate,HTTP/1.1,default,,302,,tls1.3,https://opensource-demo.orangehrmlive.com/web/index.php/auth/validate,,
http_req_waiting,1753176939,762.740200,,,,true,,POST,https://opensource-demo.orangehrmlive.com/web/index.php/auth/validate,HTTP/1.1,default,,302,,tls1.3,https://opensource-demo.orangehrmlive.com/web/index.php/auth/validate,,
http_req_receiving,1753176939,0.831700,,,,true,,POST,https://opensource-demo.orangehrmlive.com/web/index.php/auth/validate,HTTP/1.1,default,,302,,tls1.3,https://opensource-demo.orangehrmlive.com/web/index.php/auth/validate,,
http_req_failed,1753176939,0.000000,,,,true,,POST,https://opensource-demo.orangehrmlive.com/web/index.php/auth/validate,HTTP/1.1,default,,302,,tls1.3,https://opensource-demo.orangehrmlive.com/web/index.php/auth/validate,,
http_reqs,1753176939,1.000000,,,,true,,GET,https://opensource-demo.orangehrmlive.com/web/index.php/auth/login,HTTP/1.1,default,,200,,tls1.3,https://opensource-demo.orangehrmlive.com/web/index.php/auth/login,,
http_req_duration,1753176939,747.465400,,,,true,,GET,https://opensource-demo.orangehrmlive.com/web/index.php/auth/login,HTTP/1.1,default,,200,,tls1.3,https://opensource-demo.orangehrmlive.com/web/index.php/auth/login,,
http_req_blocked,1753176939,0.000000,,,,true,,GET,https://opensource-demo.orangehrmlive.com/web/index.php/auth/login,HTTP/1.1,default,,200,,tls1.3,https://opensource-demo.orangehrmlive.com/web/index.php/auth/login,,
http_req_connecting,1753176939,0.000000,,,,true,,GET,https://opensource-demo.orangehrmlive.com/web/index.php/auth/login,HTTP/1.1,default,,200,,tls1.3,https://opensource-demo.orangehrmlive.com/web/index.php/auth/login,,
http_req_tls_handshaking,1753176939,0.000000,,,,true,,GET,https://opensource-demo.orangehrmlive.com/web/index.php/auth/login,HTTP/1.1,default,,200,,tls1.3,https://opensource-demo.orangehrmlive.com/web/index.php/auth/login,,
http_req_sending,1753176939,0.000000,,,,true,,GET,https://opensource-demo.orangehrmlive.com/web/index.php/auth/login,HTTP/1.1,default,,200,,tls1.3,https://opensource-demo.orangehrmlive.com/web/index.php/auth/login,,
http_req_waiting,1753176939,747.465400,,,,true,,GET,https://opensource-demo.orangehrmlive.com/web/index.php/auth/login,HTTP/1.1,default,,200,,tls1.3,https://opensource-demo.orangehrmlive.com/web/index.php/auth/login,,
http_req_receiving,1753176939,0.000000,,,,true,,GET,https://opensource-demo.orangehrmlive.com/web/index.php/auth/login,HTTP/1.1,default,,200,,tls1.3,https://opensource-demo.orangehrmlive.com/web/index.php/auth/login,,
http_req_failed,1753176939,0.000000,,,,true,,GET,https://opensource-demo.orangehrmlive.com/web/index.php/auth/login,HTTP/1.1,default,,200,,tls1.3,https://opensource-demo.orangehrmlive.com/web/index.php/auth/login,,
checks,1753176939,1.000000,status is 200 or redirect,,,,,,,,default,,,,,,,
checks,1753176939,1.000000,response is not empty,,,,,,,,default,,,,,,,
http_reqs,1753176939,1.000000,,,,true,,GET,https://opensource-demo.orangehrmlive.com/web/index.php/auth/login,HTTP/1.1,default,,200,,tls1.3,https://opensource-demo.orangehrmlive.com/web/index.php/auth/login,,
http_req_duration,1753176939,982.687500,,,,true,,GET,https://opensource-demo.orangehrmlive.com/web/index.php/auth/login,HTTP/1.1,default,,200,,tls1.3,https://opensource-demo.orangehrmlive.com/web/index.php/auth/login,,
http_req_blocked,1753176939,0.000000,,,,true,,GET,https://opensource-demo.orangehrmlive.com/web/index.php/auth/login,HTTP/1.1,default,,200,,tls1.3,https://opensource-demo.orangehrmlive.com/web/index.php/auth/login,,
http_req_connecting,1753176939,0.000000,,,,true,,GET,https://opensource-demo.orangehrmlive.com/web/index.php/auth/login,HTTP/1.1,default,,200,,tls1.3,https://opensource-demo.orangehrmlive.com/web/index.php/auth/login,,
http_req_tls_handshaking,1753176939,0.000000,,,,true,,GET,https://opensource-demo.orangehrmlive.com/web/index.php/auth/login,HTTP/1.1,default,,200,,tls1.3,https://opensource-demo.orangehrmlive.com/web/index.php/auth/login,,
http_req_sending,1753176939,0.000000,,,,true,,GET,https://opensource-demo.orangehrmlive.com/web/index.php/auth/login,HTTP/1.1,default,,200,,tls1.3,https://opensource-demo.orangehrmlive.com/web/index.php/auth/login,,
http_req_waiting,1753176939,982.687500,,,,true,,GET,https://opensource-demo.orangehrmlive.com/web/index.php/auth/login,HTTP/1.1,default,,200,,tls1.3,https://opensource-demo.orangehrmlive.com/web/index.php/auth/login,,
http_req_receiving,1753176939,0.000000,,,,true,,GET,https://opensource-demo.orangehrmlive.com/web/index.php/auth/login,HTTP/1.1,default,,200,,tls1.3,https://opensource-demo.orangehrmlive.com/web/index.php/auth/login,,
http_req_failed,1753176939,0.000000,,,,true,,GET,https://opensource-demo.orangehrmlive.com/web/index.php/auth/login,HTTP/1.1,default,,200,,tls1.3,https://opensource-demo.orangehrmlive.com/web/index.php/auth/login,,
checks,1753176939,1.000000,status is 200 or redirect,,,,,,,,default,,,,,,,
checks,1753176939,1.000000,response is not empty,,,,,,,,default,,,,,,,
http_reqs,1753176939,1.000000,,,,true,,POST,https://opensource-demo.orangehrmlive.com/web/index.php/auth/validate,HTTP/1.1,default,,302,,tls1.3,https://opensource-demo.orangehrmlive.com/web/index.php/auth/validate,,
http_req_duration,1753176939,944.513000,,,,true,,POST,https://opensource-demo.orangehrmlive.com/web/index.php/auth/validate,HTTP/1.1,default,,302,,tls1.3,https://opensource-demo.orangehrmlive.com/web/index.php/auth/validate,,
http_req_blocked,1753176939,0.000000,,,,true,,POST,https://opensource-demo.orangehrmlive.com/web/index.php/auth/validate,HTTP/1.1,default,,302,,tls1.3,https://opensource-demo.orangehrmlive.com/web/index.php/auth/validate,,
http_req_connecting,1753176939,0.000000,,,,true,,POST,https://opensource-demo.orangehrmlive.com/web/index.php/auth/validate,HTTP/1.1,default,,302,,tls1.3,https://opensource-demo.orangehrmlive.com/web/index.php/auth/validate,,
http_req_tls_handshaking,1753176939,0.000000,,,,true,,POST,https://opensource-demo.orangehrmlive.com/web/index.php/auth/validate,HTTP/1.1,default,,302,,tls1.3,https://opensource-demo.orangehrmlive.com/web/index.php/auth/validate,,
http_req_sending,1753176939,0.000000,,,,true,,POST,https://opensource-demo.orangehrmlive.com/web/index.php/auth/validate,HTTP/1.1,default,,302,,tls1.3,https://opensource-demo.orangehrmlive.com/web/index.php/auth/validate,,
http_req_waiting,1753176939,943.698700,,,,true,,POST,https://opensource-demo.orangehrmlive.com/web/index.php/auth/validate,HTTP/1.1,default,,302,,tls1.3,https://opensource-demo.orangehrmlive.com/web/index.php/auth/validate,,
http_req_receiving,1753176939,0.814300,,,,true,,POST,https://opensource-demo.orangehrmlive.com/web/index.php/auth/validate,HTTP/1.1,default,,302,,tls1.3,https://opensource-demo.orangehrmlive.com/web/index.php/auth/validate,,
http_req_failed,1753176939,0.000000,,,,true,,POST,https://opensource-demo.orangehrmlive.com/web/index.php/auth/validate,HTTP/1.1,default,,302,,tls1.3,https://opensource-demo.orangehrmlive.com/web/index.php/auth/validate,,
http_reqs,1753176939,1.000000,,,,true,,POST,https://opensource-demo.orangehrmlive.com/web/index.php/auth/validate,HTTP/1.1,default,,302,,tls1.3,https://opensource-demo.orangehrmlive.com/web/index.php/auth/validate,,
http_req_duration,1753176939,885.830400,,,,true,,POST,https://opensource-demo.orangehrmlive.com/web/index.php/auth/validate,HTTP/1.1,default,,302,,tls1.3,https://opensource-demo.orangehrmlive.com/web/index.php/auth/validate,,
http_req_blocked,1753176939,0.000000,,,,true,,POST,https://opensource-demo.orangehrmlive.com/web/index.php/auth/validate,HTTP/1.1,default,,302,,tls1.3,https://opensource-demo.orangehrmlive.com/web/index.php/auth/validate,,
http_req_connecting,1753176939,0.000000,,,,true,,POST,https://opensource-demo.orangehrmlive.com/web/index.php/auth/validate,HTTP/1.1,default,,302,,tls1.3,https://opensource-demo.orangehrmlive.com/web/index.php/auth/validate,,
http_req_tls_handshaking,1753176939,0.000000,,,,true,,POST,https://opensource-demo.orangehrmlive.com/web/index.php/auth/validate,HTTP/1.1,default,,302,,tls1.3,https://opensource-demo.orangehrmlive.com/web/index.php/auth/validate,,
http_req_sending,1753176939,0.000000,,,,true,,POST,https://opensource-demo.orangehrmlive.com/web/index.php/auth/validate,HTTP/1.1,default,,302,,tls1.3,https://opensource-demo.orangehrmlive.com/web/index.php/auth/validate,,
http_req_waiting,1753176939,885.192800,,,,true,,POST,https://opensource-demo.orangehrmlive.com/web/index.php/auth/validate,HTTP/1.1,default,,302,,tls1.3,https://opensource-demo.orangehrmlive.com/web/index.php/auth/validate,,
http_req_receiving,1753176939,0.637600,,,,true,,POST,https://opensource-demo.orangehrmlive.com/web/index.php/auth/validate,HTTP/1.1,default,,302,,tls1.3,https://opensource-demo.orangehrmlive.com/web/index.php/auth/validate,,
http_req_failed,1753176939,0.000000,,,,true,,POST,https://opensource-demo.orangehrmlive.com/web/index.php/auth/validate,HTTP/1.1,default,,302,,tls1.3,https://opensource-demo.orangehrmlive.com/web/index.php/auth/validate,,
data_sent,1753176940,899.000000,,,,,,,,,default,,,,,,,
data_received,1753176940,11618.000000,,,,,,,,,default,,,,,,,
iteration_duration,1753176940,2829.642600,,,,,,,,,default,,,,,,,
iterations,1753176940,1.000000,,,,,,,,,default,,,,,,,
total_iterations,1753176940,1.000000,,,,,,,,,default,,,,,,,
http_reqs,1753176940,1.000000,,,,true,,GET,https://opensource-demo.orangehrmlive.com/web/index.php/auth/login,HTTP/1.1,default,,200,,tls1.3,https://opensource-demo.orangehrmlive.com/web/index.php/auth/login,,
http_req_duration,1753176940,754.916300,,,,true,,GET,https://opensource-demo.orangehrmlive.com/web/index.php/auth/login,HTTP/1.1,default,,200,,tls1.3,https://opensource-demo.orangehrmlive.com/web/index.php/auth/login,,
http_req_blocked,1753176940,0.000000,,,,true,,GET,https://opensource-demo.orangehrmlive.com/web/index.php/auth/login,HTTP/1.1,default,,200,,tls1.3,https://opensource-demo.orangehrmlive.com/web/index.php/auth/login,,
http_req_connecting,1753176940,0.000000,,,,true,,GET,https://opensource-demo.orangehrmlive.com/web/index.php/auth/login,HTTP/1.1,default,,200,,tls1.3,https://opensource-demo.orangehrmlive.com/web/index.php/auth/login,,
http_req_tls_handshaking,1753176940,0.000000,,,,true,,GET,https://opensource-demo.orangehrmlive.com/web/index.php/auth/login,HTTP/1.1,default,,200,,tls1.3,https://opensource-demo.orangehrmlive.com/web/index.php/auth/login,,
http_req_sending,1753176940,0.000000,,,,true,,GET,https://opensource-demo.orangehrmlive.com/web/index.php/auth/login,HTTP/1.1,default,,200,,tls1.3,https://opensource-demo.orangehrmlive.com/web/index.php/auth/login,,
http_req_waiting,1753176940,754.916300,,,,true,,GET,https://opensource-demo.orangehrmlive.com/web/index.php/auth/login,HTTP/1.1,default,,200,,tls1.3,https://opensource-demo.orangehrmlive.com/web/index.php/auth/login,,
http_req_receiving,1753176940,0.000000,,,,true,,GET,https://opensource-demo.orangehrmlive.com/web/index.php/auth/login,HTTP/1.1,default,,200,,tls1.3,https://opensource-demo.orangehrmlive.com/web/index.php/auth/login,,
http_req_failed,1753176940,0.000000,,,,true,,GET,https://opensource-demo.orangehrmlive.com/web/index.php/auth/login,HTTP/1.1,default,,200,,tls1.3,https://opensource-demo.orangehrmlive.com/web/index.php/auth/login,,
checks,1753176940,1.000000,status is 200 or redirect,,,,,,,,default,,,,,,,
checks,1753176940,1.000000,response is not empty,,,,,,,,default,,,,,,,
http_reqs,1753176940,1.000000,,,,true,,POST,https://opensource-demo.orangehrmlive.com/web/index.php/auth/validate,HTTP/1.1,default,,302,,tls1.3,https://opensource-demo.orangehrmlive.com/web/index.php/auth/validate,,
http_req_duration,1753176940,793.987300,,,,true,,POST,https://opensource-demo.orangehrmlive.com/web/index.php/auth/validate,HTTP/1.1,default,,302,,tls1.3,https://opensource-demo.orangehrmlive.com/web/index.php/auth/validate,,
http_req_blocked,1753176940,0.000000,,,,true,,POST,https://opensource-demo.orangehrmlive.com/web/index.php/auth/validate,HTTP/1.1,default,,302,,tls1.3,https://opensource-demo.orangehrmlive.com/web/index.php/auth/validate,,
http_req_connecting,1753176940,0.000000,,,,true,,POST,https://opensource-demo.orangehrmlive.com/web/index.php/auth/validate,HTTP/1.1,default,,302,,tls1.3,https://opensource-demo.orangehrmlive.com/web/index.php/auth/validate,,
http_req_tls_handshaking,1753176940,0.000000,,,,true,,POST,https://opensource-demo.orangehrmlive.com/web/index.php/auth/validate,HTTP/1.1,default,,302,,tls1.3,https://opensource-demo.orangehrmlive.com/web/index.php/auth/validate,,
http_req_sending,1753176940,0.000000,,,,true,,POST,https://opensource-demo.orangehrmlive.com/web/index.php/auth/validate,HTTP/1.1,default,,302,,tls1.3,https://opensource-demo.orangehrmlive.com/web/index.php/auth/validate,,
http_req_waiting,1753176940,793.987300,,,,true,,POST,https://opensource-demo.orangehrmlive.com/web/index.php/auth/validate,HTTP/1.1,default,,302,,tls1.3,https://opensource-demo.orangehrmlive.com/web/index.php/auth/validate,,
http_req_receiving,1753176940,0.000000,,,,true,,POST,https://opensource-demo.orangehrmlive.com/web/index.php/auth/validate,HTTP/1.1,default,,302,,tls1.3,https://opensource-demo.orangehrmlive.com/web/index.php/auth/validate,,
http_req_failed,1753176940,0.000000,,,,true,,POST,https://opensource-demo.orangehrmlive.com/web/index.php/auth/validate,HTTP/1.1,default,,302,,tls1.3,https://opensource-demo.orangehrmlive.com/web/index.php/auth/validate,,
vus,1753176940,10.000000,,,,,,,,,,,,,,,,
vus_max,1753176940,10.000000,,,,,,,,,,,,,,,,
http_reqs,1753176940,1.000000,,,,true,,POST,https://opensource-demo.orangehrmlive.com/web/index.php/auth/validate,HTTP/1.1,default,,302,,tls1.3,https://opensource-demo.orangehrmlive.com/web/index.php/auth/validate,,
http_req_duration,1753176940,838.131200,,,,true,,POST,https://opensource-demo.orangehrmlive.com/web/index.php/auth/validate,HTTP/1.1,default,,302,,tls1.3,https://opensource-demo.orangehrmlive.com/web/index.php/auth/validate,,
http_req_blocked,1753176940,209.581500,,,,true,,POST,https://opensource-demo.orangehrmlive.com/web/index.php/auth/validate,HTTP/1.1,default,,302,,tls1.3,https://opensource-demo.orangehrmlive.com/web/index.php/auth/validate,,
http_req_connecting,1753176940,98.308500,,,,true,,POST,https://opensource-demo.orangehrmlive.com/web/index.php/auth/validate,HTTP/1.1,default,,302,,tls1.3,https://opensource-demo.orangehrmlive.com/web/index.php/auth/validate,,
http_req_tls_handshaking,1753176940,111.273000,,,,true,,POST,https://opensource-demo.orangehrmlive.com/web/index.php/auth/validate,HTTP/1.1,default,,302,,tls1.3,https://opensource-demo.orangehrmlive.com/web/index.php/auth/validate,,
http_req_sending,1753176940,0.000000,,,,true,,POST,https://opensource-demo.orangehrmlive.com/web/index.php/auth/validate,HTTP/1.1,default,,302,,tls1.3,https://opensource-demo.orangehrmlive.com/web/index.php/auth/validate,,
http_req_waiting,1753176940,837.454100,,,,true,,POST,https://opensource-demo.orangehrmlive.com/web/index.php/auth/validate,HTTP/1.1,default,,302,,tls1.3,https://opensource-demo.orangehrmlive.com/web/index.php/auth/validate,,
http_req_receiving,1753176940,0.677100,,,,true,,POST,https://opensource-demo.orangehrmlive.com/web/index.php/auth/validate,HTTP/1.1,default,,302,,tls1.3,https://opensource-demo.orangehrmlive.com/web/index.php/auth/validate,,
http_req_failed,1753176940,0.000000,,,,true,,POST,https://opensource-demo.orangehrmlive.com/web/index.php/auth/validate,HTTP/1.1,default,,302,,tls1.3,https://opensource-demo.orangehrmlive.com/web/index.php/auth/validate,,
data_sent,1753176940,532.000000,,,,,,,,,default,,,,,,,
data_received,1753176940,7127.000000,,,,,,,,,default,,,,,,,
iteration_duration,1753176940,2261.680800,,,,,,,,,default,,,,,,,
iterations,1753176940,1.000000,,,,,,,,,default,,,,,,,
total_iterations,1753176940,1.000000,,,,,,,,,default,,,,,,,
data_sent,1753176940,906.000000,,,,,,,,,default,,,,,,,
data_received,1753176940,11617.000000,,,,,,,,,default,,,,,,,
iteration_duration,1753176940,2429.987500,,,,,,,,,default,,,,,,,
iterations,1753176940,1.000000,,,,,,,,,default,,,,,,,
total_iterations,1753176940,1.000000,,,,,,,,,default,,,,,,,
http_reqs,1753176940,1.000000,,,,true,,GET,https://opensource-demo.orangehrmlive.com/web/index.php/auth/login,HTTP/1.1,default,,200,,tls1.3,https://opensource-demo.orangehrmlive.com/web/index.php/auth/login,,
http_req_duration,1753176940,1075.698400,,,,true,,GET,https://opensource-demo.orangehrmlive.com/web/index.php/auth/login,HTTP/1.1,default,,200,,tls1.3,https://opensource-demo.orangehrmlive.com/web/index.php/auth/login,,
http_req_blocked,1753176940,0.000000,,,,true,,GET,https://opensource-demo.orangehrmlive.com/web/index.php/auth/login,HTTP/1.1,default,,200,,tls1.3,https://opensource-demo.orangehrmlive.com/web/index.php/auth/login,,
http_req_connecting,1753176940,0.000000,,,,true,,GET,https://opensource-demo.orangehrmlive.com/web/index.php/auth/login,HTTP/1.1,default,,200,,tls1.3,https://opensource-demo.orangehrmlive.com/web/index.php/auth/login,,
http_req_tls_handshaking,1753176940,0.000000,,,,true,,GET,https://opensource-demo.orangehrmlive.com/web/index.php/auth/login,HTTP/1.1,default,,200,,tls1.3,https://opensource-demo.orangehrmlive.com/web/index.php/auth/login,,
http_req_sending,1753176940,0.000000,,,,true,,GET,https://opensource-demo.orangehrmlive.com/web/index.php/auth/login,HTTP/1.1,default,,200,,tls1.3,https://opensource-demo.orangehrmlive.com/web/index.php/auth/login,,
http_req_waiting,1753176940,1075.698400,,,,true,,GET,https://opensource-demo.orangehrmlive.com/web/index.php/auth/login,HTTP/1.1,default,,200,,tls1.3,https://opensource-demo.orangehrmlive.com/web/index.php/auth/login,,
http_req_receiving,1753176940,0.000000,,,,true,,GET,https://opensource-demo.orangehrmlive.com/web/index.php/auth/login,HTTP/1.1,default,,200,,tls1.3,https://opensource-demo.orangehrmlive.com/web/index.php/auth/login,,
http_req_failed,1753176940,0.000000,,,,true,,GET,https://opensource-demo.orangehrmlive.com/web/index.php/auth/login,HTTP/1.1,default,,200,,tls1.3,https://opensource-demo.orangehrmlive.com/web/index.php/auth/login,,
checks,1753176940,1.000000,status is 200 or redirect,,,,,,,,default,,,,,,,
checks,1753176940,1.000000,response is not empty,,,,,,,,default,,,,,,,
data_sent,1753176940,535.000000,,,,,,,,,default,,,,,,,
data_received,1753176940,7111.000000,,,,,,,,,default,,,,,,,
iteration_duration,1753176940,2881.840400,,,,,,,,,default,,,,,,,
iterations,1753176940,1.000000,,,,,,,,,default,,,,,,,
total_iterations,1753176940,1.000000,,,,,,,,,default,,,,,,,
http_reqs,1753176940,1.000000,,,,true,,GET,https://opensource-demo.orangehrmlive.com/web/index.php/auth/login,HTTP/1.1,default,,200,,tls1.3,https://opensource-demo.orangehrmlive.com/web/index.php/auth/login,,
http_req_duration,1753176940,991.836000,,,,true,,GET,https://opensource-demo.orangehrmlive.com/web/index.php/auth/login,HTTP/1.1,default,,200,,tls1.3,https://opensource-demo.orangehrmlive.com/web/index.php/auth/login,,
http_req_blocked,1753176940,0.000000,,,,true,,GET,https://opensource-demo.orangehrmlive.com/web/index.php/auth/login,HTTP/1.1,default,,200,,tls1.3,https://opensource-demo.orangehrmlive.com/web/index.php/auth/login,,
http_req_connecting,1753176940,0.000000,,,,true,,GET,https://opensource-demo.orangehrmlive.com/web/index.php/auth/login,HTTP/1.1,default,,200,,tls1.3,https://opensource-demo.orangehrmlive.com/web/index.php/auth/login,,
http_req_tls_handshaking,1753176940,0.000000,,,,true,,GET,https://opensource-demo.orangehrmlive.com/web/index.php/auth/login,HTTP/1.1,default,,200,,tls1.3,https://opensource-demo.orangehrmlive.com/web/index.php/auth/login,,
http_req_sending,1753176940,0.000000,,,,true,,GET,https://opensource-demo.orangehrmlive.com/web/index.php/auth/login,HTTP/1.1,default,,200,,tls1.3,https://opensource-demo.orangehrmlive.com/web/index.php/auth/login,,
http_req_waiting,1753176940,991.836000,,,,true,,GET,https://opensource-demo.orangehrmlive.com/web/index.php/auth/login,HTTP/1.1,default,,200,,tls1.3,https://opensource-demo.orangehrmlive.com/web/index.php/auth/login,,
http_req_receiving,1753176940,0.000000,,,,true,,GET,https://opensource-demo.orangehrmlive.com/web/index.php/auth/login,HTTP/1.1,default,,200,,tls1.3,https://opensource-demo.orangehrmlive.com/web/index.php/auth/login,,
http_req_failed,1753176940,0.000000,,,,true,,GET,https://opensource-demo.orangehrmlive.com/web/index.php/auth/login,HTTP/1.1,default,,200,,tls1.3,https://opensource-demo.orangehrmlive.com/web/index.php/auth/login,,
checks,1753176940,1.000000,status is 200 or redirect,,,,,,,,default,,,,,,,
checks,1753176940,1.000000,response is not empty,,,,,,,,default,,,,,,,
http_reqs,1753176940,1.000000,,,,true,,POST,https://opensource-demo.orangehrmlive.com/web/index.php/auth/validate,HTTP/1.1,default,,302,,tls1.3,https://opensource-demo.orangehrmlive.com/web/index.php/auth/validate,,
http_req_duration,1753176940,972.834400,,,,true,,POST,https://opensource-demo.orangehrmlive.com/web/index.php/auth/validate,HTTP/1.1,default,,302,,tls1.3,https://opensource-demo.orangehrmlive.com/web/index.php/auth/validate,,
http_req_blocked,1753176940,0.000000,,,,true,,POST,https://opensource-demo.orangehrmlive.com/web/index.php/auth/validate,HTTP/1.1,default,,302,,tls1.3,https://opensource-demo.orangehrmlive.com/web/index.php/auth/validate,,
http_req_connecting,1753176940,0.000000,,,,true,,POST,https://opensource-demo.orangehrmlive.com/web/index.php/auth/validate,HTTP/1.1,default,,302,,tls1.3,https://opensource-demo.orangehrmlive.com/web/index.php/auth/validate,,
http_req_tls_handshaking,1753176940,0.000000,,,,true,,POST,https://opensource-demo.orangehrmlive.com/web/index.php/auth/validate,HTTP/1.1,default,,302,,tls1.3,https://opensource-demo.orangehrmlive.com/web/index.php/auth/validate,,
http_req_sending,1753176940,0.000000,,,,true,,POST,https://opensource-demo.orangehrmlive.com/web/index.php/auth/validate,HTTP/1.1,default,,302,,tls1.3,https://opensource-demo.orangehrmlive.com/web/index.php/auth/validate,,
http_req_waiting,1753176940,972.318400,,,,true,,POST,https://opensource-demo.orangehrmlive.com/web/index.php/auth/validate,HTTP/1.1,default,,302,,tls1.3,https://opensource-demo.orangehrmlive.com/web/index.php/auth/validate,,
http_req_receiving,1753176940,0.516000,,,,true,,POST,https://opensource-demo.orangehrmlive.com/web/index.php/auth/validate,HTTP/1.1,default,,302,,tls1.3,https://opensource-demo.orangehrmlive.com/web/index.php/auth/validate,,
http_req_failed,1753176940,0.000000,,,,true,,POST,https://opensource-demo.orangehrmlive.com/web/index.php/auth/validate,HTTP/1.1,default,,302,,tls1.3,https://opensource-demo.orangehrmlive.com/web/index.php/auth/validate,,
http_reqs,1753176940,1.000000,,,,true,,GET,https://opensource-demo.orangehrmlive.com/web/index.php/auth/login,HTTP/1.1,default,,200,,tls1.3,https://opensource-demo.orangehrmlive.com/web/index.php/auth/login,,
http_req_duration,1753176940,1005.184900,,,,true,,GET,https://opensource-demo.orangehrmlive.com/web/index.php/auth/login,HTTP/1.1,default,,200,,tls1.3,https://opensource-demo.orangehrmlive.com/web/index.php/auth/login,,
http_req_blocked,1753176940,0.000000,,,,true,,GET,https://opensource-demo.orangehrmlive.com/web/index.php/auth/login,HTTP/1.1,default,,200,,tls1.3,https://opensource-demo.orangehrmlive.com/web/index.php/auth/login,,
http_req_connecting,1753176940,0.000000,,,,true,,GET,https://opensource-demo.orangehrmlive.com/web/index.php/auth/login,HTTP/1.1,default,,200,,tls1.3,https://opensource-demo.orangehrmlive.com/web/index.php/auth/login,,
http_req_tls_handshaking,1753176940,0.000000,,,,true,,GET,https://opensource-demo.orangehrmlive.com/web/index.php/auth/login,HTTP/1.1,default,,200,,tls1.3,https://opensource-demo.orangehrmlive.com/web/index.php/auth/login,,
http_req_sending,1753176940,0.000000,,,,true,,GET,https://opensource-demo.orangehrmlive.com/web/index.php/auth/login,HTTP/1.1,default,,200,,tls1.3,https://opensource-demo.orangehrmlive.com/web/index.php/auth/login,,
http_req_waiting,1753176940,1004.668900,,,,true,,GET,https://opensource-demo.orangehrmlive.com/web/index.php/auth/login,HTTP/1.1,default,,200,,tls1.3,https://opensource-demo.orangehrmlive.com/web/index.php/auth/login,,
http_req_receiving,1753176940,0.516000,,,,true,,GET,https://opensource-demo.orangehrmlive.com/web/index.php/auth/login,HTTP/1.1,default,,200,,tls1.3,https://opensource-demo.orangehrmlive.com/web/index.php/auth/login,,
http_req_failed,1753176940,0.000000,,,,true,,GET,https://opensource-demo.orangehrmlive.com/web/index.php/auth/login,HTTP/1.1,default,,200,,tls1.3,https://opensource-demo.orangehrmlive.com/web/index.php/auth/login,,
checks,1753176940,1.000000,status is 200 or redirect,,,,,,,,default,,,,,,,
checks,1753176940,1.000000,response is not empty,,,,,,,,default,,,,,,,
http_reqs,1753176941,1.000000,,,,true,,GET,https://opensource-demo.orangehrmlive.com/web/index.php/auth/login,HTTP/1.1,default,,200,,tls1.3,https://opensource-demo.orangehrmlive.com/web/index.php/auth/login,,
http_req_duration,1753176941,717.830200,,,,true,,GET,https://opensource-demo.orangehrmlive.com/web/index.php/auth/login,HTTP/1.1,default,,200,,tls1.3,https://opensource-demo.orangehrmlive.com/web/index.php/auth/login,,
http_req_blocked,1753176941,0.000000,,,,true,,GET,https://opensource-demo.orangehrmlive.com/web/index.php/auth/login,HTTP/1.1,default,,200,,tls1.3,https://opensource-demo.orangehrmlive.com/web/index.php/auth/login,,
http_req_connecting,1753176941,0.000000,,,,true,,GET,https://opensource-demo.orangehrmlive.com/web/index.php/auth/login,HTTP/1.1,default,,200,,tls1.3,https://opensource-demo.orangehrmlive.com/web/index.php/auth/login,,
http_req_tls_handshaking,1753176941,0.000000,,,,true,,GET,https://opensource-demo.orangehrmlive.com/web/index.php/auth/login,HTTP/1.1,default,,200,,tls1.3,https://opensource-demo.orangehrmlive.com/web/index.php/auth/login,,
http_req_sending,1753176941,0.000000,,,,true,,GET,https://opensource-demo.orangehrmlive.com/web/index.php/auth/login,HTTP/1.1,default,,200,,tls1.3,https://opensource-demo.orangehrmlive.com/web/index.php/auth/login,,
http_req_waiting,1753176941,717.074400,,,,true,,GET,https://opensource-demo.orangehrmlive.com/web/index.php/auth/login,HTTP/1.1,default,,200,,tls1.3,https://opensource-demo.orangehrmlive.com/web/index.php/auth/login,,
http_req_receiving,1753176941,0.755800,,,,true,,GET,https://opensource-demo.orangehrmlive.com/web/index.php/auth/login,HTTP/1.1,default,,200,,tls1.3,https://opensource-demo.orangehrmlive.com/web/index.php/auth/login,,
http_req_failed,1753176941,0.000000,,,,true,,GET,https://opensource-demo.orangehrmlive.com/web/index.php/auth/login,HTTP/1.1,default,,200,,tls1.3,https://opensource-demo.orangehrmlive.com/web/index.php/auth/login,,
checks,1753176941,1.000000,status is 200 or redirect,,,,,,,,default,,,,,,,
checks,1753176941,1.000000,response is not empty,,,,,,,,default,,,,,,,
data_sent,1753176941,528.000000,,,,,,,,,default,,,,,,,
data_received,1753176941,7128.000000,,,,,,,,,default,,,,,,,
iteration_duration,1753176941,2625.670700,,,,,,,,,default,,,,,,,
iterations,1753176941,1.000000,,,,,,,,,default,,,,,,,
total_iterations,1753176941,1.000000,,,,,,,,,default,,,,,,,
http_reqs,1753176941,1.000000,,,,true,,POST,https://opensource-demo.orangehrmlive.com/web/index.php/auth/validate,HTTP/1.1,default,,302,,tls1.3,https://opensource-demo.orangehrmlive.com/web/index.php/auth/validate,,
http_req_duration,1753176941,453.625600,,,,true,,POST,https://opensource-demo.orangehrmlive.com/web/index.php/auth/validate,HTTP/1.1,default,,302,,tls1.3,https://opensource-demo.orangehrmlive.com/web/index.php/auth/validate,,
http_req_blocked,1753176941,0.000000,,,,true,,POST,https://opensource-demo.orangehrmlive.com/web/index.php/auth/validate,HTTP/1.1,default,,302,,tls1.3,https://opensource-demo.orangehrmlive.com/web/index.php/auth/validate,,
http_req_connecting,1753176941,0.000000,,,,true,,POST,https://opensource-demo.orangehrmlive.com/web/index.php/auth/validate,HTTP/1.1,default,,302,,tls1.3,https://opensource-demo.orangehrmlive.com/web/index.php/auth/validate,,
http_req_tls_handshaking,1753176941,0.000000,,,,true,,POST,https://opensource-demo.orangehrmlive.com/web/index.php/auth/validate,HTTP/1.1,default,,302,,tls1.3,https://opensource-demo.orangehrmlive.com/web/index.php/auth/validate,,
http_req_sending,1753176941,0.000000,,,,true,,POST,https://opensource-demo.orangehrmlive.com/web/index.php/auth/validate,HTTP/1.1,default,,302,,tls1.3,https://opensource-demo.orangehrmlive.com/web/index.php/auth/validate,,
http_req_waiting,1753176941,453.039200,,,,true,,POST,https://opensource-demo.orangehrmlive.com/web/index.php/auth/validate,HTTP/1.1,default,,302,,tls1.3,https://opensource-demo.orangehrmlive.com/web/index.php/auth/validate,,
http_req_receiving,1753176941,0.586400,,,,true,,POST,https://opensource-demo.orangehrmlive.com/web/index.php/auth/validate,HTTP/1.1,default,,302,,tls1.3,https://opensource-demo.orangehrmlive.com/web/index.php/auth/validate,,
http_req_failed,1753176941,0.000000,,,,true,,POST,https://opensource-demo.orangehrmlive.com/web/index.php/auth/validate,HTTP/1.1,default,,302,,tls1.3,https://opensource-demo.orangehrmlive.com/web/index.php/auth/validate,,
http_reqs,1753176941,1.000000,,,,true,,GET,https://opensource-demo.orangehrmlive.com/web/index.php/auth/login,HTTP/1.1,default,,200,,tls1.3,https://opensource-demo.orangehrmlive.com/web/index.php/auth/login,,
http_req_duration,1753176941,901.585400,,,,true,,GET,https://opensource-demo.orangehrmlive.com/web/index.php/auth/login,HTTP/1.1,default,,200,,tls1.3,https://opensource-demo.orangehrmlive.com/web/index.php/auth/login,,
http_req_blocked,1753176941,0.000000,,,,true,,GET,https://opensource-demo.orangehrmlive.com/web/index.php/auth/login,HTTP/1.1,default,,200,,tls1.3,https://opensource-demo.orangehrmlive.com/web/index.php/auth/login,,
http_req_connecting,1753176941,0.000000,,,,true,,GET,https://opensource-demo.orangehrmlive.com/web/index.php/auth/login,HTTP/1.1,default,,200,,tls1.3,https://opensource-demo.orangehrmlive.com/web/index.php/auth/login,,
http_req_tls_handshaking,1753176941,0.000000,,,,true,,GET,https://opensource-demo.orangehrmlive.com/web/index.php/auth/login,HTTP/1.1,default,,200,,tls1.3,https://opensource-demo.orangehrmlive.com/web/index.php/auth/login,,
http_req_sending,1753176941,0.000000,,,,true,,GET,https://opensource-demo.orangehrmlive.com/web/index.php/auth/login,HTTP/1.1,default,,200,,tls1.3,https://opensource-demo.orangehrmlive.com/web/index.php/auth/login,,
http_req_waiting,1753176941,901.585400,,,,true,,GET,https://opensource-demo.orangehrmlive.com/web/index.php/auth/login,HTTP/1.1,default,,200,,tls1.3,https://opensource-demo.orangehrmlive.com/web/index.php/auth/login,,
http_req_receiving,1753176941,0.000000,,,,true,,GET,https://opensource-demo.orangehrmlive.com/web/index.php/auth/login,HTTP/1.1,default,,200,,tls1.3,https://opensource-demo.orangehrmlive.com/web/index.php/auth/login,,
http_req_failed,1753176941,0.000000,,,,true,,GET,https://opensource-demo.orangehrmlive.com/web/index.php/auth/login,HTTP/1.1,default,,200,,tls1.3,https://opensource-demo.orangehrmlive.com/web/index.php/auth/login,,
checks,1753176941,1.000000,status is 200 or redirect,,,,,,,,default,,,,,,,
checks,1753176941,1.000000,response is not empty,,,,,,,,default,,,,,,,
vus,1753176941,10.000000,,,,,,,,,,,,,,,,
vus_max,1753176941,10.000000,,,,,,,,,,,,,,,,
http_reqs,1753176941,1.000000,,,,true,,POST,https://opensource-demo.orangehrmlive.com/web/index.php/auth/validate,HTTP/1.1,default,,302,,tls1.3,https://opensource-demo.orangehrmlive.com/web/index.php/auth/validate,,
http_req_duration,1753176941,905.964100,,,,true,,POST,https://opensource-demo.orangehrmlive.com/web/index.php/auth/validate,HTTP/1.1,default,,302,,tls1.3,https://opensource-demo.orangehrmlive.com/web/index.php/auth/validate,,
http_req_blocked,1753176941,0.000000,,,,true,,POST,https://opensource-demo.orangehrmlive.com/web/index.php/auth/validate,HTTP/1.1,default,,302,,tls1.3,https://opensource-demo.orangehrmlive.com/web/index.php/auth/validate,,
http_req_connecting,1753176941,0.000000,,,,true,,POST,https://opensource-demo.orangehrmlive.com/web/index.php/auth/validate,HTTP/1.1,default,,302,,tls1.3,https://opensource-demo.orangehrmlive.com/web/index.php/auth/validate,,
http_req_tls_handshaking,1753176941,0.000000,,,,true,,POST,https://opensource-demo.orangehrmlive.com/web/index.php/auth/validate,HTTP/1.1,default,,302,,tls1.3,https://opensource-demo.orangehrmlive.com/web/index.php/auth/validate,,
http_req_sending,1753176941,0.779400,,,,true,,POST,https://opensource-demo.orangehrmlive.com/web/index.php/auth/validate,HTTP/1.1,default,,302,,tls1.3,https://opensource-demo.orangehrmlive.com/web/index.php/auth/validate,,
http_req_waiting,1753176941,904.671100,,,,true,,POST,https://opensource-demo.orangehrmlive.com/web/index.php/auth/validate,HTTP/1.1,default,,302,,tls1.3,https://opensource-demo.orangehrmlive.com/web/index.php/auth/validate,,
http_req_receiving,1753176941,0.513600,,,,true,,POST,https://opensource-demo.orangehrmlive.com/web/index.php/auth/validate,HTTP/1.1,default,,302,,tls1.3,https://opensource-demo.orangehrmlive.com/web/index.php/auth/validate,,
http_req_failed,1753176941,0.000000,,,,true,,POST,https://opensource-demo.orangehrmlive.com/web/index.php/auth/validate,HTTP/1.1,default,,302,,tls1.3,https://opensource-demo.orangehrmlive.com/web/index.php/auth/validate,,
http_reqs,1753176941,1.000000,,,,true,,POST,https://opensource-demo.orangehrmlive.com/web/index.php/auth/validate,HTTP/1.1,default,,302,,tls1.3,https://opensource-demo.orangehrmlive.com/web/index.php/auth/validate,,
http_req_duration,1753176941,923.185900,,,,true,,POST,https://opensource-demo.orangehrmlive.com/web/index.php/auth/validate,HTTP/1.1,default,,302,,tls1.3,https://opensource-demo.orangehrmlive.com/web/index.php/auth/validate,,
http_req_blocked,1753176941,0.000000,,,,true,,POST,https://opensource-demo.orangehrmlive.com/web/index.php/auth/validate,HTTP/1.1,default,,302,,tls1.3,https://opensource-demo.orangehrmlive.com/web/index.php/auth/validate,,
http_req_connecting,1753176941,0.000000,,,,true,,POST,https://opensource-demo.orangehrmlive.com/web/index.php/auth/validate,HTTP/1.1,default,,302,,tls1.3,https://opensource-demo.orangehrmlive.com/web/index.php/auth/validate,,
http_req_tls_handshaking,1753176941,0.000000,,,,true,,POST,https://opensource-demo.orangehrmlive.com/web/index.php/auth/validate,HTTP/1.1,default,,302,,tls1.3,https://opensource-demo.orangehrmlive.com/web/index.php/auth/validate,,
http_req_sending,1753176941,0.000000,,,,true,,POST,https://opensource-demo.orangehrmlive.com/web/index.php/auth/validate,HTTP/1.1,default,,302,,tls1.3,https://opensource-demo.orangehrmlive.com/web/index.php/auth/validate,,
http_req_waiting,1753176941,922.690400,,,,true,,POST,https://opensource-demo.orangehrmlive.com/web/index.php/auth/validate,HTTP/1.1,default,,302,,tls1.3,https://opensource-demo.orangehrmlive.com/web/index.php/auth/validate,,
http_req_receiving,1753176941,0.495500,,,,true,,POST,https://opensource-demo.orangehrmlive.com/web/index.php/auth/validate,HTTP/1.1,default,,302,,tls1.3,https://opensource-demo.orangehrmlive.com/web/index.php/auth/validate,,
http_req_failed,1753176941,0.000000,,,,true,,POST,https://opensource-demo.orangehrmlive.com/web/index.php/auth/validate,HTTP/1.1,default,,302,,tls1.3,https://opensource-demo.orangehrmlive.com/web/index.php/auth/validate,,
data_sent,1753176941,526.000000,,,,,,,,,default,,,,,,,
data_received,1753176941,7120.000000,,,,,,,,,default,,,,,,,
iteration_duration,1753176941,2840.561100,,,,,,,,,default,,,,,,,
iterations,1753176941,1.000000,,,,,,,,,default,,,,,,,
total_iterations,1753176941,1.000000,,,,,,,,,default,,,,,,,
data_sent,1753176941,529.000000,,,,,,,,,default,,,,,,,
data_received,1753176941,7107.000000,,,,,,,,,default,,,,,,,
iteration_duration,1753176941,2937.382400,,,,,,,,,default,,,,,,,
iterations,1753176941,1.000000,,,,,,,,,default,,,,,,,
total_iterations,1753176941,1.000000,,,,,,,,,default,,,,,,,
data_sent,1753176941,529.000000,,,,,,,,,default,,,,,,,
data_received,1753176941,7119.000000,,,,,,,,,default,,,,,,,
iteration_duration,1753176941,2891.965900,,,,,,,,,default,,,,,,,
iterations,1753176941,1.000000,,,,,,,,,default,,,,,,,
total_iterations,1753176941,1.000000,,,,,,,,,default,,,,,,,
data_sent,1753176942,532.000000,,,,,,,,,default,,,,,,,
data_received,1753176942,7126.000000,,,,,,,,,default,,,,,,,
iteration_duration,1753176942,2512.425500,,,,,,,,,default,,,,,,,
iterations,1753176942,1.000000,,,,,,,,,default,,,,,,,
total_iterations,1753176942,1.000000,,,,,,,,,default,,,,,,,
http_reqs,1753176942,1.000000,,,,true,,GET,https://opensource-demo.orangehrmlive.com/web/index.php/auth/login,HTTP/1.1,default,,200,,tls1.3,https://opensource-demo.orangehrmlive.com/web/index.php/auth/login,,
http_req_duration,1753176942,1048.049600,,,,true,,GET,https://opensource-demo.orangehrmlive.com/web/index.php/auth/login,HTTP/1.1,default,,200,,tls1.3,https://opensource-demo.orangehrmlive.com/web/index.php/auth/login,,
http_req_blocked,1753176942,0.000000,,,,true,,GET,https://opensource-demo.orangehrmlive.com/web/index.php/auth/login,HTTP/1.1,default,,200,,tls1.3,https://opensource-demo.orangehrmlive.com/web/index.php/auth/login,,
http_req_connecting,1753176942,0.000000,,,,true,,GET,https://opensource-demo.orangehrmlive.com/web/index.php/auth/login,HTTP/1.1,default,,200,,tls1.3,https://opensource-demo.orangehrmlive.com/web/index.php/auth/login,,
http_req_tls_handshaking,1753176942,0.000000,,,,true,,GET,https://opensource-demo.orangehrmlive.com/web/index.php/auth/login,HTTP/1.1,default,,200,,tls1.3,https://opensource-demo.orangehrmlive.com/web/index.php/auth/login,,
http_req_sending,1753176942,0.000000,,,,true,,GET,https://opensource-demo.orangehrmlive.com/web/index.php/auth/login,HTTP/1.1,default,,200,,tls1.3,https://opensource-demo.orangehrmlive.com/web/index.php/auth/login,,
http_req_waiting,1753176942,1047.655000,,,,true,,GET,https://opensource-demo.orangehrmlive.com/web/index.php/auth/login,HTTP/1.1,default,,200,,tls1.3,https://opensource-demo.orangehrmlive.com/web/index.php/auth/login,,
http_req_receiving,1753176942,0.394600,,,,true,,GET,https://opensource-demo.orangehrmlive.com/web/index.php/auth/login,HTTP/1.1,default,,200,,tls1.3,https://opensource-demo.orangehrmlive.com/web/index.php/auth/login,,
http_req_failed,1753176942,0.000000,,,,true,,GET,https://opensource-demo.orangehrmlive.com/web/index.php/auth/login,HTTP/1.1,default,,200,,tls1.3,https://opensource-demo.orangehrmlive.com/web/index.php/auth/login,,
checks,1753176942,1.000000,status is 200 or redirect,,,,,,,,default,,,,,,,
checks,1753176942,1.000000,response is not empty,,,,,,,,default,,,,,,,
http_reqs,1753176942,1.000000,,,,true,,POST,https://opensource-demo.orangehrmlive.com/web/index.php/auth/validate,HTTP/1.1,default,,302,,tls1.3,https://opensource-demo.orangehrmlive.com/web/index.php/auth/validate,,
http_req_duration,1753176942,963.015200,,,,true,,POST,https://opensource-demo.orangehrmlive.com/web/index.php/auth/validate,HTTP/1.1,default,,302,,tls1.3,https://opensource-demo.orangehrmlive.com/web/index.php/auth/validate,,
http_req_blocked,1753176942,0.000000,,,,true,,POST,https://opensource-demo.orangehrmlive.com/web/index.php/auth/validate,HTTP/1.1,default,,302,,tls1.3,https://opensource-demo.orangehrmlive.com/web/index.php/auth/validate,,
http_req_connecting,1753176942,0.000000,,,,true,,POST,https://opensource-demo.orangehrmlive.com/web/index.php/auth/validate,HTTP/1.1,default,,302,,tls1.3,https://opensource-demo.orangehrmlive.com/web/index.php/auth/validate,,
http_req_tls_handshaking,1753176942,0.000000,,,,true,,POST,https://opensource-demo.orangehrmlive.com/web/index.php/auth/validate,HTTP/1.1,default,,302,,tls1.3,https://opensource-demo.orangehrmlive.com/web/index.php/auth/validate,,
http_req_sending,1753176942,0.000000,,,,true,,POST,https://opensource-demo.orangehrmlive.com/web/index.php/auth/validate,HTTP/1.1,default,,302,,tls1.3,https://opensource-demo.orangehrmlive.com/web/index.php/auth/validate,,
http_req_waiting,1753176942,962.472200,,,,true,,POST,https://opensource-demo.orangehrmlive.com/web/index.php/auth/validate,HTTP/1.1,default,,302,,tls1.3,https://opensource-demo.orangehrmlive.com/web/index.php/auth/validate,,
http_req_receiving,1753176942,0.543000,,,,true,,POST,https://opensource-demo.orangehrmlive.com/web/index.php/auth/validate,HTTP/1.1,default,,302,,tls1.3,https://opensource-demo.orangehrmlive.com/web/index.php/auth/validate,,
http_req_failed,1753176942,0.000000,,,,true,,POST,https://opensource-demo.orangehrmlive.com/web/index.php/auth/validate,HTTP/1.1,default,,302,,tls1.3,https://opensource-demo.orangehrmlive.com/web/index.php/auth/validate,,
data_sent,1753176942,896.000000,,,,,,,,,default,,,,,,,
data_received,1753176942,11604.000000,,,,,,,,,default,,,,,,,
iteration_duration,1753176942,2950.477300,,,,,,,,,default,,,,,,,
iterations,1753176942,1.000000,,,,,,,,,default,,,,,,,
total_iterations,1753176942,1.000000,,,,,,,,,default,,,,,,,
vus,1753176942,10.000000,,,,,,,,,,,,,,,,
vus_max,1753176942,10.000000,,,,,,,,,,,,,,,,
http_reqs,1753176942,1.000000,,,,true,,POST,https://opensource-demo.orangehrmlive.com/web/index.php/auth/validate,HTTP/1.1,default,,302,,tls1.3,https://opensource-demo.orangehrmlive.com/web/index.php/auth/validate,,
http_req_duration,1753176942,516.199900,,,,true,,POST,https://opensource-demo.orangehrmlive.com/web/index.php/auth/validate,HTTP/1.1,default,,302,,tls1.3,https://opensource-demo.orangehrmlive.com/web/index.php/auth/validate,,
http_req_blocked,1753176942,0.000000,,,,true,,POST,https://opensource-demo.orangehrmlive.com/web/index.php/auth/validate,HTTP/1.1,default,,302,,tls1.3,https://opensource-demo.orangehrmlive.com/web/index.php/auth/validate,,
http_req_connecting,1753176942,0.000000,,,,true,,POST,https://opensource-demo.orangehrmlive.com/web/index.php/auth/validate,HTTP/1.1,default,,302,,tls1.3,https://opensource-demo.orangehrmlive.com/web/index.php/auth/validate,,
http_req_tls_handshaking,1753176942,0.000000,,,,true,,POST,https://opensource-demo.orangehrmlive.com/web/index.php/auth/validate,HTTP/1.1,default,,302,,tls1.3,https://opensource-demo.orangehrmlive.com/web/index.php/auth/validate,,
http_req_sending,1753176942,0.000000,,,,true,,POST,https://opensource-demo.orangehrmlive.com/web/index.php/auth/validate,HTTP/1.1,default,,302,,tls1.3,https://opensource-demo.orangehrmlive.com/web/index.php/auth/validate,,
http_req_waiting,1753176942,515.589600,,,,true,,POST,https://opensource-demo.orangehrmlive.com/web/index.php/auth/validate,HTTP/1.1,default,,302,,tls1.3,https://opensource-demo.orangehrmlive.com/web/index.php/auth/validate,,
http_req_receiving,1753176942,0.610300,,,,true,,POST,https://opensource-demo.orangehrmlive.com/web/index.php/auth/validate,HTTP/1.1,default,,302,,tls1.3,https://opensource-demo.orangehrmlive.com/web/index.php/auth/validate,,
http_req_failed,1753176942,0.000000,,,,true,,POST,https://opensource-demo.orangehrmlive.com/web/index.php/auth/validate,HTTP/1.1,default,,302,,tls1.3,https://opensource-demo.orangehrmlive.com/web/index.php/auth/validate,,
http_reqs,1753176942,1.000000,,,,true,,GET,https://opensource-demo.orangehrmlive.com/web/index.php/auth/login,HTTP/1.1,default,,200,,tls1.3,https://opensource-demo.orangehrmlive.com/web/index.php/auth/login,,
http_req_duration,1753176942,1259.343400,,,,true,,GET,https://opensource-demo.orangehrmlive.com/web/index.php/auth/login,HTTP/1.1,default,,200,,tls1.3,https://opensource-demo.orangehrmlive.com/web/index.php/auth/login,,
http_req_blocked,1753176942,0.000000,,,,true,,GET,https://opensource-demo.orangehrmlive.com/web/index.php/auth/login,HTTP/1.1,default,,200,,tls1.3,https://opensource-demo.orangehrmlive.com/web/index.php/auth/login,,
http_req_connecting,1753176942,0.000000,,,,true,,GET,https://opensource-demo.orangehrmlive.com/web/index.php/auth/login,HTTP/1.1,default,,200,,tls1.3,https://opensource-demo.orangehrmlive.com/web/index.php/auth/login,,
http_req_tls_handshaking,1753176942,0.000000,,,,true,,GET,https://opensource-demo.orangehrmlive.com/web/index.php/auth/login,HTTP/1.1,default,,200,,tls1.3,https://opensource-demo.orangehrmlive.com/web/index.php/auth/login,,
http_req_sending,1753176942,0.000000,,,,true,,GET,https://opensource-demo.orangehrmlive.com/web/index.php/auth/login,HTTP/1.1,default,,200,,tls1.3,https://opensource-demo.orangehrmlive.com/web/index.php/auth/login,,
http_req_waiting,1753176942,1258.949300,,,,true,,GET,https://opensource-demo.orangehrmlive.com/web/index.php/auth/login,HTTP/1.1,default,,200,,tls1.3,https://opensource-demo.orangehrmlive.com/web/index.php/auth/login,,
http_req_receiving,1753176942,0.394100,,,,true,,GET,https://opensource-demo.orangehrmlive.com/web/index.php/auth/login,HTTP/1.1,default,,200,,tls1.3,https://opensource-demo.orangehrmlive.com/web/index.php/auth/login,,
http_req_failed,1753176942,0.000000,,,,true,,GET,https://opensource-demo.orangehrmlive.com/web/index.php/auth/login,HTTP/1.1,default,,200,,tls1.3,https://opensource-demo.orangehrmlive.com/web/index.php/auth/login,,
checks,1753176942,1.000000,status is 200 or redirect,,,,,,,,default,,,,,,,
checks,1753176942,1.000000,response is not empty,,,,,,,,default,,,,,,,
http_reqs,1753176942,1.000000,,,,true,,GET,https://opensource-demo.orangehrmlive.com/web/index.php/auth/login,HTTP/1.1,default,,200,,tls1.3,https://opensource-demo.orangehrmlive.com/web/index.php/auth/login,,
http_req_duration,1753176942,925.725600,,,,true,,GET,https://opensource-demo.orangehrmlive.com/web/index.php/auth/login,HTTP/1.1,default,,200,,tls1.3,https://opensource-demo.orangehrmlive.com/web/index.php/auth/login,,
http_req_blocked,1753176942,0.000000,,,,true,,GET,https://opensource-demo.orangehrmlive.com/web/index.php/auth/login,HTTP/1.1,default,,200,,tls1.3,https://opensource-demo.orangehrmlive.com/web/index.php/auth/login,,
http_req_connecting,1753176942,0.000000,,,,true,,GET,https://opensource-demo.orangehrmlive.com/web/index.php/auth/login,HTTP/1.1,default,,200,,tls1.3,https://opensource-demo.orangehrmlive.com/web/index.php/auth/login,,
http_req_tls_handshaking,1753176942,0.000000,,,,true,,GET,https://opensource-demo.orangehrmlive.com/web/index.php/auth/login,HTTP/1.1,default,,200,,tls1.3,https://opensource-demo.orangehrmlive.com/web/index.php/auth/login,,
http_req_sending,1753176942,0.000000,,,,true,,GET,https://opensource-demo.orangehrmlive.com/web/index.php/auth/login,HTTP/1.1,default,,200,,tls1.3,https://opensource-demo.orangehrmlive.com/web/index.php/auth/login,,
http_req_waiting,1753176942,924.616000,,,,true,,GET,https://opensource-demo.orangehrmlive.com/web/index.php/auth/login,HTTP/1.1,default,,200,,tls1.3,https://opensource-demo.orangehrmlive.com/web/index.php/auth/login,,
http_req_receiving,1753176942,1.109600,,,,true,,GET,https://opensource-demo.orangehrmlive.com/web/index.php/auth/login,HTTP/1.1,default,,200,,tls1.3,https://opensource-demo.orangehrmlive.com/web/index.php/auth/login,,
http_req_failed,1753176942,0.000000,,,,true,,GET,https://opensource-demo.orangehrmlive.com/web/index.php/auth/login,HTTP/1.1,default,,200,,tls1.3,https://opensource-demo.orangehrmlive.com/web/index.php/auth/login,,
checks,1753176942,1.000000,status is 200 or redirect,,,,,,,,default,,,,,,,
checks,1753176942,1.000000,response is not empty,,,,,,,,default,,,,,,,
http_reqs,1753176942,1.000000,,,,true,,POST,https://opensource-demo.orangehrmlive.com/web/index.php/auth/validate,HTTP/1.1,default,,302,,tls1.3,https://opensource-demo.orangehrmlive.com/web/index.php/auth/validate,,
http_req_duration,1753176942,863.798000,,,,true,,POST,https://opensource-demo.orangehrmlive.com/web/index.php/auth/validate,HTTP/1.1,default,,302,,tls1.3,https://opensource-demo.orangehrmlive.com/web/index.php/auth/validate,,
http_req_blocked,1753176942,0.000000,,,,true,,POST,https://opensource-demo.orangehrmlive.com/web/index.php/auth/validate,HTTP/1.1,default,,302,,tls1.3,https://opensource-demo.orangehrmlive.com/web/index.php/auth/validate,,
http_req_connecting,1753176942,0.000000,,,,true,,POST,https://opensource-demo.orangehrmlive.com/web/index.php/auth/validate,HTTP/1.1,default,,302,,tls1.3,https://opensource-demo.orangehrmlive.com/web/index.php/auth/validate,,
http_req_tls_handshaking,1753176942,0.000000,,,,true,,POST,https://opensource-demo.orangehrmlive.com/web/index.php/auth/validate,HTTP/1.1,default,,302,,tls1.3,https://opensource-demo.orangehrmlive.com/web/index.php/auth/validate,,
http_req_sending,1753176942,0.000000,,,,true,,POST,https://opensource-demo.orangehrmlive.com/web/index.php/auth/validate,HTTP/1.1,default,,302,,tls1.3,https://opensource-demo.orangehrmlive.com/web/index.php/auth/validate,,
http_req_waiting,1753176942,863.161100,,,,true,,POST,https://opensource-demo.orangehrmlive.com/web/index.php/auth/validate,HTTP/1.1,default,,302,,tls1.3,https://opensource-demo.orangehrmlive.com/web/index.php/auth/validate,,
http_req_receiving,1753176942,0.636900,,,,true,,POST,https://opensource-demo.orangehrmlive.com/web/index.php/auth/validate,HTTP/1.1,default,,302,,tls1.3,https://opensource-demo.orangehrmlive.com/web/index.php/auth/validate,,
http_req_failed,1753176942,0.000000,,,,true,,POST,https://opensource-demo.orangehrmlive.com/web/index.php/auth/validate,HTTP/1.1,default,,302,,tls1.3,https://opensource-demo.orangehrmlive.com/web/index.php/auth/validate,,
http_reqs,1753176942,1.000000,,,,true,,GET,https://opensource-demo.orangehrmlive.com/web/index.php/auth/login,HTTP/1.1,default,,200,,tls1.3,https://opensource-demo.orangehrmlive.com/web/index.php/auth/login,,
http_req_duration,1753176942,1064.966000,,,,true,,GET,https://opensource-demo.orangehrmlive.com/web/index.php/auth/login,HTTP/1.1,default,,200,,tls1.3,https://opensource-demo.orangehrmlive.com/web/index.php/auth/login,,
http_req_blocked,1753176942,0.000000,,,,true,,GET,https://opensource-demo.orangehrmlive.com/web/index.php/auth/login,HTTP/1.1,default,,200,,tls1.3,https://opensource-demo.orangehrmlive.com/web/index.php/auth/login,,
http_req_connecting,1753176942,0.000000,,,,true,,GET,https://opensource-demo.orangehrmlive.com/web/index.php/auth/login,HTTP/1.1,default,,200,,tls1.3,https://opensource-demo.orangehrmlive.com/web/index.php/auth/login,,
http_req_tls_handshaking,1753176942,0.000000,,,,true,,GET,https://opensource-demo.orangehrmlive.com/web/index.php/auth/login,HTTP/1.1,default,,200,,tls1.3,https://opensource-demo.orangehrmlive.com/web/index.php/auth/login,,
http_req_sending,1753176942,0.000000,,,,true,,GET,https://opensource-demo.orangehrmlive.com/web/index.php/auth/login,HTTP/1.1,default,,200,,tls1.3,https://opensource-demo.orangehrmlive.com/web/index.php/auth/login,,
http_req_waiting,1753176942,1064.518700,,,,true,,GET,https://opensource-demo.orangehrmlive.com/web/index.php/auth/login,HTTP/1.1,default,,200,,tls1.3,https://opensource-demo.orangehrmlive.com/web/index.php/auth/login,,
http_req_receiving,1753176942,0.447300,,,,true,,GET,https://opensource-demo.orangehrmlive.com/web/index.php/auth/login,HTTP/1.1,default,,200,,tls1.3,https://opensource-demo.orangehrmlive.com/web/index.php/auth/login,,
http_req_failed,1753176942,0.000000,,,,true,,GET,https://opensource-demo.orangehrmlive.com/web/index.php/auth/login,HTTP/1.1,default,,200,,tls1.3,https://opensource-demo.orangehrmlive.com/web/index.php/auth/login,,
checks,1753176942,1.000000,status is 200 or redirect,,,,,,,,default,,,,,,,
checks,1753176942,1.000000,response is not empty,,,,,,,,default,,,,,,,
http_reqs,1753176942,1.000000,,,,true,,POST,https://opensource-demo.orangehrmlive.com/web/index.php/auth/validate,HTTP/1.1,default,,302,,tls1.3,https://opensource-demo.orangehrmlive.com/web/index.php/auth/validate,,
http_req_duration,1753176942,1045.487200,,,,true,,POST,https://opensource-demo.orangehrmlive.com/web/index.php/auth/validate,HTTP/1.1,default,,302,,tls1.3,https://opensource-demo.orangehrmlive.com/web/index.php/auth/validate,,
http_req_blocked,1753176942,0.000000,,,,true,,POST,https://opensource-demo.orangehrmlive.com/web/index.php/auth/validate,HTTP/1.1,default,,302,,tls1.3,https://opensource-demo.orangehrmlive.com/web/index.php/auth/validate,,
http_req_connecting,1753176942,0.000000,,,,true,,POST,https://opensource-demo.orangehrmlive.com/web/index.php/auth/validate,HTTP/1.1,default,,302,,tls1.3,https://opensource-demo.orangehrmlive.com/web/index.php/auth/validate,,
http_req_tls_handshaking,1753176942,0.000000,,,,true,,POST,https://opensource-demo.orangehrmlive.com/web/index.php/auth/validate,HTTP/1.1,default,,302,,tls1.3,https://opensource-demo.orangehrmlive.com/web/index.php/auth/validate,,
http_req_sending,1753176942,0.000000,,,,true,,POST,https://opensource-demo.orangehrmlive.com/web/index.php/auth/validate,HTTP/1.1,default,,302,,tls1.3,https://opensource-demo.orangehrmlive.com/web/index.php/auth/validate,,
http_req_waiting,1753176942,1044.965900,,,,true,,POST,https://opensource-demo.orangehrmlive.com/web/index.php/auth/validate,HTTP/1.1,default,,302,,tls1.3,https://opensource-demo.orangehrmlive.com/web/index.php/auth/validate,,
http_req_receiving,1753176942,0.521300,,,,true,,POST,https://opensource-demo.orangehrmlive.com/web/index.php/auth/validate,HTTP/1.1,default,,302,,tls1.3,https://opensource-demo.orangehrmlive.com/web/index.php/auth/validate,,
http_req_failed,1753176942,0.000000,,,,true,,POST,https://opensource-demo.orangehrmlive.com/web/index.php/auth/validate,HTTP/1.1,default,,302,,tls1.3,https://opensource-demo.orangehrmlive.com/web/index.php/auth/validate,,
http_reqs,1753176942,1.000000,,,,true,,POST,https://opensource-demo.orangehrmlive.com/web/index.php/auth/validate,HTTP/1.1,default,,302,,tls1.3,https://opensource-demo.orangehrmlive.com/web/index.php/auth/validate,,
http_req_duration,1753176942,915.923900,,,,true,,POST,https://opensource-demo.orangehrmlive.com/web/index.php/auth/validate,HTTP/1.1,default,,302,,tls1.3,https://opensource-demo.orangehrmlive.com/web/index.php/auth/validate,,
http_req_blocked,1753176942,0.000000,,,,true,,POST,https://opensource-demo.orangehrmlive.com/web/index.php/auth/validate,HTTP/1.1,default,,302,,tls1.3,https://opensource-demo.orangehrmlive.com/web/index.php/auth/validate,,
http_req_connecting,1753176942,0.000000,,,,true,,POST,https://opensource-demo.orangehrmlive.com/web/index.php/auth/validate,HTTP/1.1,default,,302,,tls1.3,https://opensource-demo.orangehrmlive.com/web/index.php/auth/validate,,
http_req_tls_handshaking,1753176942,0.000000,,,,true,,POST,https://opensource-demo.orangehrmlive.com/web/index.php/auth/validate,HTTP/1.1,default,,302,,tls1.3,https://opensource-demo.orangehrmlive.com/web/index.php/auth/validate,,
http_req_sending,1753176942,0.000000,,,,true,,POST,https://opensource-demo.orangehrmlive.com/web/index.php/auth/validate,HTTP/1.1,default,,302,,tls1.3,https://opensource-demo.orangehrmlive.com/web/index.php/auth/validate,,
http_req_waiting,1753176942,915.519700,,,,true,,POST,https://opensource-demo.orangehrmlive.com/web/index.php/auth/validate,HTTP/1.1,default,,302,,tls1.3,https://opensource-demo.orangehrmlive.com/web/index.php/auth/validate,,
http_req_receiving,1753176942,0.404200,,,,true,,POST,https://opensource-demo.orangehrmlive.com/web/index.php/auth/validate,HTTP/1.1,default,,302,,tls1.3,https://opensource-demo.orangehrmlive.com/web/index.php/auth/validate,,
http_req_failed,1753176942,0.000000,,,,true,,POST,https://opensource-demo.orangehrmlive.com/web/index.php/auth/validate,HTTP/1.1,default,,302,,tls1.3,https://opensource-demo.orangehrmlive.com/web/index.php/auth/validate,,
data_sent,1753176943,526.000000,,,,,,,,,default,,,,,,,
data_received,1753176943,7100.000000,,,,,,,,,default,,,,,,,
iteration_duration,1753176943,3021.921700,,,,,,,,,default,,,,,,,
iterations,1753176943,1.000000,,,,,,,,,default,,,,,,,
total_iterations,1753176943,1.000000,,,,,,,,,default,,,,,,,
http_reqs,1753176943,1.000000,,,,true,,GET,https://opensource-demo.orangehrmlive.com/web/index.php/auth/login,HTTP/1.1,default,,200,,tls1.3,https://opensource-demo.orangehrmlive.com/web/index.php/auth/login,,
http_req_duration,1753176943,1205.261700,,,,true,,GET,https://opensource-demo.orangehrmlive.com/web/index.php/auth/login,HTTP/1.1,default,,200,,tls1.3,https://opensource-demo.orangehrmlive.com/web/index.php/auth/login,,
http_req_blocked,1753176943,0.000000,,,,true,,GET,https://opensource-demo.orangehrmlive.com/web/index.php/auth/login,HTTP/1.1,default,,200,,tls1.3,https://opensource-demo.orangehrmlive.com/web/index.php/auth/login,,
http_req_connecting,1753176943,0.000000,,,,true,,GET,https://opensource-demo.orangehrmlive.com/web/index.php/auth/login,HTTP/1.1,default,,200,,tls1.3,https://opensource-demo.orangehrmlive.com/web/index.php/auth/login,,
http_req_tls_handshaking,1753176943,0.000000,,,,true,,GET,https://opensource-demo.orangehrmlive.com/web/index.php/auth/login,HTTP/1.1,default,,200,,tls1.3,https://opensource-demo.orangehrmlive.com/web/index.php/auth/login,,
http_req_sending,1753176943,0.000000,,,,true,,GET,https://opensource-demo.orangehrmlive.com/web/index.php/auth/login,HTTP/1.1,default,,200,,tls1.3,https://opensource-demo.orangehrmlive.com/web/index.php/auth/login,,
http_req_waiting,1753176943,1205.261700,,,,true,,GET,https://opensource-demo.orangehrmlive.com/web/index.php/auth/login,HTTP/1.1,default,,200,,tls1.3,https://opensource-demo.orangehrmlive.com/web/index.php/auth/login,,
http_req_receiving,1753176943,0.000000,,,,true,,GET,https://opensource-demo.orangehrmlive.com/web/index.php/auth/login,HTTP/1.1,default,,200,,tls1.3,https://opensource-demo.orangehrmlive.com/web/index.php/auth/login,,
http_req_failed,1753176943,0.000000,,,,true,,GET,https://opensource-demo.orangehrmlive.com/web/index.php/auth/login,HTTP/1.1,default,,200,,tls1.3,https://opensource-demo.orangehrmlive.com/web/index.php/auth/login,,
checks,1753176943,1.000000,status is 200 or redirect,,,,,,,,default,,,,,,,
checks,1753176943,1.000000,response is not empty,,,,,,,,default,,,,,,,
http_reqs,1753176943,1.000000,,,,true,,POST,https://opensource-demo.orangehrmlive.com/web/index.php/auth/validate,HTTP/1.1,default,,302,,tls1.3,https://opensource-demo.orangehrmlive.com/web/index.php/auth/validate,,
http_req_duration,1753176943,998.561400,,,,true,,POST,https://opensource-demo.orangehrmlive.com/web/index.php/auth/validate,HTTP/1.1,default,,302,,tls1.3,https://opensource-demo.orangehrmlive.com/web/index.php/auth/validate,,
http_req_blocked,1753176943,0.000000,,,,true,,POST,https://opensource-demo.orangehrmlive.com/web/index.php/auth/validate,HTTP/1.1,default,,302,,tls1.3,https://opensource-demo.orangehrmlive.com/web/index.php/auth/validate,,
http_req_connecting,1753176943,0.000000,,,,true,,POST,https://opensource-demo.orangehrmlive.com/web/index.php/auth/validate,HTTP/1.1,default,,302,,tls1.3,https://opensource-demo.orangehrmlive.com/web/index.php/auth/validate,,
http_req_tls_handshaking,1753176943,0.000000,,,,true,,POST,https://opensource-demo.orangehrmlive.com/web/index.php/auth/validate,HTTP/1.1,default,,302,,tls1.3,https://opensource-demo.orangehrmlive.com/web/index.php/auth/validate,,
http_req_sending,1753176943,0.000000,,,,true,,POST,https://opensource-demo.orangehrmlive.com/web/index.php/auth/validate,HTTP/1.1,default,,302,,tls1.3,https://opensource-demo.orangehrmlive.com/web/index.php/auth/validate,,
http_req_waiting,1753176943,997.987200,,,,true,,POST,https://opensource-demo.orangehrmlive.com/web/index.php/auth/validate,HTTP/1.1,default,,302,,tls1.3,https://opensource-demo.orangehrmlive.com/web/index.php/auth/validate,,
http_req_receiving,1753176943,0.574200,,,,true,,POST,https://opensource-demo.orangehrmlive.com/web/index.php/auth/validate,HTTP/1.1,default,,302,,tls1.3,https://opensource-demo.orangehrmlive.com/web/index.php/auth/validate,,
http_req_failed,1753176943,0.000000,,,,true,,POST,https://opensource-demo.orangehrmlive.com/web/index.php/auth/validate,HTTP/1.1,default,,302,,tls1.3,https://opensource-demo.orangehrmlive.com/web/index.php/auth/validate,,
vus,1753176943,10.000000,,,,,,,,,,,,,,,,
vus_max,1753176943,10.000000,,,,,,,,,,,,,,,,
data_sent,1753176943,525.000000,,,,,,,,,default,,,,,,,
data_received,1753176943,7112.000000,,,,,,,,,default,,,,,,,
iteration_duration,1753176943,2713.584500,,,,,,,,,default,,,,,,,
iterations,1753176943,1.000000,,,,,,,,,default,,,,,,,
total_iterations,1753176943,1.000000,,,,,,,,,default,,,,,,,
data_sent,1753176943,525.000000,,,,,,,,,default,,,,,,,
data_received,1753176943,7104.000000,,,,,,,,,default,,,,,,,
iteration_duration,1753176943,2850.051400,,,,,,,,,default,,,,,,,
iterations,1753176943,1.000000,,,,,,,,,default,,,,,,,
total_iterations,1753176943,1.000000,,,,,,,,,default,,,,,,,
http_reqs,1753176943,1.000000,,,,true,,GET,https://opensource-demo.orangehrmlive.com/web/index.php/auth/login,HTTP/1.1,default,,200,,tls1.3,https://opensource-demo.orangehrmlive.com/web/index.php/auth/login,,
http_req_duration,1753176943,1113.331800,,,,true,,GET,https://opensource-demo.orangehrmlive.com/web/index.php/auth/login,HTTP/1.1,default,,200,,tls1.3,https://opensource-demo.orangehrmlive.com/web/index.php/auth/login,,
http_req_blocked,1753176943,0.000000,,,,true,,GET,https://opensource-demo.orangehrmlive.com/web/index.php/auth/login,HTTP/1.1,default,,200,,tls1.3,https://opensource-demo.orangehrmlive.com/web/index.php/auth/login,,
http_req_connecting,1753176943,0.000000,,,,true,,GET,https://opensource-demo.orangehrmlive.com/web/index.php/auth/login,HTTP/1.1,default,,200,,tls1.3,https://opensource-demo.orangehrmlive.com/web/index.php/auth/login,,
http_req_tls_handshaking,1753176943,0.000000,,,,true,,GET,https://opensource-demo.orangehrmlive.com/web/index.php/auth/login,HTTP/1.1,default,,200,,tls1.3,https://opensource-demo.orangehrmlive.com/web/index.php/auth/login,,
http_req_sending,1753176943,0.000000,,,,true,,GET,https://opensource-demo.orangehrmlive.com/web/index.php/auth/login,HTTP/1.1,default,,200,,tls1.3,https://opensource-demo.orangehrmlive.com/web/index.php/auth/login,,
http_req_waiting,1753176943,1113.331800,,,,true,,GET,https://opensource-demo.orangehrmlive.com/web/index.php/auth/login,HTTP/1.1,default,,200,,tls1.3,https://opensource-demo.orangehrmlive.com/web/index.php/auth/login,,
http_req_receiving,1753176943,0.000000,,,,true,,GET,https://opensource-demo.orangehrmlive.com/web/index.php/auth/login,HTTP/1.1,default,,200,,tls1.3,https://opensource-demo.orangehrmlive.com/web/index.php/auth/login,,
http_req_failed,1753176943,0.000000,,,,true,,GET,https://opensource-demo.orangehrmlive.com/web/index.php/auth/login,HTTP/1.1,default,,200,,tls1.3,https://opensource-demo.orangehrmlive.com/web/index.php/auth/login,,
checks,1753176943,1.000000,status is 200 or redirect,,,,,,,,default,,,,,,,
checks,1753176943,1.000000,response is not empty,,,,,,,,default,,,,,,,
data_sent,1753176943,526.000000,,,,,,,,,default,,,,,,,
data_received,1753176943,7114.000000,,,,,,,,,default,,,,,,,
iteration_duration,1753176943,2971.661000,,,,,,,,,default,,,,,,,
iterations,1753176943,1.000000,,,,,,,,,default,,,,,,,
total_iterations,1753176943,1.000000,,,,,,,,,default,,,,,,,
http_reqs,1753176943,1.000000,,,,true,,GET,https://opensource-demo.orangehrmlive.com/web/index.php/auth/login,HTTP/1.1,default,,200,,tls1.3,https://opensource-demo.orangehrmlive.com/web/index.php/auth/login,,
http_req_duration,1753176943,1034.930800,,,,true,,GET,https://opensource-demo.orangehrmlive.com/web/index.php/auth/login,HTTP/1.1,default,,200,,tls1.3,https://opensource-demo.orangehrmlive.com/web/index.php/auth/login,,
http_req_blocked,1753176943,0.000000,,,,true,,GET,https://opensource-demo.orangehrmlive.com/web/index.php/auth/login,HTTP/1.1,default,,200,,tls1.3,https://opensource-demo.orangehrmlive.com/web/index.php/auth/login,,
http_req_connecting,1753176943,0.000000,,,,true,,GET,https://opensource-demo.orangehrmlive.com/web/index.php/auth/login,HTTP/1.1,default,,200,,tls1.3,https://opensource-demo.orangehrmlive.com/web/index.php/auth/login,,
http_req_tls_handshaking,1753176943,0.000000,,,,true,,GET,https://opensource-demo.orangehrmlive.com/web/index.php/auth/login,HTTP/1.1,default,,200,,tls1.3,https://opensource-demo.orangehrmlive.com/web/index.php/auth/login,,
http_req_sending,1753176943,0.000000,,,,true,,GET,https://opensource-demo.orangehrmlive.com/web/index.php/auth/login,HTTP/1.1,default,,200,,tls1.3,https://opensource-demo.orangehrmlive.com/web/index.php/auth/login,,
http_req_waiting,1753176943,1034.152300,,,,true,,GET,https://opensource-demo.orangehrmlive.com/web/index.php/auth/login,HTTP/1.1,default,,200,,tls1.3,https://opensource-demo.orangehrmlive.com/web/index.php/auth/login,,
http_req_receiving,1753176943,0.778500,,,,true,,GET,https://opensource-demo.orangehrmlive.com/web/index.php/auth/login,HTTP/1.1,default,,200,,tls1.3,https://opensource-demo.orangehrmlive.com/web/index.php/auth/login,,
http_req_failed,1753176943,0.000000,,,,true,,GET,https://opensource-demo.orangehrmlive.com/web/index.php/auth/login,HTTP/1.1,default,,200,,tls1.3,https://opensource-demo.orangehrmlive.com/web/index.php/auth/login,,
checks,1753176943,1.000000,status is 200 or redirect,,,,,,,,default,,,,,,,
checks,1753176943,1.000000,response is not empty,,,,,,,,default,,,,,,,
http_reqs,1753176943,1.000000,,,,true,,POST,https://opensource-demo.orangehrmlive.com/web/index.php/auth/validate,HTTP/1.1,default,,302,,tls1.3,https://opensource-demo.orangehrmlive.com/web/index.php/auth/validate,,
http_req_duration,1753176943,869.440200,,,,true,,POST,https://opensource-demo.orangehrmlive.com/web/index.php/auth/validate,HTTP/1.1,default,,302,,tls1.3,https://opensource-demo.orangehrmlive.com/web/index.php/auth/validate,,
http_req_blocked,1753176943,0.000000,,,,true,,POST,https://opensource-demo.orangehrmlive.com/web/index.php/auth/validate,HTTP/1.1,default,,302,,tls1.3,https://opensource-demo.orangehrmlive.com/web/index.php/auth/validate,,
http_req_connecting,1753176943,0.000000,,,,true,,POST,https://opensource-demo.orangehrmlive.com/web/index.php/auth/validate,HTTP/1.1,default,,302,,tls1.3,https://opensource-demo.orangehrmlive.com/web/index.php/auth/validate,,
http_req_tls_handshaking,1753176943,0.000000,,,,true,,POST,https://opensource-demo.orangehrmlive.com/web/index.php/auth/validate,HTTP/1.1,default,,302,,tls1.3,https://opensource-demo.orangehrmlive.com/web/index.php/auth/validate,,
http_req_sending,1753176943,0.000000,,,,true,,POST,https://opensource-demo.orangehrmlive.com/web/index.php/auth/validate,HTTP/1.1,default,,302,,tls1.3,https://opensource-demo.orangehrmlive.com/web/index.php/auth/validate,,
http_req_waiting,1753176943,868.765000,,,,true,,POST,https://opensource-demo.orangehrmlive.com/web/index.php/auth/validate,HTTP/1.1,default,,302,,tls1.3,https://opensource-demo.orangehrmlive.com/web/index.php/auth/validate,,
http_req_receiving,1753176943,0.675200,,,,true,,POST,https://opensource-demo.orangehrmlive.com/web/index.php/auth/validate,HTTP/1.1,default,,302,,tls1.3,https://opensource-demo.orangehrmlive.com/web/index.php/auth/validate,,
http_req_failed,1753176943,0.000000,,,,true,,POST,https://opensource-demo.orangehrmlive.com/web/index.php/auth/validate,HTTP/1.1,default,,302,,tls1.3,https://opensource-demo.orangehrmlive.com/web/index.php/auth/validate,,
http_reqs,1753176943,1.000000,,,,true,,GET,https://opensource-demo.orangehrmlive.com/web/index.php/auth/login,HTTP/1.1,default,,200,,tls1.3,https://opensource-demo.orangehrmlive.com/web/index.php/auth/login,,
http_req_duration,1753176943,1001.235700,,,,true,,GET,https://opensource-demo.orangehrmlive.com/web/index.php/auth/login,HTTP/1.1,default,,200,,tls1.3,https://opensource-demo.orangehrmlive.com/web/index.php/auth/login,,
http_req_blocked,1753176943,0.000000,,,,true,,GET,https://opensource-demo.orangehrmlive.com/web/index.php/auth/login,HTTP/1.1,default,,200,,tls1.3,https://opensource-demo.orangehrmlive.com/web/index.php/auth/login,,
http_req_connecting,1753176943,0.000000,,,,true,,GET,https://opensource-demo.orangehrmlive.com/web/index.php/auth/login,HTTP/1.1,default,,200,,tls1.3,https://opensource-demo.orangehrmlive.com/web/index.php/auth/login,,
http_req_tls_handshaking,1753176943,0.000000,,,,true,,GET,https://opensource-demo.orangehrmlive.com/web/index.php/auth/login,HTTP/1.1,default,,200,,tls1.3,https://opensource-demo.orangehrmlive.com/web/index.php/auth/login,,
http_req_sending,1753176943,0.000000,,,,true,,GET,https://opensource-demo.orangehrmlive.com/web/index.php/auth/login,HTTP/1.1,default,,200,,tls1.3,https://opensource-demo.orangehrmlive.com/web/index.php/auth/login,,
http_req_waiting,1753176943,1000.660700,,,,true,,GET,https://opensource-demo.orangehrmlive.com/web/index.php/auth/login,HTTP/1.1,default,,200,,tls1.3,https://opensource-demo.orangehrmlive.com/web/index.php/auth/login,,
http_req_receiving,1753176943,0.575000,,,,true,,GET,https://opensource-demo.orangehrmlive.com/web/index.php/auth/login,HTTP/1.1,default,,200,,tls1.3,https://opensource-demo.orangehrmlive.com/web/index.php/auth/login,,
http_req_failed,1753176943,0.000000,,,,true,,GET,https://opensource-demo.orangehrmlive.com/web/index.php/auth/login,HTTP/1.1,default,,200,,tls1.3,https://opensource-demo.orangehrmlive.com/web/index.php/auth/login,,
checks,1753176943,1.000000,status is 200 or redirect,,,,,,,,default,,,,,,,
checks,1753176943,1.000000,response is not empty,,,,,,,,default,,,,,,,
http_reqs,1753176943,1.000000,,,,true,,GET,https://opensource-demo.orangehrmlive.com/web/index.php/auth/login,HTTP/1.1,default,,200,,tls1.3,https://opensource-demo.orangehrmlive.com/web/index.php/auth/login,,
http_req_duration,1753176943,1121.160500,,,,true,,GET,https://opensource-demo.orangehrmlive.com/web/index.php/auth/login,HTTP/1.1,default,,200,,tls1.3,https://opensource-demo.orangehrmlive.com/web/index.php/auth/login,,
http_req_blocked,1753176943,0.000000,,,,true,,GET,https://opensource-demo.orangehrmlive.com/web/index.php/auth/login,HTTP/1.1,default,,200,,tls1.3,https://opensource-demo.orangehrmlive.com/web/index.php/auth/login,,
http_req_connecting,1753176943,0.000000,,,,true,,GET,https://opensource-demo.orangehrmlive.com/web/index.php/auth/login,HTTP/1.1,default,,200,,tls1.3,https://opensource-demo.orangehrmlive.com/web/index.php/auth/login,,
http_req_tls_handshaking,1753176943,0.000000,,,,true,,GET,https://opensource-demo.orangehrmlive.com/web/index.php/auth/login,HTTP/1.1,default,,200,,tls1.3,https://opensource-demo.orangehrmlive.com/web/index.php/auth/login,,
http_req_sending,1753176943,0.000000,,,,true,,GET,https://opensource-demo.orangehrmlive.com/web/index.php/auth/login,HTTP/1.1,default,,200,,tls1.3,https://opensource-demo.orangehrmlive.com/web/index.php/auth/login,,
http_req_waiting,1753176943,1120.581500,,,,true,,GET,https://opensource-demo.orangehrmlive.com/web/index.php/auth/login,HTTP/1.1,default,,200,,tls1.3,https://opensource-demo.orangehrmlive.com/web/index.php/auth/login,,
http_req_receiving,1753176943,0.579000,,,,true,,GET,https://opensource-demo.orangehrmlive.com/web/index.php/auth/login,HTTP/1.1,default,,200,,tls1.3,https://opensource-demo.orangehrmlive.com/web/index.php/auth/login,,
http_req_failed,1753176943,0.000000,,,,true,,GET,https://opensource-demo.orangehrmlive.com/web/index.php/auth/login,HTTP/1.1,default,,200,,tls1.3,https://opensource-demo.orangehrmlive.com/web/index.php/auth/login,,
checks,1753176943,1.000000,status is 200 or redirect,,,,,,,,default,,,,,,,
checks,1753176943,1.000000,response is not empty,,,,,,,,default,,,,,,,
data_sent,1753176944,535.000000,,,,,,,,,default,,,,,,,
data_received,1753176944,7108.000000,,,,,,,,,default,,,,,,,
iteration_duration,1753176944,3169.967900,,,,,,,,,default,,,,,,,
iterations,1753176944,1.000000,,,,,,,,,default,,,,,,,
total_iterations,1753176944,1.000000,,,,,,,,,default,,,,,,,
http_reqs,1753176944,1.000000,,,,true,,POST,https://opensource-demo.orangehrmlive.com/web/index.php/auth/validate,HTTP/1.1,default,,302,,tls1.3,https://opensource-demo.orangehrmlive.com/web/index.php/auth/validate,,
http_req_duration,1753176944,755.711200,,,,true,,POST,https://opensource-demo.orangehrmlive.com/web/index.php/auth/validate,HTTP/1.1,default,,302,,tls1.3,https://opensource-demo.orangehrmlive.com/web/index.php/auth/validate,,
http_req_blocked,1753176944,0.000000,,,,true,,POST,https://opensource-demo.orangehrmlive.com/web/index.php/auth/validate,HTTP/1.1,default,,302,,tls1.3,https://opensource-demo.orangehrmlive.com/web/index.php/auth/validate,,
http_req_connecting,1753176944,0.000000,,,,true,,POST,https://opensource-demo.orangehrmlive.com/web/index.php/auth/validate,HTTP/1.1,default,,302,,tls1.3,https://opensource-demo.orangehrmlive.com/web/index.php/auth/validate,,
http_req_tls_handshaking,1753176944,0.000000,,,,true,,POST,https://opensource-demo.orangehrmlive.com/web/index.php/auth/validate,HTTP/1.1,default,,302,,tls1.3,https://opensource-demo.orangehrmlive.com/web/index.php/auth/validate,,
http_req_sending,1753176944,0.000000,,,,true,,POST,https://opensource-demo.orangehrmlive.com/web/index.php/auth/validate,HTTP/1.1,default,,302,,tls1.3,https://opensource-demo.orangehrmlive.com/web/index.php/auth/validate,,
http_req_waiting,1753176944,755.244500,,,,true,,POST,https://opensource-demo.orangehrmlive.com/web/index.php/auth/validate,HTTP/1.1,default,,302,,tls1.3,https://opensource-demo.orangehrmlive.com/web/index.php/auth/validate,,
http_req_receiving,1753176944,0.466700,,,,true,,POST,https://opensource-demo.orangehrmlive.com/web/index.php/auth/validate,HTTP/1.1,default,,302,,tls1.3,https://opensource-demo.orangehrmlive.com/web/index.php/auth/validate,,
http_req_failed,1753176944,0.000000,,,,true,,POST,https://opensource-demo.orangehrmlive.com/web/index.php/auth/validate,HTTP/1.1,default,,302,,tls1.3,https://opensource-demo.orangehrmlive.com/web/index.php/auth/validate,,
vus,1753176944,10.000000,,,,,,,,,,,,,,,,
vus_max,1753176944,10.000000,,,,,,,,,,,,,,,,
http_reqs,1753176944,1.000000,,,,true,,POST,https://opensource-demo.orangehrmlive.com/web/index.php/auth/validate,HTTP/1.1,default,,302,,tls1.3,https://opensource-demo.orangehrmlive.com/web/index.php/auth/validate,,
http_req_duration,1753176944,940.437600,,,,true,,POST,https://opensource-demo.orangehrmlive.com/web/index.php/auth/validate,HTTP/1.1,default,,302,,tls1.3,https://opensource-demo.orangehrmlive.com/web/index.php/auth/validate,,
http_req_blocked,1753176944,0.000000,,,,true,,POST,https://opensource-demo.orangehrmlive.com/web/index.php/auth/validate,HTTP/1.1,default,,302,,tls1.3,https://opensource-demo.orangehrmlive.com/web/index.php/auth/validate,,
http_req_connecting,1753176944,0.000000,,,,true,,POST,https://opensource-demo.orangehrmlive.com/web/index.php/auth/validate,HTTP/1.1,default,,302,,tls1.3,https://opensource-demo.orangehrmlive.com/web/index.php/auth/validate,,
http_req_tls_handshaking,1753176944,0.000000,,,,true,,POST,https://opensource-demo.orangehrmlive.com/web/index.php/auth/validate,HTTP/1.1,default,,302,,tls1.3,https://opensource-demo.orangehrmlive.com/web/index.php/auth/validate,,
http_req_sending,1753176944,0.804400,,,,true,,POST,https://opensource-demo.orangehrmlive.com/web/index.php/auth/validate,HTTP/1.1,default,,302,,tls1.3,https://opensource-demo.orangehrmlive.com/web/index.php/auth/validate,,
http_req_waiting,1753176944,939.078200,,,,true,,POST,https://opensource-demo.orangehrmlive.com/web/index.php/auth/validate,HTTP/1.1,default,,302,,tls1.3,https://opensource-demo.orangehrmlive.com/web/index.php/auth/validate,,
http_req_receiving,1753176944,0.555000,,,,true,,POST,https://opensource-demo.orangehrmlive.com/web/index.php/auth/validate,HTTP/1.1,default,,302,,tls1.3,https://opensource-demo.orangehrmlive.com/web/index.php/auth/validate,,
http_req_failed,1753176944,0.000000,,,,true,,POST,https://opensource-demo.orangehrmlive.com/web/index.php/auth/validate,HTTP/1.1,default,,302,,tls1.3,https://opensource-demo.orangehrmlive.com/web/index.php/auth/validate,,
data_sent,1753176944,526.000000,,,,,,,,,default,,,,,,,
data_received,1753176944,7121.000000,,,,,,,,,default,,,,,,,
iteration_duration,1753176944,2630.825500,,,,,,,,,default,,,,,,,
iterations,1753176944,1.000000,,,,,,,,,default,,,,,,,
total_iterations,1753176944,1.000000,,,,,,,,,default,,,,,,,
http_reqs,1753176944,1.000000,,,,true,,GET,https://opensource-demo.orangehrmlive.com/web/index.php/auth/login,HTTP/1.1,default,,200,,tls1.3,https://opensource-demo.orangehrmlive.com/web/index.php/auth/login,,
http_req_duration,1753176944,1268.241200,,,,true,,GET,https://opensource-demo.orangehrmlive.com/web/index.php/auth/login,HTTP/1.1,default,,200,,tls1.3,https://opensource-demo.orangehrmlive.com/web/index.php/auth/login,,
http_req_blocked,1753176944,0.000000,,,,true,,GET,https://opensource-demo.orangehrmlive.com/web/index.php/auth/login,HTTP/1.1,default,,200,,tls1.3,https://opensource-demo.orangehrmlive.com/web/index.php/auth/login,,
http_req_connecting,1753176944,0.000000,,,,true,,GET,https://opensource-demo.orangehrmlive.com/web/index.php/auth/login,HTTP/1.1,default,,200,,tls1.3,https://opensource-demo.orangehrmlive.com/web/index.php/auth/login,,
http_req_tls_handshaking,1753176944,0.000000,,,,true,,GET,https://opensource-demo.orangehrmlive.com/web/index.php/auth/login,HTTP/1.1,default,,200,,tls1.3,https://opensource-demo.orangehrmlive.com/web/index.php/auth/login,,
http_req_sending,1753176944,0.000000,,,,true,,GET,https://opensource-demo.orangehrmlive.com/web/index.php/auth/login,HTTP/1.1,default,,200,,tls1.3,https://opensource-demo.orangehrmlive.com/web/index.php/auth/login,,
http_req_waiting,1753176944,1267.759400,,,,true,,GET,https://opensource-demo.orangehrmlive.com/web/index.php/auth/login,HTTP/1.1,default,,200,,tls1.3,https://opensource-demo.orangehrmlive.com/web/index.php/auth/login,,
http_req_receiving,1753176944,0.481800,,,,true,,GET,https://opensource-demo.orangehrmlive.com/web/index.php/auth/login,HTTP/1.1,default,,200,,tls1.3,https://opensource-demo.orangehrmlive.com/web/index.php/auth/login,,
http_req_failed,1753176944,0.000000,,,,true,,GET,https://opensource-demo.orangehrmlive.com/web/index.php/auth/login,HTTP/1.1,default,,200,,tls1.3,https://opensource-demo.orangehrmlive.com/web/index.php/auth/login,,
checks,1753176944,1.000000,status is 200 or redirect,,,,,,,,default,,,,,,,
checks,1753176944,1.000000,response is not empty,,,,,,,,default,,,,,,,
data_sent,1753176944,528.000000,,,,,,,,,default,,,,,,,
data_received,1753176944,7126.000000,,,,,,,,,default,,,,,,,
iteration_duration,1753176944,2899.299100,,,,,,,,,default,,,,,,,
iterations,1753176944,1.000000,,,,,,,,,default,,,,,,,
total_iterations,1753176944,1.000000,,,,,,,,,default,,,,,,,
http_reqs,1753176944,1.000000,,,,true,,POST,https://opensource-demo.orangehrmlive.com/web/index.php/auth/validate,HTTP/1.1,default,,302,,tls1.3,https://opensource-demo.orangehrmlive.com/web/index.php/auth/validate,,
http_req_duration,1753176944,1080.654400,,,,true,,POST,https://opensource-demo.orangehrmlive.com/web/index.php/auth/validate,HTTP/1.1,default,,302,,tls1.3,https://opensource-demo.orangehrmlive.com/web/index.php/auth/validate,,
http_req_blocked,1753176944,0.000000,,,,true,,POST,https://opensource-demo.orangehrmlive.com/web/index.php/auth/validate,HTTP/1.1,default,,302,,tls1.3,https://opensource-demo.orangehrmlive.com/web/index.php/auth/validate,,
http_req_connecting,1753176944,0.000000,,,,true,,POST,https://opensource-demo.orangehrmlive.com/web/index.php/auth/validate,HTTP/1.1,default,,302,,tls1.3,https://opensource-demo.orangehrmlive.com/web/index.php/auth/validate,,
http_req_tls_handshaking,1753176944,0.000000,,,,true,,POST,https://opensource-demo.orangehrmlive.com/web/index.php/auth/validate,HTTP/1.1,default,,302,,tls1.3,https://opensource-demo.orangehrmlive.com/web/index.php/auth/validate,,
http_req_sending,1753176944,0.000000,,,,true,,POST,https://opensource-demo.orangehrmlive.com/web/index.php/auth/validate,HTTP/1.1,default,,302,,tls1.3,https://opensource-demo.orangehrmlive.com/web/index.php/auth/validate,,
http_req_waiting,1753176944,1080.654400,,,,true,,POST,https://opensource-demo.orangehrmlive.com/web/index.php/auth/validate,HTTP/1.1,default,,302,,tls1.3,https://opensource-demo.orangehrmlive.com/web/index.php/auth/validate,,
http_req_receiving,1753176944,0.000000,,,,true,,POST,https://opensource-demo.orangehrmlive.com/web/index.php/auth/validate,HTTP/1.1,default,,302,,tls1.3,https://opensource-demo.orangehrmlive.com/web/index.php/auth/validate,,
http_req_failed,1753176944,0.000000,,,,true,,POST,https://opensource-demo.orangehrmlive.com/web/index.php/auth/validate,HTTP/1.1,default,,302,,tls1.3,https://opensource-demo.orangehrmlive.com/web/index.php/auth/validate,,
data_sent,1753176944,526.000000,,,,,,,,,default,,,,,,,
data_received,1753176944,7123.000000,,,,,,,,,default,,,,,,,
iteration_duration,1753176944,2917.503000,,,,,,,,,default,,,,,,,
iterations,1753176944,1.000000,,,,,,,,,default,,,,,,,
total_iterations,1753176944,1.000000,,,,,,,,,default,,,,,,,
data_sent,1753176944,529.000000,,,,,,,,,default,,,,,,,
data_received,1753176944,7129.000000,,,,,,,,,default,,,,,,,
iteration_duration,1753176944,3167.663300,,,,,,,,,default,,,,,,,
iterations,1753176944,1.000000,,,,,,,,,default,,,,,,,
total_iterations,1753176944,1.000000,,,,,,,,,default,,,,,,,
http_reqs,1753176945,1.000000,,,,true,,POST,https://opensource-demo.orangehrmlive.com/web/index.php/auth/validate,HTTP/1.1,default,,302,,tls1.3,https://opensource-demo.orangehrmlive.com/web/index.php/auth/validate,,
http_req_duration,1753176945,1026.455000,,,,true,,POST,https://opensource-demo.orangehrmlive.com/web/index.php/auth/validate,HTTP/1.1,default,,302,,tls1.3,https://opensource-demo.orangehrmlive.com/web/index.php/auth/validate,,
http_req_blocked,1753176945,0.000000,,,,true,,POST,https://opensource-demo.orangehrmlive.com/web/index.php/auth/validate,HTTP/1.1,default,,302,,tls1.3,https://opensource-demo.orangehrmlive.com/web/index.php/auth/validate,,
http_req_connecting,1753176945,0.000000,,,,true,,POST,https://opensource-demo.orangehrmlive.com/web/index.php/auth/validate,HTTP/1.1,default,,302,,tls1.3,https://opensource-demo.orangehrmlive.com/web/index.php/auth/validate,,
http_req_tls_handshaking,1753176945,0.000000,,,,true,,POST,https://opensource-demo.orangehrmlive.com/web/index.php/auth/validate,HTTP/1.1,default,,302,,tls1.3,https://opensource-demo.orangehrmlive.com/web/index.php/auth/validate,,
http_req_sending,1753176945,0.000000,,,,true,,POST,https://opensource-demo.orangehrmlive.com/web/index.php/auth/validate,HTTP/1.1,default,,302,,tls1.3,https://opensource-demo.orangehrmlive.com/web/index.php/auth/validate,,
http_req_waiting,1753176945,1026.455000,,,,true,,POST,https://opensource-demo.orangehrmlive.com/web/index.php/auth/validate,HTTP/1.1,default,,302,,tls1.3,https://opensource-demo.orangehrmlive.com/web/index.php/auth/validate,,
http_req_receiving,1753176945,0.000000,,,,true,,POST,https://opensource-demo.orangehrmlive.com/web/index.php/auth/validate,HTTP/1.1,default,,302,,tls1.3,https://opensource-demo.orangehrmlive.com/web/index.php/auth/validate,,
http_req_failed,1753176945,0.000000,,,,true,,POST,https://opensource-demo.orangehrmlive.com/web/index.php/auth/validate,HTTP/1.1,default,,302,,tls1.3,https://opensource-demo.orangehrmlive.com/web/index.php/auth/validate,,
http_reqs,1753176945,1.000000,,,,true,,GET,https://opensource-demo.orangehrmlive.com/web/index.php/auth/login,HTTP/1.1,default,,200,,tls1.3,https://opensource-demo.orangehrmlive.com/web/index.php/auth/login,,
http_req_duration,1753176945,1490.831600,,,,true,,GET,https://opensource-demo.orangehrmlive.com/web/index.php/auth/login,HTTP/1.1,default,,200,,tls1.3,https://opensource-demo.orangehrmlive.com/web/index.php/auth/login,,
http_req_blocked,1753176945,0.000000,,,,true,,GET,https://opensource-demo.orangehrmlive.com/web/index.php/auth/login,HTTP/1.1,default,,200,,tls1.3,https://opensource-demo.orangehrmlive.com/web/index.php/auth/login,,
http_req_connecting,1753176945,0.000000,,,,true,,GET,https://opensource-demo.orangehrmlive.com/web/index.php/auth/login,HTTP/1.1,default,,200,,tls1.3,https://opensource-demo.orangehrmlive.com/web/index.php/auth/login,,
http_req_tls_handshaking,1753176945,0.000000,,,,true,,GET,https://opensource-demo.orangehrmlive.com/web/index.php/auth/login,HTTP/1.1,default,,200,,tls1.3,https://opensource-demo.orangehrmlive.com/web/index.php/auth/login,,
http_req_sending,1753176945,0.000000,,,,true,,GET,https://opensource-demo.orangehrmlive.com/web/index.php/auth/login,HTTP/1.1,default,,200,,tls1.3,https://opensource-demo.orangehrmlive.com/web/index.php/auth/login,,
http_req_waiting,1753176945,1490.192500,,,,true,,GET,https://opensource-demo.orangehrmlive.com/web/index.php/auth/login,HTTP/1.1,default,,200,,tls1.3,https://opensource-demo.orangehrmlive.com/web/index.php/auth/login,,
http_req_receiving,1753176945,0.639100,,,,true,,GET,https://opensource-demo.orangehrmlive.com/web/index.php/auth/login,HTTP/1.1,default,,200,,tls1.3,https://opensource-demo.orangehrmlive.com/web/index.php/auth/login,,
http_req_failed,1753176945,0.000000,,,,true,,GET,https://opensource-demo.orangehrmlive.com/web/index.php/auth/login,HTTP/1.1,default,,200,,tls1.3,https://opensource-demo.orangehrmlive.com/web/index.php/auth/login,,
checks,1753176945,1.000000,status is 200 or redirect,,,,,,,,default,,,,,,,
checks,1753176945,1.000000,response is not empty,,,,,,,,default,,,,,,,
vus,1753176945,10.000000,,,,,,,,,,,,,,,,
vus_max,1753176945,10.000000,,,,,,,,,,,,,,,,
http_reqs,1753176945,1.000000,,,,true,,GET,https://opensource-demo.orangehrmlive.com/web/index.php/auth/login,HTTP/1.1,default,,200,,tls1.3,https://opensource-demo.orangehrmlive.com/web/index.php/auth/login,,
http_req_duration,1753176945,1147.064100,,,,true,,GET,https://opensource-demo.orangehrmlive.com/web/index.php/auth/login,HTTP/1.1,default,,200,,tls1.3,https://opensource-demo.orangehrmlive.com/web/index.php/auth/login,,
http_req_blocked,1753176945,0.000000,,,,true,,GET,https://opensource-demo.orangehrmlive.com/web/index.php/auth/login,HTTP/1.1,default,,200,,tls1.3,https://opensource-demo.orangehrmlive.com/web/index.php/auth/login,,
http_req_connecting,1753176945,0.000000,,,,true,,GET,https://opensource-demo.orangehrmlive.com/web/index.php/auth/login,HTTP/1.1,default,,200,,tls1.3,https://opensource-demo.orangehrmlive.com/web/index.php/auth/login,,
http_req_tls_handshaking,1753176945,0.000000,,,,true,,GET,https://opensource-demo.orangehrmlive.com/web/index.php/auth/login,HTTP/1.1,default,,200,,tls1.3,https://opensource-demo.orangehrmlive.com/web/index.php/auth/login,,
http_req_sending,1753176945,0.000000,,,,true,,GET,https://opensource-demo.orangehrmlive.com/web/index.php/auth/login,HTTP/1.1,default,,200,,tls1.3,https://opensource-demo.orangehrmlive.com/web/index.php/auth/login,,
http_req_waiting,1753176945,1146.202100,,,,true,,GET,https://opensource-demo.orangehrmlive.com/web/index.php/auth/login,HTTP/1.1,default,,200,,tls1.3,https://opensource-demo.orangehrmlive.com/web/index.php/auth/login,,
http_req_receiving,1753176945,0.862000,,,,true,,GET,https://opensource-demo.orangehrmlive.com/web/index.php/auth/login,HTTP/1.1,default,,200,,tls1.3,https://opensource-demo.orangehrmlive.com/web/index.php/auth/login,,
http_req_failed,1753176945,0.000000,,,,true,,GET,https://opensource-demo.orangehrmlive.com/web/index.php/auth/login,HTTP/1.1,default,,200,,tls1.3,https://opensource-demo.orangehrmlive.com/web/index.php/auth/login,,
checks,1753176945,1.000000,status is 200 or redirect,,,,,,,,default,,,,,,,
checks,1753176945,1.000000,response is not empty,,,,,,,,default,,,,,,,
http_reqs,1753176945,1.000000,,,,true,,POST,https://opensource-demo.orangehrmlive.com/web/index.php/auth/validate,HTTP/1.1,default,,302,,tls1.3,https://opensource-demo.orangehrmlive.com/web/index.php/auth/validate,,
http_req_duration,1753176945,984.410900,,,,true,,POST,https://opensource-demo.orangehrmlive.com/web/index.php/auth/validate,HTTP/1.1,default,,302,,tls1.3,https://opensource-demo.orangehrmlive.com/web/index.php/auth/validate,,
http_req_blocked,1753176945,0.000000,,,,true,,POST,https://opensource-demo.orangehrmlive.com/web/index.php/auth/validate,HTTP/1.1,default,,302,,tls1.3,https://opensource-demo.orangehrmlive.com/web/index.php/auth/validate,,
http_req_connecting,1753176945,0.000000,,,,true,,POST,https://opensource-demo.orangehrmlive.com/web/index.php/auth/validate,HTTP/1.1,default,,302,,tls1.3,https://opensource-demo.orangehrmlive.com/web/index.php/auth/validate,,
http_req_tls_handshaking,1753176945,0.000000,,,,true,,POST,https://opensource-demo.orangehrmlive.com/web/index.php/auth/validate,HTTP/1.1,default,,302,,tls1.3,https://opensource-demo.orangehrmlive.com/web/index.php/auth/validate,,
http_req_sending,1753176945,0.000000,,,,true,,POST,https://opensource-demo.orangehrmlive.com/web/index.php/auth/validate,HTTP/1.1,default,,302,,tls1.3,https://opensource-demo.orangehrmlive.com/web/index.php/auth/validate,,
http_req_waiting,1753176945,983.626400,,,,true,,POST,https://opensource-demo.orangehrmlive.com/web/index.php/auth/validate,HTTP/1.1,default,,302,,tls1.3,https://opensource-demo.orangehrmlive.com/web/index.php/auth/validate,,
http_req_receiving,1753176945,0.784500,,,,true,,POST,https://opensource-demo.orangehrmlive.com/web/index.php/auth/validate,HTTP/1.1,default,,302,,tls1.3,https://opensource-demo.orangehrmlive.com/web/index.php/auth/validate,,
http_req_failed,1753176945,0.000000,,,,true,,POST,https://opensource-demo.orangehrmlive.com/web/index.php/auth/validate,HTTP/1.1,default,,302,,tls1.3,https://opensource-demo.orangehrmlive.com/web/index.php/auth/validate,,
data_sent,1753176945,526.000000,,,,,,,,,default,,,,,,,
data_received,1753176945,7109.000000,,,,,,,,,default,,,,,,,
iteration_duration,1753176945,3267.906600,,,,,,,,,default,,,,,,,
iterations,1753176945,1.000000,,,,,,,,,default,,,,,,,
total_iterations,1753176945,1.000000,,,,,,,,,default,,,,,,,
http_reqs,1753176945,1.000000,,,,true,,GET,https://opensource-demo.orangehrmlive.com/web/index.php/auth/login,HTTP/1.1,default,,200,,tls1.3,https://opensource-demo.orangehrmlive.com/web/index.php/auth/login,,
http_req_duration,1753176945,1089.397400,,,,true,,GET,https://opensource-demo.orangehrmlive.com/web/index.php/auth/login,HTTP/1.1,default,,200,,tls1.3,https://opensource-demo.orangehrmlive.com/web/index.php/auth/login,,
http_req_blocked,1753176945,0.000000,,,,true,,GET,https://opensource-demo.orangehrmlive.com/web/index.php/auth/login,HTTP/1.1,default,,200,,tls1.3,https://opensource-demo.orangehrmlive.com/web/index.php/auth/login,,
http_req_connecting,1753176945,0.000000,,,,true,,GET,https://opensource-demo.orangehrmlive.com/web/index.php/auth/login,HTTP/1.1,default,,200,,tls1.3,https://opensource-demo.orangehrmlive.com/web/index.php/auth/login,,
http_req_tls_handshaking,1753176945,0.000000,,,,true,,GET,https://opensource-demo.orangehrmlive.com/web/index.php/auth/login,HTTP/1.1,default,,200,,tls1.3,https://opensource-demo.orangehrmlive.com/web/index.php/auth/login,,
http_req_sending,1753176945,0.000000,,,,true,,GET,https://opensource-demo.orangehrmlive.com/web/index.php/auth/login,HTTP/1.1,default,,200,,tls1.3,https://opensource-demo.orangehrmlive.com/web/index.php/auth/login,,
http_req_waiting,1753176945,1088.868000,,,,true,,GET,https://opensource-demo.orangehrmlive.com/web/index.php/auth/login,HTTP/1.1,default,,200,,tls1.3,https://opensource-demo.orangehrmlive.com/web/index.php/auth/login,,
http_req_receiving,1753176945,0.529400,,,,true,,GET,https://opensource-demo.orangehrmlive.com/web/index.php/auth/login,HTTP/1.1,default,,200,,tls1.3,https://opensource-demo.orangehrmlive.com/web/index.php/auth/login,,
http_req_failed,1753176945,0.000000,,,,true,,GET,https://opensource-demo.orangehrmlive.com/web/index.php/auth/login,HTTP/1.1,default,,200,,tls1.3,https://opensource-demo.orangehrmlive.com/web/index.php/auth/login,,
checks,1753176945,1.000000,status is 200 or redirect,,,,,,,,default,,,,,,,
checks,1753176945,1.000000,response is not empty,,,,,,,,default,,,,,,,
http_reqs,1753176945,1.000000,,,,true,,POST,https://opensource-demo.orangehrmlive.com/web/index.php/auth/validate,HTTP/1.1,default,,302,,tls1.3,https://opensource-demo.orangehrmlive.com/web/index.php/auth/validate,,
http_req_duration,1753176945,745.500700,,,,true,,POST,https://opensource-demo.orangehrmlive.com/web/index.php/auth/validate,HTTP/1.1,default,,302,,tls1.3,https://opensource-demo.orangehrmlive.com/web/index.php/auth/validate,,
http_req_blocked,1753176945,0.000000,,,,true,,POST,https://opensource-demo.orangehrmlive.com/web/index.php/auth/validate,HTTP/1.1,default,,302,,tls1.3,https://opensource-demo.orangehrmlive.com/web/index.php/auth/validate,,
http_req_connecting,1753176945,0.000000,,,,true,,POST,https://opensource-demo.orangehrmlive.com/web/index.php/auth/validate,HTTP/1.1,default,,302,,tls1.3,https://opensource-demo.orangehrmlive.com/web/index.php/auth/validate,,
http_req_tls_handshaking,1753176945,0.000000,,,,true,,POST,https://opensource-demo.orangehrmlive.com/web/index.php/auth/validate,HTTP/1.1,default,,302,,tls1.3,https://opensource-demo.orangehrmlive.com/web/index.php/auth/validate,,
http_req_sending,1753176945,0.000000,,,,true,,POST,https://opensource-demo.orangehrmlive.com/web/index.php/auth/validate,HTTP/1.1,default,,302,,tls1.3,https://opensource-demo.orangehrmlive.com/web/index.php/auth/validate,,
http_req_waiting,1753176945,745.013200,,,,true,,POST,https://opensource-demo.orangehrmlive.com/web/index.php/auth/validate,HTTP/1.1,default,,302,,tls1.3,https://opensource-demo.orangehrmlive.com/web/index.php/auth/validate,,
http_req_receiving,1753176945,0.487500,,,,true,,POST,https://opensource-demo.orangehrmlive.com/web/index.php/auth/validate,HTTP/1.1,default,,302,,tls1.3,https://opensource-demo.orangehrmlive.com/web/index.php/auth/validate,,
http_req_failed,1753176945,0.000000,,,,true,,POST,https://opensource-demo.orangehrmlive.com/web/index.php/auth/validate,HTTP/1.1,default,,302,,tls1.3,https://opensource-demo.orangehrmlive.com/web/index.php/auth/validate,,
http_reqs,1753176945,1.000000,,,,true,,GET,https://opensource-demo.orangehrmlive.com/web/index.php/auth/login,HTTP/1.1,default,,200,,tls1.3,https://opensource-demo.orangehrmlive.com/web/index.php/auth/login,,
http_req_duration,1753176945,1256.546700,,,,true,,GET,https://opensource-demo.orangehrmlive.com/web/index.php/auth/login,HTTP/1.1,default,,200,,tls1.3,https://opensource-demo.orangehrmlive.com/web/index.php/auth/login,,
http_req_blocked,1753176945,0.000000,,,,true,,GET,https://opensource-demo.orangehrmlive.com/web/index.php/auth/login,HTTP/1.1,default,,200,,tls1.3,https://opensource-demo.orangehrmlive.com/web/index.php/auth/login,,
http_req_connecting,1753176945,0.000000,,,,true,,GET,https://opensource-demo.orangehrmlive.com/web/index.php/auth/login,HTTP/1.1,default,,200,,tls1.3,https://opensource-demo.orangehrmlive.com/web/index.php/auth/login,,
http_req_tls_handshaking,1753176945,0.000000,,,,true,,GET,https://opensource-demo.orangehrmlive.com/web/index.php/auth/login,HTTP/1.1,default,,200,,tls1.3,https://opensource-demo.orangehrmlive.com/web/index.php/auth/login,,
http_req_sending,1753176945,0.000000,,,,true,,GET,https://opensource-demo.orangehrmlive.com/web/index.php/auth/login,HTTP/1.1,default,,200,,tls1.3,https://opensource-demo.orangehrmlive.com/web/index.php/auth/login,,
http_req_waiting,1753176945,1256.165100,,,,true,,GET,https://opensource-demo.orangehrmlive.com/web/index.php/auth/login,HTTP/1.1,default,,200,,tls1.3,https://opensource-demo.orangehrmlive.com/web/index.php/auth/login,,
http_req_receiving,1753176945,0.381600,,,,true,,GET,https://opensource-demo.orangehrmlive.com/web/index.php/auth/login,HTTP/1.1,default,,200,,tls1.3,https://opensource-demo.orangehrmlive.com/web/index.php/auth/login,,
http_req_failed,1753176945,0.000000,,,,true,,GET,https://opensource-demo.orangehrmlive.com/web/index.php/auth/login,HTTP/1.1,default,,200,,tls1.3,https://opensource-demo.orangehrmlive.com/web/index.php/auth/login,,
checks,1753176945,1.000000,status is 200 or redirect,,,,,,,,default,,,,,,,
checks,1753176945,1.000000,response is not empty,,,,,,,,default,,,,,,,
http_reqs,1753176945,1.000000,,,,true,,POST,https://opensource-demo.orangehrmlive.com/web/index.php/auth/validate,HTTP/1.1,default,,302,,tls1.3,https://opensource-demo.orangehrmlive.com/web/index.php/auth/validate,,
http_req_duration,1753176945,1289.710600,,,,true,,POST,https://opensource-demo.orangehrmlive.com/web/index.php/auth/validate,HTTP/1.1,default,,302,,tls1.3,https://opensource-demo.orangehrmlive.com/web/index.php/auth/validate,,
http_req_blocked,1753176945,0.000000,,,,true,,POST,https://opensource-demo.orangehrmlive.com/web/index.php/auth/validate,HTTP/1.1,default,,302,,tls1.3,https://opensource-demo.orangehrmlive.com/web/index.php/auth/validate,,
http_req_connecting,1753176945,0.000000,,,,true,,POST,https://opensource-demo.orangehrmlive.com/web/index.php/auth/validate,HTTP/1.1,default,,302,,tls1.3,https://opensource-demo.orangehrmlive.com/web/index.php/auth/validate,,
http_req_tls_handshaking,1753176945,0.000000,,,,true,,POST,https://opensource-demo.orangehrmlive.com/web/index.php/auth/validate,HTTP/1.1,default,,302,,tls1.3,https://opensource-demo.orangehrmlive.com/web/index.php/auth/validate,,
http_req_sending,1753176945,0.000000,,,,true,,POST,https://opensource-demo.orangehrmlive.com/web/index.php/auth/validate,HTTP/1.1,default,,302,,tls1.3,https://opensource-demo.orangehrmlive.com/web/index.php/auth/validate,,
http_req_waiting,1753176945,1289.122400,,,,true,,POST,https://opensource-demo.orangehrmlive.com/web/index.php/auth/validate,HTTP/1.1,default,,302,,tls1.3,https://opensource-demo.orangehrmlive.com/web/index.php/auth/validate,,
http_req_receiving,1753176945,0.588200,,,,true,,POST,https://opensource-demo.orangehrmlive.com/web/index.php/auth/validate,HTTP/1.1,default,,302,,tls1.3,https://opensource-demo.orangehrmlive.com/web/index.php/auth/validate,,
http_req_failed,1753176945,0.000000,,,,true,,POST,https://opensource-demo.orangehrmlive.com/web/index.php/auth/validate,HTTP/1.1,default,,302,,tls1.3,https://opensource-demo.orangehrmlive.com/web/index.php/auth/validate,,
http_reqs,1753176946,1.000000,,,,true,,POST,https://opensource-demo.orangehrmlive.com/web/index.php/auth/validate,HTTP/1.1,default,,302,,tls1.3,https://opensource-demo.orangehrmlive.com/web/index.php/auth/validate,,
http_req_duration,1753176946,1142.863600,,,,true,,POST,https://opensource-demo.orangehrmlive.com/web/index.php/auth/validate,HTTP/1.1,default,,302,,tls1.3,https://opensource-demo.orangehrmlive.com/web/index.php/auth/validate,,
http_req_blocked,1753176946,0.000000,,,,true,,POST,https://opensource-demo.orangehrmlive.com/web/index.php/auth/validate,HTTP/1.1,default,,302,,tls1.3,https://opensource-demo.orangehrmlive.com/web/index.php/auth/validate,,
http_req_connecting,1753176946,0.000000,,,,true,,POST,https://opensource-demo.orangehrmlive.com/web/index.php/auth/validate,HTTP/1.1,default,,302,,tls1.3,https://opensource-demo.orangehrmlive.com/web/index.php/auth/validate,,
http_req_tls_handshaking,1753176946,0.000000,,,,true,,POST,https://opensource-demo.orangehrmlive.com/web/index.php/auth/validate,HTTP/1.1,default,,302,,tls1.3,https://opensource-demo.orangehrmlive.com/web/index.php/auth/validate,,
http_req_sending,1753176946,0.000000,,,,true,,POST,https://opensource-demo.orangehrmlive.com/web/index.php/auth/validate,HTTP/1.1,default,,302,,tls1.3,https://opensource-demo.orangehrmlive.com/web/index.php/auth/validate,,
http_req_waiting,1753176946,1141.847400,,,,true,,POST,https://opensource-demo.orangehrmlive.com/web/index.php/auth/validate,HTTP/1.1,default,,302,,tls1.3,https://opensource-demo.orangehrmlive.com/web/index.php/auth/validate,,
http_req_receiving,1753176946,1.016200,,,,true,,POST,https://opensource-demo.orangehrmlive.com/web/index.php/auth/validate,HTTP/1.1,default,,302,,tls1.3,https://opensource-demo.orangehrmlive.com/web/index.php/auth/validate,,
http_req_failed,1753176946,0.000000,,,,true,,POST,https://opensource-demo.orangehrmlive.com/web/index.php/auth/validate,HTTP/1.1,default,,302,,tls1.3,https://opensource-demo.orangehrmlive.com/web/index.php/auth/validate,,
data_sent,1753176946,528.000000,,,,,,,,,default,,,,,,,
data_received,1753176946,7106.000000,,,,,,,,,default,,,,,,,
iteration_duration,1753176946,3361.234400,,,,,,,,,default,,,,,,,
iterations,1753176946,1.000000,,,,,,,,,default,,,,,,,
total_iterations,1753176946,1.000000,,,,,,,,,default,,,,,,,
vus,1753176946,10.000000,,,,,,,,,,,,,,,,
vus_max,1753176946,10.000000,,,,,,,,,,,,,,,,
data_sent,1753176946,525.000000,,,,,,,,,default,,,,,,,
data_received,1753176946,7101.000000,,,,,,,,,default,,,,,,,
iteration_duration,1753176946,2903.449400,,,,,,,,,default,,,,,,,
iterations,1753176946,1.000000,,,,,,,,,default,,,,,,,
total_iterations,1753176946,1.000000,,,,,,,,,default,,,,,,,
http_reqs,1753176946,1.000000,,,,true,,GET,https://opensource-demo.orangehrmlive.com/web/index.php/auth/login,HTTP/1.1,default,,200,,tls1.3,https://opensource-demo.orangehrmlive.com/web/index.php/auth/login,,
http_req_duration,1753176946,1239.224900,,,,true,,GET,https://opensource-demo.orangehrmlive.com/web/index.php/auth/login,HTTP/1.1,default,,200,,tls1.3,https://opensource-demo.orangehrmlive.com/web/index.php/auth/login,,
http_req_blocked,1753176946,0.000000,,,,true,,GET,https://opensource-demo.orangehrmlive.com/web/index.php/auth/login,HTTP/1.1,default,,200,,tls1.3,https://opensource-demo.orangehrmlive.com/web/index.php/auth/login,,
http_req_connecting,1753176946,0.000000,,,,true,,GET,https://opensource-demo.orangehrmlive.com/web/index.php/auth/login,HTTP/1.1,default,,200,,tls1.3,https://opensource-demo.orangehrmlive.com/web/index.php/auth/login,,
http_req_tls_handshaking,1753176946,0.000000,,,,true,,GET,https://opensource-demo.orangehrmlive.com/web/index.php/auth/login,HTTP/1.1,default,,200,,tls1.3,https://opensource-demo.orangehrmlive.com/web/index.php/auth/login,,
http_req_sending,1753176946,0.000000,,,,true,,GET,https://opensource-demo.orangehrmlive.com/web/index.php/auth/login,HTTP/1.1,default,,200,,tls1.3,https://opensource-demo.orangehrmlive.com/web/index.php/auth/login,,
http_req_waiting,1753176946,1239.224900,,,,true,,GET,https://opensource-demo.orangehrmlive.com/web/index.php/auth/login,HTTP/1.1,default,,200,,tls1.3,https://opensource-demo.orangehrmlive.com/web/index.php/auth/login,,
http_req_receiving,1753176946,0.000000,,,,true,,GET,https://opensource-demo.orangehrmlive.com/web/index.php/auth/login,HTTP/1.1,default,,200,,tls1.3,https://opensource-demo.orangehrmlive.com/web/index.php/auth/login,,
http_req_failed,1753176946,0.000000,,,,true,,GET,https://opensource-demo.orangehrmlive.com/web/index.php/auth/login,HTTP/1.1,default,,200,,tls1.3,https://opensource-demo.orangehrmlive.com/web/index.php/auth/login,,
checks,1753176946,1.000000,status is 200 or redirect,,,,,,,,default,,,,,,,
checks,1753176946,1.000000,response is not empty,,,,,,,,default,,,,,,,
http_reqs,1753176946,1.000000,,,,true,,POST,https://opensource-demo.orangehrmlive.com/web/index.php/auth/validate,HTTP/1.1,default,,302,,tls1.3,https://opensource-demo.orangehrmlive.com/web/index.php/auth/validate,,
http_req_duration,1753176946,938.769300,,,,true,,POST,https://opensource-demo.orangehrmlive.com/web/index.php/auth/validate,HTTP/1.1,default,,302,,tls1.3,https://opensource-demo.orangehrmlive.com/web/index.php/auth/validate,,
http_req_blocked,1753176946,0.000000,,,,true,,POST,https://opensource-demo.orangehrmlive.com/web/index.php/auth/validate,HTTP/1.1,default,,302,,tls1.3,https://opensource-demo.orangehrmlive.com/web/index.php/auth/validate,,
http_req_connecting,1753176946,0.000000,,,,true,,POST,https://opensource-demo.orangehrmlive.com/web/index.php/auth/validate,HTTP/1.1,default,,302,,tls1.3,https://opensource-demo.orangehrmlive.com/web/index.php/auth/validate,,
http_req_tls_handshaking,1753176946,0.000000,,,,true,,POST,https://opensource-demo.orangehrmlive.com/web/index.php/auth/validate,HTTP/1.1,default,,302,,tls1.3,https://opensource-demo.orangehrmlive.com/web/index.php/auth/validate,,
http_req_sending,1753176946,0.000000,,,,true,,POST,https://opensource-demo.orangehrmlive.com/web/index.php/auth/validate,HTTP/1.1,default,,302,,tls1.3,https://opensource-demo.orangehrmlive.com/web/index.php/auth/validate,,
http_req_waiting,1753176946,938.769300,,,,true,,POST,https://opensource-demo.orangehrmlive.com/web/index.php/auth/validate,HTTP/1.1,default,,302,,tls1.3,https://opensource-demo.orangehrmlive.com/web/index.php/auth/validate,,
http_req_receiving,1753176946,0.000000,,,,true,,POST,https://opensource-demo.orangehrmlive.com/web/index.php/auth/validate,HTTP/1.1,default,,302,,tls1.3,https://opensource-demo.orangehrmlive.com/web/index.php/auth/validate,,
http_req_failed,1753176946,0.000000,,,,true,,POST,https://opensource-demo.orangehrmlive.com/web/index.php/auth/validate,HTTP/1.1,default,,302,,tls1.3,https://opensource-demo.orangehrmlive.com/web/index.php/auth/validate,,
data_sent,1753176946,526.000000,,,,,,,,,default,,,,,,,
data_received,1753176946,7120.000000,,,,,,,,,default,,,,,,,
iteration_duration,1753176946,3030.335700,,,,,,,,,default,,,,,,,
iterations,1753176946,1.000000,,,,,,,,,default,,,,,,,
total_iterations,1753176946,1.000000,,,,,,,,,default,,,,,,,
http_reqs,1753176946,1.000000,,,,true,,GET,https://opensource-demo.orangehrmlive.com/web/index.php/auth/login,HTTP/1.1,default,,200,,tls1.3,https://opensource-demo.orangehrmlive.com/web/index.php/auth/login,,
http_req_duration,1753176946,1265.310200,,,,true,,GET,https://opensource-demo.orangehrmlive.com/web/index.php/auth/login,HTTP/1.1,default,,200,,tls1.3,https://opensource-demo.orangehrmlive.com/web/index.php/auth/login,,
http_req_blocked,1753176946,0.000000,,,,true,,GET,https://opensource-demo.orangehrmlive.com/web/index.php/auth/login,HTTP/1.1,default,,200,,tls1.3,https://opensource-demo.orangehrmlive.com/web/index.php/auth/login,,
http_req_connecting,1753176946,0.000000,,,,true,,GET,https://opensource-demo.orangehrmlive.com/web/index.php/auth/login,HTTP/1.1,default,,200,,tls1.3,https://opensource-demo.orangehrmlive.com/web/index.php/auth/login,,
http_req_tls_handshaking,1753176946,0.000000,,,,true,,GET,https://opensource-demo.orangehrmlive.com/web/index.php/auth/login,HTTP/1.1,default,,200,,tls1.3,https://opensource-demo.orangehrmlive.com/web/index.php/auth/login,,
http_req_sending,1753176946,0.000000,,,,true,,GET,https://opensource-demo.orangehrmlive.com/web/index.php/auth/login,HTTP/1.1,default,,200,,tls1.3,https://opensource-demo.orangehrmlive.com/web/index.php/auth/login,,
http_req_waiting,1753176946,1264.827600,,,,true,,GET,https://opensource-demo.orangehrmlive.com/web/index.php/auth/login,HTTP/1.1,default,,200,,tls1.3,https://opensource-demo.orangehrmlive.com/web/index.php/auth/login,,
http_req_receiving,1753176946,0.482600,,,,true,,GET,https://opensource-demo.orangehrmlive.com/web/index.php/auth/login,HTTP/1.1,default,,200,,tls1.3,https://opensource-demo.orangehrmlive.com/web/index.php/auth/login,,
http_req_failed,1753176946,0.000000,,,,true,,GET,https://opensource-demo.orangehrmlive.com/web/index.php/auth/login,HTTP/1.1,default,,200,,tls1.3,https://opensource-demo.orangehrmlive.com/web/index.php/auth/login,,
http_reqs,1753176946,1.000000,,,,true,,GET,https://opensource-demo.orangehrmlive.com/web/index.php/auth/login,HTTP/1.1,default,,200,,tls1.3,https://opensource-demo.orangehrmlive.com/web/index.php/auth/login,,
http_req_duration,1753176946,1134.104500,,,,true,,GET,https://opensource-demo.orangehrmlive.com/web/index.php/auth/login,HTTP/1.1,default,,200,,tls1.3,https://opensource-demo.orangehrmlive.com/web/index.php/auth/login,,
http_req_blocked,1753176946,0.000000,,,,true,,GET,https://opensource-demo.orangehrmlive.com/web/index.php/auth/login,HTTP/1.1,default,,200,,tls1.3,https://opensource-demo.orangehrmlive.com/web/index.php/auth/login,,
http_req_connecting,1753176946,0.000000,,,,true,,GET,https://opensource-demo.orangehrmlive.com/web/index.php/auth/login,HTTP/1.1,default,,200,,tls1.3,https://opensource-demo.orangehrmlive.com/web/index.php/auth/login,,
http_req_tls_handshaking,1753176946,0.000000,,,,true,,GET,https://opensource-demo.orangehrmlive.com/web/index.php/auth/login,HTTP/1.1,default,,200,,tls1.3,https://opensource-demo.orangehrmlive.com/web/index.php/auth/login,,
http_req_sending,1753176946,0.000000,,,,true,,GET,https://opensource-demo.orangehrmlive.com/web/index.php/auth/login,HTTP/1.1,default,,200,,tls1.3,https://opensource-demo.orangehrmlive.com/web/index.php/auth/login,,
http_req_waiting,1753176946,1134.104500,,,,true,,GET,https://opensource-demo.orangehrmlive.com/web/index.php/auth/login,HTTP/1.1,default,,200,,tls1.3,https://opensource-demo.orangehrmlive.com/web/index.php/auth/login,,
http_req_receiving,1753176946,0.000000,,,,true,,GET,https://opensource-demo.orangehrmlive.com/web/index.php/auth/login,HTTP/1.1,default,,200,,tls1.3,https://opensource-demo.orangehrmlive.com/web/index.php/auth/login,,
http_req_failed,1753176946,0.000000,,,,true,,GET,https://opensource-demo.orangehrmlive.com/web/index.php/auth/login,HTTP/1.1,default,,200,,tls1.3,https://opensource-demo.orangehrmlive.com/web/index.php/auth/login,,
checks,1753176946,1.000000,status is 200 or redirect,,,,,,,,default,,,,,,,
checks,1753176946,1.000000,status is 200 or redirect,,,,,,,,default,,,,,,,
checks,1753176946,1.000000,response is not empty,,,,,,,,default,,,,,,,
checks,1753176946,1.000000,response is not empty,,,,,,,,default,,,,,,,
data_sent,1753176946,526.000000,,,,,,,,,default,,,,,,,
data_received,1753176946,7106.000000,,,,,,,,,default,,,,,,,
iteration_duration,1753176946,3338.400700,,,,,,,,,default,,,,,,,
iterations,1753176946,1.000000,,,,,,,,,default,,,,,,,
total_iterations,1753176946,1.000000,,,,,,,,,default,,,,,,,
http_reqs,1753176947,1.000000,,,,true,,POST,https://opensource-demo.orangehrmlive.com/web/index.php/auth/validate,HTTP/1.1,default,,302,,tls1.3,https://opensource-demo.orangehrmlive.com/web/index.php/auth/validate,,
http_req_duration,1753176947,683.913200,,,,true,,POST,https://opensource-demo.orangehrmlive.com/web/index.php/auth/validate,HTTP/1.1,default,,302,,tls1.3,https://opensource-demo.orangehrmlive.com/web/index.php/auth/validate,,
http_req_blocked,1753176947,0.000000,,,,true,,POST,https://opensource-demo.orangehrmlive.com/web/index.php/auth/validate,HTTP/1.1,default,,302,,tls1.3,https://opensource-demo.orangehrmlive.com/web/index.php/auth/validate,,
http_req_connecting,1753176947,0.000000,,,,true,,POST,https://opensource-demo.orangehrmlive.com/web/index.php/auth/validate,HTTP/1.1,default,,302,,tls1.3,https://opensource-demo.orangehrmlive.com/web/index.php/auth/validate,,
http_req_tls_handshaking,1753176947,0.000000,,,,true,,POST,https://opensource-demo.orangehrmlive.com/web/index.php/auth/validate,HTTP/1.1,default,,302,,tls1.3,https://opensource-demo.orangehrmlive.com/web/index.php/auth/validate,,
http_req_sending,1753176947,0.000000,,,,true,,POST,https://opensource-demo.orangehrmlive.com/web/index.php/auth/validate,HTTP/1.1,default,,302,,tls1.3,https://opensource-demo.orangehrmlive.com/web/index.php/auth/validate,,
http_req_waiting,1753176947,683.372800,,,,true,,POST,https://opensource-demo.orangehrmlive.com/web/index.php/auth/validate,HTTP/1.1,default,,302,,tls1.3,https://opensource-demo.orangehrmlive.com/web/index.php/auth/validate,,
http_req_receiving,1753176947,0.540400,,,,true,,POST,https://opensource-demo.orangehrmlive.com/web/index.php/auth/validate,HTTP/1.1,default,,302,,tls1.3,https://opensource-demo.orangehrmlive.com/web/index.php/auth/validate,,
http_req_failed,1753176947,0.000000,,,,true,,POST,https://opensource-demo.orangehrmlive.com/web/index.php/auth/validate,HTTP/1.1,default,,302,,tls1.3,https://opensource-demo.orangehrmlive.com/web/index.php/auth/validate,,
http_reqs,1753176947,1.000000,,,,true,,GET,https://opensource-demo.orangehrmlive.com/web/index.php/auth/login,HTTP/1.1,default,,200,,tls1.3,https://opensource-demo.orangehrmlive.com/web/index.php/auth/login,,
http_req_duration,1753176947,1071.254000,,,,true,,GET,https://opensource-demo.orangehrmlive.com/web/index.php/auth/login,HTTP/1.1,default,,200,,tls1.3,https://opensource-demo.orangehrmlive.com/web/index.php/auth/login,,
http_req_blocked,1753176947,0.000000,,,,true,,GET,https://opensource-demo.orangehrmlive.com/web/index.php/auth/login,HTTP/1.1,default,,200,,tls1.3,https://opensource-demo.orangehrmlive.com/web/index.php/auth/login,,
http_req_connecting,1753176947,0.000000,,,,true,,GET,https://opensource-demo.orangehrmlive.com/web/index.php/auth/login,HTTP/1.1,default,,200,,tls1.3,https://opensource-demo.orangehrmlive.com/web/index.php/auth/login,,
http_req_tls_handshaking,1753176947,0.000000,,,,true,,GET,https://opensource-demo.orangehrmlive.com/web/index.php/auth/login,HTTP/1.1,default,,200,,tls1.3,https://opensource-demo.orangehrmlive.com/web/index.php/auth/login,,
http_req_sending,1753176947,0.000000,,,,true,,GET,https://opensource-demo.orangehrmlive.com/web/index.php/auth/login,HTTP/1.1,default,,200,,tls1.3,https://opensource-demo.orangehrmlive.com/web/index.php/auth/login,,
http_req_waiting,1753176947,1070.707100,,,,true,,GET,https://opensource-demo.orangehrmlive.com/web/index.php/auth/login,HTTP/1.1,default,,200,,tls1.3,https://opensource-demo.orangehrmlive.com/web/index.php/auth/login,,
http_req_receiving,1753176947,0.546900,,,,true,,GET,https://opensource-demo.orangehrmlive.com/web/index.php/auth/login,HTTP/1.1,default,,200,,tls1.3,https://opensource-demo.orangehrmlive.com/web/index.php/auth/login,,
http_req_failed,1753176947,0.000000,,,,true,,GET,https://opensource-demo.orangehrmlive.com/web/index.php/auth/login,HTTP/1.1,default,,200,,tls1.3,https://opensource-demo.orangehrmlive.com/web/index.php/auth/login,,
http_reqs,1753176947,1.000000,,,,true,,GET,https://opensource-demo.orangehrmlive.com/web/index.php/auth/login,HTTP/1.1,default,,200,,tls1.3,https://opensource-demo.orangehrmlive.com/web/index.php/auth/login,,
http_req_duration,1753176947,1218.172000,,,,true,,GET,https://opensource-demo.orangehrmlive.com/web/index.php/auth/login,HTTP/1.1,default,,200,,tls1.3,https://opensource-demo.orangehrmlive.com/web/index.php/auth/login,,
http_req_blocked,1753176947,0.000000,,,,true,,GET,https://opensource-demo.orangehrmlive.com/web/index.php/auth/login,HTTP/1.1,default,,200,,tls1.3,https://opensource-demo.orangehrmlive.com/web/index.php/auth/login,,
http_req_connecting,1753176947,0.000000,,,,true,,GET,https://opensource-demo.orangehrmlive.com/web/index.php/auth/login,HTTP/1.1,default,,200,,tls1.3,https://opensource-demo.orangehrmlive.com/web/index.php/auth/login,,
http_req_tls_handshaking,1753176947,0.000000,,,,true,,GET,https://opensource-demo.orangehrmlive.com/web/index.php/auth/login,HTTP/1.1,default,,200,,tls1.3,https://opensource-demo.orangehrmlive.com/web/index.php/auth/login,,
http_req_sending,1753176947,0.000000,,,,true,,GET,https://opensource-demo.orangehrmlive.com/web/index.php/auth/login,HTTP/1.1,default,,200,,tls1.3,https://opensource-demo.orangehrmlive.com/web/index.php/auth/login,,
http_req_waiting,1753176947,1218.172000,,,,true,,GET,https://opensource-demo.orangehrmlive.com/web/index.php/auth/login,HTTP/1.1,default,,200,,tls1.3,https://opensource-demo.orangehrmlive.com/web/index.php/auth/login,,
http_req_receiving,1753176947,0.000000,,,,true,,GET,https://opensource-demo.orangehrmlive.com/web/index.php/auth/login,HTTP/1.1,default,,200,,tls1.3,https://opensource-demo.orangehrmlive.com/web/index.php/auth/login,,
http_req_failed,1753176947,0.000000,,,,true,,GET,https://opensource-demo.orangehrmlive.com/web/index.php/auth/login,HTTP/1.1,default,,200,,tls1.3,https://opensource-demo.orangehrmlive.com/web/index.php/auth/login,,
checks,1753176947,1.000000,status is 200 or redirect,,,,,,,,default,,,,,,,
checks,1753176947,1.000000,response is not empty,,,,,,,,default,,,,,,,
checks,1753176947,1.000000,status is 200 or redirect,,,,,,,,default,,,,,,,
checks,1753176947,1.000000,response is not empty,,,,,,,,default,,,,,,,
http_reqs,1753176947,1.000000,,,,true,,POST,https://opensource-demo.orangehrmlive.com/web/index.php/auth/validate,HTTP/1.1,default,,302,,tls1.3,https://opensource-demo.orangehrmlive.com/web/index.php/auth/validate,,
http_req_duration,1753176947,836.894500,,,,true,,POST,https://opensource-demo.orangehrmlive.com/web/index.php/auth/validate,HTTP/1.1,default,,302,,tls1.3,https://opensource-demo.orangehrmlive.com/web/index.php/auth/validate,,
http_req_blocked,1753176947,0.000000,,,,true,,POST,https://opensource-demo.orangehrmlive.com/web/index.php/auth/validate,HTTP/1.1,default,,302,,tls1.3,https://opensource-demo.orangehrmlive.com/web/index.php/auth/validate,,
http_req_connecting,1753176947,0.000000,,,,true,,POST,https://opensource-demo.orangehrmlive.com/web/index.php/auth/validate,HTTP/1.1,default,,302,,tls1.3,https://opensource-demo.orangehrmlive.com/web/index.php/auth/validate,,
http_req_tls_handshaking,1753176947,0.000000,,,,true,,POST,https://opensource-demo.orangehrmlive.com/web/index.php/auth/validate,HTTP/1.1,default,,302,,tls1.3,https://opensource-demo.orangehrmlive.com/web/index.php/auth/validate,,
http_req_sending,1753176947,0.000000,,,,true,,POST,https://opensource-demo.orangehrmlive.com/web/index.php/auth/validate,HTTP/1.1,default,,302,,tls1.3,https://opensource-demo.orangehrmlive.com/web/index.php/auth/validate,,
http_req_waiting,1753176947,836.232100,,,,true,,POST,https://opensource-demo.orangehrmlive.com/web/index.php/auth/validate,HTTP/1.1,default,,302,,tls1.3,https://opensource-demo.orangehrmlive.com/web/index.php/auth/validate,,
http_req_receiving,1753176947,0.662400,,,,true,,POST,https://opensource-demo.orangehrmlive.com/web/index.php/auth/validate,HTTP/1.1,default,,302,,tls1.3,https://opensource-demo.orangehrmlive.com/web/index.php/auth/validate,,
http_req_failed,1753176947,0.000000,,,,true,,POST,https://opensource-demo.orangehrmlive.com/web/index.php/auth/validate,HTTP/1.1,default,,302,,tls1.3,https://opensource-demo.orangehrmlive.com/web/index.php/auth/validate,,
vus,1753176947,10.000000,,,,,,,,,,,,,,,,
vus_max,1753176947,10.000000,,,,,,,,,,,,,,,,
http_reqs,1753176947,1.000000,,,,true,,GET,https://opensource-demo.orangehrmlive.com/web/index.php/auth/login,HTTP/1.1,default,,200,,tls1.3,https://opensource-demo.orangehrmlive.com/web/index.php/auth/login,,
http_req_duration,1753176947,887.621400,,,,true,,GET,https://opensource-demo.orangehrmlive.com/web/index.php/auth/login,HTTP/1.1,default,,200,,tls1.3,https://opensource-demo.orangehrmlive.com/web/index.php/auth/login,,
http_req_blocked,1753176947,0.000000,,,,true,,GET,https://opensource-demo.orangehrmlive.com/web/index.php/auth/login,HTTP/1.1,default,,200,,tls1.3,https://opensource-demo.orangehrmlive.com/web/index.php/auth/login,,
http_req_connecting,1753176947,0.000000,,,,true,,GET,https://opensource-demo.orangehrmlive.com/web/index.php/auth/login,HTTP/1.1,default,,200,,tls1.3,https://opensource-demo.orangehrmlive.com/web/index.php/auth/login,,
http_req_tls_handshaking,1753176947,0.000000,,,,true,,GET,https://opensource-demo.orangehrmlive.com/web/index.php/auth/login,HTTP/1.1,default,,200,,tls1.3,https://opensource-demo.orangehrmlive.com/web/index.php/auth/login,,
http_req_sending,1753176947,0.000000,,,,true,,GET,https://opensource-demo.orangehrmlive.com/web/index.php/auth/login,HTTP/1.1,default,,200,,tls1.3,https://opensource-demo.orangehrmlive.com/web/index.php/auth/login,,
http_req_waiting,1753176947,887.051000,,,,true,,GET,https://opensource-demo.orangehrmlive.com/web/index.php/auth/login,HTTP/1.1,default,,200,,tls1.3,https://opensource-demo.orangehrmlive.com/web/index.php/auth/login,,
http_req_receiving,1753176947,0.570400,,,,true,,GET,https://opensource-demo.orangehrmlive.com/web/index.php/auth/login,HTTP/1.1,default,,200,,tls1.3,https://opensource-demo.orangehrmlive.com/web/index.php/auth/login,,
http_req_failed,1753176947,0.000000,,,,true,,GET,https://opensource-demo.orangehrmlive.com/web/index.php/auth/login,HTTP/1.1,default,,200,,tls1.3,https://opensource-demo.orangehrmlive.com/web/index.php/auth/login,,
checks,1753176947,1.000000,status is 200 or redirect,,,,,,,,default,,,,,,,
checks,1753176947,1.000000,response is not empty,,,,,,,,default,,,,,,,
http_reqs,1753176947,1.000000,,,,true,,POST,https://opensource-demo.orangehrmlive.com/web/index.php/auth/validate,HTTP/1.1,default,,302,,tls1.3,https://opensource-demo.orangehrmlive.com/web/index.php/auth/validate,,
http_req_duration,1753176947,833.803600,,,,true,,POST,https://opensource-demo.orangehrmlive.com/web/index.php/auth/validate,HTTP/1.1,default,,302,,tls1.3,https://opensource-demo.orangehrmlive.com/web/index.php/auth/validate,,
http_req_blocked,1753176947,0.000000,,,,true,,POST,https://opensource-demo.orangehrmlive.com/web/index.php/auth/validate,HTTP/1.1,default,,302,,tls1.3,https://opensource-demo.orangehrmlive.com/web/index.php/auth/validate,,
http_req_connecting,1753176947,0.000000,,,,true,,POST,https://opensource-demo.orangehrmlive.com/web/index.php/auth/validate,HTTP/1.1,default,,302,,tls1.3,https://opensource-demo.orangehrmlive.com/web/index.php/auth/validate,,
http_req_tls_handshaking,1753176947,0.000000,,,,true,,POST,https://opensource-demo.orangehrmlive.com/web/index.php/auth/validate,HTTP/1.1,default,,302,,tls1.3,https://opensource-demo.orangehrmlive.com/web/index.php/auth/validate,,
http_req_sending,1753176947,0.000000,,,,true,,POST,https://opensource-demo.orangehrmlive.com/web/index.php/auth/validate,HTTP/1.1,default,,302,,tls1.3,https://opensource-demo.orangehrmlive.com/web/index.php/auth/validate,,
http_req_waiting,1753176947,833.115100,,,,true,,POST,https://opensource-demo.orangehrmlive.com/web/index.php/auth/validate,HTTP/1.1,default,,302,,tls1.3,https://opensource-demo.orangehrmlive.com/web/index.php/auth/validate,,
http_req_receiving,1753176947,0.688500,,,,true,,POST,https://opensource-demo.orangehrmlive.com/web/index.php/auth/validate,HTTP/1.1,default,,302,,tls1.3,https://opensource-demo.orangehrmlive.com/web/index.php/auth/validate,,
http_req_failed,1753176947,0.000000,,,,true,,POST,https://opensource-demo.orangehrmlive.com/web/index.php/auth/validate,HTTP/1.1,default,,302,,tls1.3,https://opensource-demo.orangehrmlive.com/web/index.php/auth/validate,,
data_sent,1753176947,528.000000,,,,,,,,,default,,,,,,,
data_received,1753176947,7123.000000,,,,,,,,,default,,,,,,,
iteration_duration,1753176947,3266.880200,,,,,,,,,default,,,,,,,
iterations,1753176947,1.000000,,,,,,,,,default,,,,,,,
total_iterations,1753176947,1.000000,,,,,,,,,default,,,,,,,
data_sent,1753176947,528.000000,,,,,,,,,default,,,,,,,
data_received,1753176947,7120.000000,,,,,,,,,default,,,,,,,
iteration_duration,1753176947,3250.709000,,,,,,,,,default,,,,,,,
iterations,1753176947,1.000000,,,,,,,,,default,,,,,,,
data_sent,1753176947,526.000000,,,,,,,,,default,,,,,,,
data_received,1753176947,7122.000000,,,,,,,,,default,,,,,,,
iteration_duration,1753176947,2880.985600,,,,,,,,,default,,,,,,,
iterations,1753176947,1.000000,,,,,,,,,default,,,,,,,
total_iterations,1753176947,1.000000,,,,,,,,,default,,,,,,,
total_iterations,1753176947,1.000000,,,,,,,,,default,,,,,,,
http_reqs,1753176947,1.000000,,,,true,,POST,https://opensource-demo.orangehrmlive.com/web/index.php/auth/validate,HTTP/1.1,default,,302,,tls1.3,https://opensource-demo.orangehrmlive.com/web/index.php/auth/validate,,
http_req_duration,1753176947,974.536200,,,,true,,POST,https://opensource-demo.orangehrmlive.com/web/index.php/auth/validate,HTTP/1.1,default,,302,,tls1.3,https://opensource-demo.orangehrmlive.com/web/index.php/auth/validate,,
http_req_blocked,1753176947,0.000000,,,,true,,POST,https://opensource-demo.orangehrmlive.com/web/index.php/auth/validate,HTTP/1.1,default,,302,,tls1.3,https://opensource-demo.orangehrmlive.com/web/index.php/auth/validate,,
http_req_connecting,1753176947,0.000000,,,,true,,POST,https://opensource-demo.orangehrmlive.com/web/index.php/auth/validate,HTTP/1.1,default,,302,,tls1.3,https://opensource-demo.orangehrmlive.com/web/index.php/auth/validate,,
http_req_tls_handshaking,1753176947,0.000000,,,,true,,POST,https://opensource-demo.orangehrmlive.com/web/index.php/auth/validate,HTTP/1.1,default,,302,,tls1.3,https://opensource-demo.orangehrmlive.com/web/index.php/auth/validate,,
http_req_sending,1753176947,0.000000,,,,true,,POST,https://opensource-demo.orangehrmlive.com/web/index.php/auth/validate,HTTP/1.1,default,,302,,tls1.3,https://opensource-demo.orangehrmlive.com/web/index.php/auth/validate,,
http_req_waiting,1753176947,973.873200,,,,true,,POST,https://opensource-demo.orangehrmlive.com/web/index.php/auth/validate,HTTP/1.1,default,,302,,tls1.3,https://opensource-demo.orangehrmlive.com/web/index.php/auth/validate,,
http_req_receiving,1753176947,0.663000,,,,true,,POST,https://opensource-demo.orangehrmlive.com/web/index.php/auth/validate,HTTP/1.1,default,,302,,tls1.3,https://opensource-demo.orangehrmlive.com/web/index.php/auth/validate,,
http_req_failed,1753176947,0.000000,,,,true,,POST,https://opensource-demo.orangehrmlive.com/web/index.php/auth/validate,HTTP/1.1,default,,302,,tls1.3,https://opensource-demo.orangehrmlive.com/web/index.php/auth/validate,,
http_reqs,1753176947,1.000000,,,,true,,GET,https://opensource-demo.orangehrmlive.com/web/index.php/auth/login,HTTP/1.1,default,,200,,tls1.3,https://opensource-demo.orangehrmlive.com/web/index.php/auth/login,,
http_req_duration,1753176947,878.987900,,,,true,,GET,https://opensource-demo.orangehrmlive.com/web/index.php/auth/login,HTTP/1.1,default,,200,,tls1.3,https://opensource-demo.orangehrmlive.com/web/index.php/auth/login,,
http_req_blocked,1753176947,0.000000,,,,true,,GET,https://opensource-demo.orangehrmlive.com/web/index.php/auth/login,HTTP/1.1,default,,200,,tls1.3,https://opensource-demo.orangehrmlive.com/web/index.php/auth/login,,
http_req_connecting,1753176947,0.000000,,,,true,,GET,https://opensource-demo.orangehrmlive.com/web/index.php/auth/login,HTTP/1.1,default,,200,,tls1.3,https://opensource-demo.orangehrmlive.com/web/index.php/auth/login,,
http_req_tls_handshaking,1753176947,0.000000,,,,true,,GET,https://opensource-demo.orangehrmlive.com/web/index.php/auth/login,HTTP/1.1,default,,200,,tls1.3,https://opensource-demo.orangehrmlive.com/web/index.php/auth/login,,
http_req_sending,1753176947,0.000000,,,,true,,GET,https://opensource-demo.orangehrmlive.com/web/index.php/auth/login,HTTP/1.1,default,,200,,tls1.3,https://opensource-demo.orangehrmlive.com/web/index.php/auth/login,,
http_req_waiting,1753176947,878.987900,,,,true,,GET,https://opensource-demo.orangehrmlive.com/web/index.php/auth/login,HTTP/1.1,default,,200,,tls1.3,https://opensource-demo.orangehrmlive.com/web/index.php/auth/login,,
http_req_receiving,1753176947,0.000000,,,,true,,GET,https://opensource-demo.orangehrmlive.com/web/index.php/auth/login,HTTP/1.1,default,,200,,tls1.3,https://opensource-demo.orangehrmlive.com/web/index.php/auth/login,,
http_req_failed,1753176947,0.000000,,,,true,,GET,https://opensource-demo.orangehrmlive.com/web/index.php/auth/login,HTTP/1.1,default,,200,,tls1.3,https://opensource-demo.orangehrmlive.com/web/index.php/auth/login,,
checks,1753176947,1.000000,status is 200 or redirect,,,,,,,,default,,,,,,,
checks,1753176947,1.000000,response is not empty,,,,,,,,default,,,,,,,
http_reqs,1753176948,1.000000,,,,true,,POST,https://opensource-demo.orangehrmlive.com/web/index.php/auth/validate,HTTP/1.1,default,,302,,tls1.3,https://opensource-demo.orangehrmlive.com/web/index.php/auth/validate,,
http_req_duration,1753176948,616.992100,,,,true,,POST,https://opensource-demo.orangehrmlive.com/web/index.php/auth/validate,HTTP/1.1,default,,302,,tls1.3,https://opensource-demo.orangehrmlive.com/web/index.php/auth/validate,,
http_req_blocked,1753176948,0.000000,,,,true,,POST,https://opensource-demo.orangehrmlive.com/web/index.php/auth/validate,HTTP/1.1,default,,302,,tls1.3,https://opensource-demo.orangehrmlive.com/web/index.php/auth/validate,,
http_req_connecting,1753176948,0.000000,,,,true,,POST,https://opensource-demo.orangehrmlive.com/web/index.php/auth/validate,HTTP/1.1,default,,302,,tls1.3,https://opensource-demo.orangehrmlive.com/web/index.php/auth/validate,,
http_req_tls_handshaking,1753176948,0.000000,,,,true,,POST,https://opensource-demo.orangehrmlive.com/web/index.php/auth/validate,HTTP/1.1,default,,302,,tls1.3,https://opensource-demo.orangehrmlive.com/web/index.php/auth/validate,,
http_req_sending,1753176948,0.512800,,,,true,,POST,https://opensource-demo.orangehrmlive.com/web/index.php/auth/validate,HTTP/1.1,default,,302,,tls1.3,https://opensource-demo.orangehrmlive.com/web/index.php/auth/validate,,
http_req_waiting,1753176948,615.924100,,,,true,,POST,https://opensource-demo.orangehrmlive.com/web/index.php/auth/validate,HTTP/1.1,default,,302,,tls1.3,https://opensource-demo.orangehrmlive.com/web/index.php/auth/validate,,
http_req_receiving,1753176948,0.555200,,,,true,,POST,https://opensource-demo.orangehrmlive.com/web/index.php/auth/validate,HTTP/1.1,default,,302,,tls1.3,https://opensource-demo.orangehrmlive.com/web/index.php/auth/validate,,
http_req_failed,1753176948,0.000000,,,,true,,POST,https://opensource-demo.orangehrmlive.com/web/index.php/auth/validate,HTTP/1.1,default,,302,,tls1.3,https://opensource-demo.orangehrmlive.com/web/index.php/auth/validate,,
data_sent,1753176948,529.000000,,,,,,,,,default,,,,,,,
data_received,1753176948,7122.000000,,,,,,,,,default,,,,,,,
iteration_duration,1753176948,3508.873000,,,,,,,,,default,,,,,,,
iterations,1753176948,1.000000,,,,,,,,,default,,,,,,,
total_iterations,1753176948,1.000000,,,,,,,,,default,,,,,,,
data_sent,1753176948,526.000000,,,,,,,,,default,,,,,,,
data_received,1753176948,7107.000000,,,,,,,,,default,,,,,,,
iteration_duration,1753176948,3215.419300,,,,,,,,,default,,,,,,,
iterations,1753176948,1.000000,,,,,,,,,default,,,,,,,
total_iterations,1753176948,1.000000,,,,,,,,,default,,,,,,,
http_reqs,1753176948,1.000000,,,,true,,GET,https://opensource-demo.orangehrmlive.com/web/index.php/auth/login,HTTP/1.1,default,,200,,tls1.3,https://opensource-demo.orangehrmlive.com/web/index.php/auth/login,,
http_req_duration,1753176948,1041.285100,,,,true,,GET,https://opensource-demo.orangehrmlive.com/web/index.php/auth/login,HTTP/1.1,default,,200,,tls1.3,https://opensource-demo.orangehrmlive.com/web/index.php/auth/login,,
http_req_blocked,1753176948,0.000000,,,,true,,GET,https://opensource-demo.orangehrmlive.com/web/index.php/auth/login,HTTP/1.1,default,,200,,tls1.3,https://opensource-demo.orangehrmlive.com/web/index.php/auth/login,,
http_req_connecting,1753176948,0.000000,,,,true,,GET,https://opensource-demo.orangehrmlive.com/web/index.php/auth/login,HTTP/1.1,default,,200,,tls1.3,https://opensource-demo.orangehrmlive.com/web/index.php/auth/login,,
http_req_tls_handshaking,1753176948,0.000000,,,,true,,GET,https://opensource-demo.orangehrmlive.com/web/index.php/auth/login,HTTP/1.1,default,,200,,tls1.3,https://opensource-demo.orangehrmlive.com/web/index.php/auth/login,,
http_req_sending,1753176948,0.000000,,,,true,,GET,https://opensource-demo.orangehrmlive.com/web/index.php/auth/login,HTTP/1.1,default,,200,,tls1.3,https://opensource-demo.orangehrmlive.com/web/index.php/auth/login,,
http_req_waiting,1753176948,1041.285100,,,,true,,GET,https://opensource-demo.orangehrmlive.com/web/index.php/auth/login,HTTP/1.1,default,,200,,tls1.3,https://opensource-demo.orangehrmlive.com/web/index.php/auth/login,,
http_req_receiving,1753176948,0.000000,,,,true,,GET,https://opensource-demo.orangehrmlive.com/web/index.php/auth/login,HTTP/1.1,default,,200,,tls1.3,https://opensource-demo.orangehrmlive.com/web/index.php/auth/login,,
http_req_failed,1753176948,0.000000,,,,true,,GET,https://opensource-demo.orangehrmlive.com/web/index.php/auth/login,HTTP/1.1,default,,200,,tls1.3,https://opensource-demo.orangehrmlive.com/web/index.php/auth/login,,
checks,1753176948,1.000000,status is 200 or redirect,,,,,,,,default,,,,,,,
checks,1753176948,1.000000,response is not empty,,,,,,,,default,,,,,,,
vus,1753176948,10.000000,,,,,,,,,,,,,,,,
vus_max,1753176948,10.000000,,,,,,,,,,,,,,,,
data_sent,1753176948,528.000000,,,,,,,,,default,,,,,,,
data_received,1753176948,7101.000000,,,,,,,,,default,,,,,,,
iteration_duration,1753176948,2827.400900,,,,,,,,,default,,,,,,,
iterations,1753176948,1.000000,,,,,,,,,default,,,,,,,
total_iterations,1753176948,1.000000,,,,,,,,,default,,,,,,,
http_reqs,1753176948,1.000000,,,,true,,GET,https://opensource-demo.orangehrmlive.com/web/index.php/auth/login,HTTP/1.1,default,,200,,tls1.3,https://opensource-demo.orangehrmlive.com/web/index.php/auth/login,,
http_req_duration,1753176948,1158.039200,,,,true,,GET,https://opensource-demo.orangehrmlive.com/web/index.php/auth/login,HTTP/1.1,default,,200,,tls1.3,https://opensource-demo.orangehrmlive.com/web/index.php/auth/login,,
http_req_blocked,1753176948,0.000000,,,,true,,GET,https://opensource-demo.orangehrmlive.com/web/index.php/auth/login,HTTP/1.1,default,,200,,tls1.3,https://opensource-demo.orangehrmlive.com/web/index.php/auth/login,,
http_req_connecting,1753176948,0.000000,,,,true,,GET,https://opensource-demo.orangehrmlive.com/web/index.php/auth/login,HTTP/1.1,default,,200,,tls1.3,https://opensource-demo.orangehrmlive.com/web/index.php/auth/login,,
http_req_tls_handshaking,1753176948,0.000000,,,,true,,GET,https://opensource-demo.orangehrmlive.com/web/index.php/auth/login,HTTP/1.1,default,,200,,tls1.3,https://opensource-demo.orangehrmlive.com/web/index.php/auth/login,,
http_req_sending,1753176948,0.000000,,,,true,,GET,https://opensource-demo.orangehrmlive.com/web/index.php/auth/login,HTTP/1.1,default,,200,,tls1.3,https://opensource-demo.orangehrmlive.com/web/index.php/auth/login,,
http_req_waiting,1753176948,1157.045700,,,,true,,GET,https://opensource-demo.orangehrmlive.com/web/index.php/auth/login,HTTP/1.1,default,,200,,tls1.3,https://opensource-demo.orangehrmlive.com/web/index.php/auth/login,,
http_req_receiving,1753176948,0.993500,,,,true,,GET,https://opensource-demo.orangehrmlive.com/web/index.php/auth/login,HTTP/1.1,default,,200,,tls1.3,https://opensource-demo.orangehrmlive.com/web/index.php/auth/login,,
http_req_failed,1753176948,0.000000,,,,true,,GET,https://opensource-demo.orangehrmlive.com/web/index.php/auth/login,HTTP/1.1,default,,200,,tls1.3,https://opensource-demo.orangehrmlive.com/web/index.php/auth/login,,
checks,1753176948,1.000000,status is 200 or redirect,,,,,,,,default,,,,,,,
checks,1753176948,1.000000,response is not empty,,,,,,,,default,,,,,,,
http_reqs,1753176948,1.000000,,,,true,,POST,https://opensource-demo.orangehrmlive.com/web/index.php/auth/validate,HTTP/1.1,default,,302,,tls1.3,https://opensource-demo.orangehrmlive.com/web/index.php/auth/validate,,
http_req_duration,1753176948,966.405600,,,,true,,POST,https://opensource-demo.orangehrmlive.com/web/index.php/auth/validate,HTTP/1.1,default,,302,,tls1.3,https://opensource-demo.orangehrmlive.com/web/index.php/auth/validate,,
http_req_blocked,1753176948,0.000000,,,,true,,POST,https://opensource-demo.orangehrmlive.com/web/index.php/auth/validate,HTTP/1.1,default,,302,,tls1.3,https://opensource-demo.orangehrmlive.com/web/index.php/auth/validate,,
http_req_connecting,1753176948,0.000000,,,,true,,POST,https://opensource-demo.orangehrmlive.com/web/index.php/auth/validate,HTTP/1.1,default,,302,,tls1.3,https://opensource-demo.orangehrmlive.com/web/index.php/auth/validate,,
http_req_tls_handshaking,1753176948,0.000000,,,,true,,POST,https://opensource-demo.orangehrmlive.com/web/index.php/auth/validate,HTTP/1.1,default,,302,,tls1.3,https://opensource-demo.orangehrmlive.com/web/index.php/auth/validate,,
http_req_sending,1753176948,0.000000,,,,true,,POST,https://opensource-demo.orangehrmlive.com/web/index.php/auth/validate,HTTP/1.1,default,,302,,tls1.3,https://opensource-demo.orangehrmlive.com/web/index.php/auth/validate,,
http_req_waiting,1753176948,965.862500,,,,true,,POST,https://opensource-demo.orangehrmlive.com/web/index.php/auth/validate,HTTP/1.1,default,,302,,tls1.3,https://opensource-demo.orangehrmlive.com/web/index.php/auth/validate,,
http_req_receiving,1753176948,0.543100,,,,true,,POST,https://opensource-demo.orangehrmlive.com/web/index.php/auth/validate,HTTP/1.1,default,,302,,tls1.3,https://opensource-demo.orangehrmlive.com/web/index.php/auth/validate,,
http_req_failed,1753176948,0.000000,,,,true,,POST,https://opensource-demo.orangehrmlive.com/web/index.php/auth/validate,HTTP/1.1,default,,302,,tls1.3,https://opensource-demo.orangehrmlive.com/web/index.php/auth/validate,,
http_reqs,1753176948,1.000000,,,,true,,POST,https://opensource-demo.orangehrmlive.com/web/index.php/auth/validate,HTTP/1.1,default,,302,,tls1.3,https://opensource-demo.orangehrmlive.com/web/index.php/auth/validate,,
http_req_duration,1753176948,1036.454600,,,,true,,POST,https://opensource-demo.orangehrmlive.com/web/index.php/auth/validate,HTTP/1.1,default,,302,,tls1.3,https://opensource-demo.orangehrmlive.com/web/index.php/auth/validate,,
http_req_blocked,1753176948,0.000000,,,,true,,POST,https://opensource-demo.orangehrmlive.com/web/index.php/auth/validate,HTTP/1.1,default,,302,,tls1.3,https://opensource-demo.orangehrmlive.com/web/index.php/auth/validate,,
http_req_connecting,1753176948,0.000000,,,,true,,POST,https://opensource-demo.orangehrmlive.com/web/index.php/auth/validate,HTTP/1.1,default,,302,,tls1.3,https://opensource-demo.orangehrmlive.com/web/index.php/auth/validate,,
http_req_tls_handshaking,1753176948,0.000000,,,,true,,POST,https://opensource-demo.orangehrmlive.com/web/index.php/auth/validate,HTTP/1.1,default,,302,,tls1.3,https://opensource-demo.orangehrmlive.com/web/index.php/auth/validate,,
http_req_sending,1753176948,0.000000,,,,true,,POST,https://opensource-demo.orangehrmlive.com/web/index.php/auth/validate,HTTP/1.1,default,,302,,tls1.3,https://opensource-demo.orangehrmlive.com/web/index.php/auth/validate,,
http_req_waiting,1753176948,1035.792800,,,,true,,POST,https://opensource-demo.orangehrmlive.com/web/index.php/auth/validate,HTTP/1.1,default,,302,,tls1.3,https://opensource-demo.orangehrmlive.com/web/index.php/auth/validate,,
http_req_receiving,1753176948,0.661800,,,,true,,POST,https://opensource-demo.orangehrmlive.com/web/index.php/auth/validate,HTTP/1.1,default,,302,,tls1.3,https://opensource-demo.orangehrmlive.com/web/index.php/auth/validate,,
http_req_failed,1753176948,0.000000,,,,true,,POST,https://opensource-demo.orangehrmlive.com/web/index.php/auth/validate,HTTP/1.1,default,,302,,tls1.3,https://opensource-demo.orangehrmlive.com/web/index.php/auth/validate,,
data_sent,1753176948,526.000000,,,,,,,,,default,,,,,,,
data_received,1753176948,7115.000000,,,,,,,,,default,,,,,,,
iteration_duration,1753176948,2565.030000,,,,,,,,,default,,,,,,,
iterations,1753176948,1.000000,,,,,,,,,default,,,,,,,
total_iterations,1753176948,1.000000,,,,,,,,,default,,,,,,,
http_reqs,1753176948,1.000000,,,,true,,GET,https://opensource-demo.orangehrmlive.com/web/index.php/auth/login,HTTP/1.1,default,,200,,tls1.3,https://opensource-demo.orangehrmlive.com/web/index.php/auth/login,,
http_req_duration,1753176948,1112.311700,,,,true,,GET,https://opensource-demo.orangehrmlive.com/web/index.php/auth/login,HTTP/1.1,default,,200,,tls1.3,https://opensource-demo.orangehrmlive.com/web/index.php/auth/login,,
http_req_blocked,1753176948,0.000000,,,,true,,GET,https://opensource-demo.orangehrmlive.com/web/index.php/auth/login,HTTP/1.1,default,,200,,tls1.3,https://opensource-demo.orangehrmlive.com/web/index.php/auth/login,,
http_req_connecting,1753176948,0.000000,,,,true,,GET,https://opensource-demo.orangehrmlive.com/web/index.php/auth/login,HTTP/1.1,default,,200,,tls1.3,https://opensource-demo.orangehrmlive.com/web/index.php/auth/login,,
http_req_tls_handshaking,1753176948,0.000000,,,,true,,GET,https://opensource-demo.orangehrmlive.com/web/index.php/auth/login,HTTP/1.1,default,,200,,tls1.3,https://opensource-demo.orangehrmlive.com/web/index.php/auth/login,,
http_req_sending,1753176948,0.000000,,,,true,,GET,https://opensource-demo.orangehrmlive.com/web/index.php/auth/login,HTTP/1.1,default,,200,,tls1.3,https://opensource-demo.orangehrmlive.com/web/index.php/auth/login,,
http_req_waiting,1753176948,1112.311700,,,,true,,GET,https://opensource-demo.orangehrmlive.com/web/index.php/auth/login,HTTP/1.1,default,,200,,tls1.3,https://opensource-demo.orangehrmlive.com/web/index.php/auth/login,,
http_req_receiving,1753176948,0.000000,,,,true,,GET,https://opensource-demo.orangehrmlive.com/web/index.php/auth/login,HTTP/1.1,default,,200,,tls1.3,https://opensource-demo.orangehrmlive.com/web/index.php/auth/login,,
http_req_failed,1753176948,0.000000,,,,true,,GET,https://opensource-demo.orangehrmlive.com/web/index.php/auth/login,HTTP/1.1,default,,200,,tls1.3,https://opensource-demo.orangehrmlive.com/web/index.php/auth/login,,
checks,1753176948,1.000000,status is 200 or redirect,,,,,,,,default,,,,,,,
checks,1753176948,1.000000,response is not empty,,,,,,,,default,,,,,,,
http_reqs,1753176949,1.000000,,,,true,,POST,https://opensource-demo.orangehrmlive.com/web/index.php/auth/validate,HTTP/1.1,default,,302,,tls1.3,https://opensource-demo.orangehrmlive.com/web/index.php/auth/validate,,
http_req_duration,1753176949,901.199900,,,,true,,POST,https://opensource-demo.orangehrmlive.com/web/index.php/auth/validate,HTTP/1.1,default,,302,,tls1.3,https://opensource-demo.orangehrmlive.com/web/index.php/auth/validate,,
http_req_blocked,1753176949,0.000000,,,,true,,POST,https://opensource-demo.orangehrmlive.com/web/index.php/auth/validate,HTTP/1.1,default,,302,,tls1.3,https://opensource-demo.orangehrmlive.com/web/index.php/auth/validate,,
http_req_connecting,1753176949,0.000000,,,,true,,POST,https://opensource-demo.orangehrmlive.com/web/index.php/auth/validate,HTTP/1.1,default,,302,,tls1.3,https://opensource-demo.orangehrmlive.com/web/index.php/auth/validate,,
http_req_tls_handshaking,1753176949,0.000000,,,,true,,POST,https://opensource-demo.orangehrmlive.com/web/index.php/auth/validate,HTTP/1.1,default,,302,,tls1.3,https://opensource-demo.orangehrmlive.com/web/index.php/auth/validate,,
http_req_sending,1753176949,0.000000,,,,true,,POST,https://opensource-demo.orangehrmlive.com/web/index.php/auth/validate,HTTP/1.1,default,,302,,tls1.3,https://opensource-demo.orangehrmlive.com/web/index.php/auth/validate,,
http_req_waiting,1753176949,900.669300,,,,true,,POST,https://opensource-demo.orangehrmlive.com/web/index.php/auth/validate,HTTP/1.1,default,,302,,tls1.3,https://opensource-demo.orangehrmlive.com/web/index.php/auth/validate,,
http_req_receiving,1753176949,0.530600,,,,true,,POST,https://opensource-demo.orangehrmlive.com/web/index.php/auth/validate,HTTP/1.1,default,,302,,tls1.3,https://opensource-demo.orangehrmlive.com/web/index.php/auth/validate,,
http_req_failed,1753176949,0.000000,,,,true,,POST,https://opensource-demo.orangehrmlive.com/web/index.php/auth/validate,HTTP/1.1,default,,302,,tls1.3,https://opensource-demo.orangehrmlive.com/web/index.php/auth/validate,,
http_reqs,1753176949,1.000000,,,,true,,POST,https://opensource-demo.orangehrmlive.com/web/index.php/auth/validate,HTTP/1.1,default,,302,,tls1.3,https://opensource-demo.orangehrmlive.com/web/index.php/auth/validate,,
http_req_duration,1753176949,914.890100,,,,true,,POST,https://opensource-demo.orangehrmlive.com/web/index.php/auth/validate,HTTP/1.1,default,,302,,tls1.3,https://opensource-demo.orangehrmlive.com/web/index.php/auth/validate,,
http_req_blocked,1753176949,0.000000,,,,true,,POST,https://opensource-demo.orangehrmlive.com/web/index.php/auth/validate,HTTP/1.1,default,,302,,tls1.3,https://opensource-demo.orangehrmlive.com/web/index.php/auth/validate,,
http_req_connecting,1753176949,0.000000,,,,true,,POST,https://opensource-demo.orangehrmlive.com/web/index.php/auth/validate,HTTP/1.1,default,,302,,tls1.3,https://opensource-demo.orangehrmlive.com/web/index.php/auth/validate,,
http_req_tls_handshaking,1753176949,0.000000,,,,true,,POST,https://opensource-demo.orangehrmlive.com/web/index.php/auth/validate,HTTP/1.1,default,,302,,tls1.3,https://opensource-demo.orangehrmlive.com/web/index.php/auth/validate,,
http_req_sending,1753176949,0.000000,,,,true,,POST,https://opensource-demo.orangehrmlive.com/web/index.php/auth/validate,HTTP/1.1,default,,302,,tls1.3,https://opensource-demo.orangehrmlive.com/web/index.php/auth/validate,,
http_req_waiting,1753176949,914.890100,,,,true,,POST,https://opensource-demo.orangehrmlive.com/web/index.php/auth/validate,HTTP/1.1,default,,302,,tls1.3,https://opensource-demo.orangehrmlive.com/web/index.php/auth/validate,,
http_req_receiving,1753176949,0.000000,,,,true,,POST,https://opensource-demo.orangehrmlive.com/web/index.php/auth/validate,HTTP/1.1,default,,302,,tls1.3,https://opensource-demo.orangehrmlive.com/web/index.php/auth/validate,,
http_req_failed,1753176949,0.000000,,,,true,,POST,https://opensource-demo.orangehrmlive.com/web/index.php/auth/validate,HTTP/1.1,default,,302,,tls1.3,https://opensource-demo.orangehrmlive.com/web/index.php/auth/validate,,
http_reqs,1753176949,1.000000,,,,true,,POST,https://opensource-demo.orangehrmlive.com/web/index.php/auth/validate,HTTP/1.1,default,,302,,tls1.3,https://opensource-demo.orangehrmlive.com/web/index.php/auth/validate,,
http_req_duration,1753176949,736.225700,,,,true,,POST,https://opensource-demo.orangehrmlive.com/web/index.php/auth/validate,HTTP/1.1,default,,302,,tls1.3,https://opensource-demo.orangehrmlive.com/web/index.php/auth/validate,,
http_req_blocked,1753176949,0.000000,,,,true,,POST,https://opensource-demo.orangehrmlive.com/web/index.php/auth/validate,HTTP/1.1,default,,302,,tls1.3,https://opensource-demo.orangehrmlive.com/web/index.php/auth/validate,,
http_req_connecting,1753176949,0.000000,,,,true,,POST,https://opensource-demo.orangehrmlive.com/web/index.php/auth/validate,HTTP/1.1,default,,302,,tls1.3,https://opensource-demo.orangehrmlive.com/web/index.php/auth/validate,,
http_req_tls_handshaking,1753176949,0.000000,,,,true,,POST,https://opensource-demo.orangehrmlive.com/web/index.php/auth/validate,HTTP/1.1,default,,302,,tls1.3,https://opensource-demo.orangehrmlive.com/web/index.php/auth/validate,,
http_req_sending,1753176949,0.000000,,,,true,,POST,https://opensource-demo.orangehrmlive.com/web/index.php/auth/validate,HTTP/1.1,default,,302,,tls1.3,https://opensource-demo.orangehrmlive.com/web/index.php/auth/validate,,
http_req_waiting,1753176949,736.225700,,,,true,,POST,https://opensource-demo.orangehrmlive.com/web/index.php/auth/validate,HTTP/1.1,default,,302,,tls1.3,https://opensource-demo.orangehrmlive.com/web/index.php/auth/validate,,
http_req_receiving,1753176949,0.000000,,,,true,,POST,https://opensource-demo.orangehrmlive.com/web/index.php/auth/validate,HTTP/1.1,default,,302,,tls1.3,https://opensource-demo.orangehrmlive.com/web/index.php/auth/validate,,
http_req_failed,1753176949,0.000000,,,,true,,POST,https://opensource-demo.orangehrmlive.com/web/index.php/auth/validate,HTTP/1.1,default,,302,,tls1.3,https://opensource-demo.orangehrmlive.com/web/index.php/auth/validate,,
data_sent,1753176949,526.000000,,,,,,,,,default,,,,,,,
data_received,1753176949,7105.000000,,,,,,,,,default,,,,,,,
iteration_duration,1753176949,2879.642600,,,,,,,,,default,,,,,,,
iterations,1753176949,1.000000,,,,,,,,,default,,,,,,,
total_iterations,1753176949,1.000000,,,,,,,,,default,,,,,,,
http_reqs,1753176949,1.000000,,,,true,,GET,https://opensource-demo.orangehrmlive.com/web/index.php/auth/login,HTTP/1.1,default,,200,,tls1.3,https://opensource-demo.orangehrmlive.com/web/index.php/auth/login,,
http_req_duration,1753176949,1168.328600,,,,true,,GET,https://opensource-demo.orangehrmlive.com/web/index.php/auth/login,HTTP/1.1,default,,200,,tls1.3,https://opensource-demo.orangehrmlive.com/web/index.php/auth/login,,
http_req_blocked,1753176949,0.000000,,,,true,,GET,https://opensource-demo.orangehrmlive.com/web/index.php/auth/login,HTTP/1.1,default,,200,,tls1.3,https://opensource-demo.orangehrmlive.com/web/index.php/auth/login,,
http_req_connecting,1753176949,0.000000,,,,true,,GET,https://opensource-demo.orangehrmlive.com/web/index.php/auth/login,HTTP/1.1,default,,200,,tls1.3,https://opensource-demo.orangehrmlive.com/web/index.php/auth/login,,
http_req_tls_handshaking,1753176949,0.000000,,,,true,,GET,https://opensource-demo.orangehrmlive.com/web/index.php/auth/login,HTTP/1.1,default,,200,,tls1.3,https://opensource-demo.orangehrmlive.com/web/index.php/auth/login,,
http_req_sending,1753176949,0.000000,,,,true,,GET,https://opensource-demo.orangehrmlive.com/web/index.php/auth/login,HTTP/1.1,default,,200,,tls1.3,https://opensource-demo.orangehrmlive.com/web/index.php/auth/login,,
http_req_waiting,1753176949,1168.328600,,,,true,,GET,https://opensource-demo.orangehrmlive.com/web/index.php/auth/login,HTTP/1.1,default,,200,,tls1.3,https://opensource-demo.orangehrmlive.com/web/index.php/auth/login,,
http_req_receiving,1753176949,0.000000,,,,true,,GET,https://opensource-demo.orangehrmlive.com/web/index.php/auth/login,HTTP/1.1,default,,200,,tls1.3,https://opensource-demo.orangehrmlive.com/web/index.php/auth/login,,
http_req_failed,1753176949,0.000000,,,,true,,GET,https://opensource-demo.orangehrmlive.com/web/index.php/auth/login,HTTP/1.1,default,,200,,tls1.3,https://opensource-demo.orangehrmlive.com/web/index.php/auth/login,,
checks,1753176949,1.000000,status is 200 or redirect,,,,,,,,default,,,,,,,
checks,1753176949,1.000000,response is not empty,,,,,,,,default,,,,,,,
vus,1753176949,10.000000,,,,,,,,,,,,,,,,
vus_max,1753176949,10.000000,,,,,,,,,,,,,,,,
http_reqs,1753176949,1.000000,,,,true,,GET,https://opensource-demo.orangehrmlive.com/web/index.php/auth/login,HTTP/1.1,default,,200,,tls1.3,https://opensource-demo.orangehrmlive.com/web/index.php/auth/login,,
http_req_duration,1753176949,704.454000,,,,true,,GET,https://opensource-demo.orangehrmlive.com/web/index.php/auth/login,HTTP/1.1,default,,200,,tls1.3,https://opensource-demo.orangehrmlive.com/web/index.php/auth/login,,
http_req_blocked,1753176949,0.000000,,,,true,,GET,https://opensource-demo.orangehrmlive.com/web/index.php/auth/login,HTTP/1.1,default,,200,,tls1.3,https://opensource-demo.orangehrmlive.com/web/index.php/auth/login,,
http_req_connecting,1753176949,0.000000,,,,true,,GET,https://opensource-demo.orangehrmlive.com/web/index.php/auth/login,HTTP/1.1,default,,200,,tls1.3,https://opensource-demo.orangehrmlive.com/web/index.php/auth/login,,
http_req_tls_handshaking,1753176949,0.000000,,,,true,,GET,https://opensource-demo.orangehrmlive.com/web/index.php/auth/login,HTTP/1.1,default,,200,,tls1.3,https://opensource-demo.orangehrmlive.com/web/index.php/auth/login,,
http_req_sending,1753176949,0.000000,,,,true,,GET,https://opensource-demo.orangehrmlive.com/web/index.php/auth/login,HTTP/1.1,default,,200,,tls1.3,https://opensource-demo.orangehrmlive.com/web/index.php/auth/login,,
http_req_waiting,1753176949,703.933800,,,,true,,GET,https://opensource-demo.orangehrmlive.com/web/index.php/auth/login,HTTP/1.1,default,,200,,tls1.3,https://opensource-demo.orangehrmlive.com/web/index.php/auth/login,,
http_req_receiving,1753176949,0.520200,,,,true,,GET,https://opensource-demo.orangehrmlive.com/web/index.php/auth/login,HTTP/1.1,default,,200,,tls1.3,https://opensource-demo.orangehrmlive.com/web/index.php/auth/login,,
http_req_failed,1753176949,0.000000,,,,true,,GET,https://opensource-demo.orangehrmlive.com/web/index.php/auth/login,HTTP/1.1,default,,200,,tls1.3,https://opensource-demo.orangehrmlive.com/web/index.php/auth/login,,
checks,1753176949,1.000000,status is 200 or redirect,,,,,,,,default,,,,,,,
checks,1753176949,1.000000,response is not empty,,,,,,,,default,,,,,,,
data_sent,1753176949,528.000000,,,,,,,,,default,,,,,,,
data_received,1753176949,7099.000000,,,,,,,,,default,,,,,,,
iteration_duration,1753176949,2992.754900,,,,,,,,,default,,,,,,,
iterations,1753176949,1.000000,,,,,,,,,default,,,,,,,
total_iterations,1753176949,1.000000,,,,,,,,,default,,,,,,,
http_reqs,1753176949,1.000000,,,,true,,POST,https://opensource-demo.orangehrmlive.com/web/index.php/auth/validate,HTTP/1.1,default,,302,,tls1.3,https://opensource-demo.orangehrmlive.com/web/index.php/auth/validate,,
http_req_duration,1753176949,751.019000,,,,true,,POST,https://opensource-demo.orangehrmlive.com/web/index.php/auth/validate,HTTP/1.1,default,,302,,tls1.3,https://opensource-demo.orangehrmlive.com/web/index.php/auth/validate,,
http_req_blocked,1753176949,0.000000,,,,true,,POST,https://opensource-demo.orangehrmlive.com/web/index.php/auth/validate,HTTP/1.1,default,,302,,tls1.3,https://opensource-demo.orangehrmlive.com/web/index.php/auth/validate,,
http_req_connecting,1753176949,0.000000,,,,true,,POST,https://opensource-demo.orangehrmlive.com/web/index.php/auth/validate,HTTP/1.1,default,,302,,tls1.3,https://opensource-demo.orangehrmlive.com/web/index.php/auth/validate,,
http_req_tls_handshaking,1753176949,0.000000,,,,true,,POST,https://opensource-demo.orangehrmlive.com/web/index.php/auth/validate,HTTP/1.1,default,,302,,tls1.3,https://opensource-demo.orangehrmlive.com/web/index.php/auth/validate,,
http_req_sending,1753176949,0.000000,,,,true,,POST,https://opensource-demo.orangehrmlive.com/web/index.php/auth/validate,HTTP/1.1,default,,302,,tls1.3,https://opensource-demo.orangehrmlive.com/web/index.php/auth/validate,,
http_req_waiting,1753176949,750.626700,,,,true,,POST,https://opensource-demo.orangehrmlive.com/web/index.php/auth/validate,HTTP/1.1,default,,302,,tls1.3,https://opensource-demo.orangehrmlive.com/web/index.php/auth/validate,,
http_req_receiving,1753176949,0.392300,,,,true,,POST,https://opensource-demo.orangehrmlive.com/web/index.php/auth/validate,HTTP/1.1,default,,302,,tls1.3,https://opensource-demo.orangehrmlive.com/web/index.php/auth/validate,,
http_req_failed,1753176949,0.000000,,,,true,,POST,https://opensource-demo.orangehrmlive.com/web/index.php/auth/validate,HTTP/1.1,default,,302,,tls1.3,https://opensource-demo.orangehrmlive.com/web/index.php/auth/validate,,
http_reqs,1753176949,1.000000,,,,true,,GET,https://opensource-demo.orangehrmlive.com/web/index.php/auth/login,HTTP/1.1,default,,200,,tls1.3,https://opensource-demo.orangehrmlive.com/web/index.php/auth/login,,
http_req_duration,1753176949,893.995300,,,,true,,GET,https://opensource-demo.orangehrmlive.com/web/index.php/auth/login,HTTP/1.1,default,,200,,tls1.3,https://opensource-demo.orangehrmlive.com/web/index.php/auth/login,,
http_req_blocked,1753176949,0.000000,,,,true,,GET,https://opensource-demo.orangehrmlive.com/web/index.php/auth/login,HTTP/1.1,default,,200,,tls1.3,https://opensource-demo.orangehrmlive.com/web/index.php/auth/login,,
http_req_connecting,1753176949,0.000000,,,,true,,GET,https://opensource-demo.orangehrmlive.com/web/index.php/auth/login,HTTP/1.1,default,,200,,tls1.3,https://opensource-demo.orangehrmlive.com/web/index.php/auth/login,,
http_req_tls_handshaking,1753176949,0.000000,,,,true,,GET,https://opensource-demo.orangehrmlive.com/web/index.php/auth/login,HTTP/1.1,default,,200,,tls1.3,https://opensource-demo.orangehrmlive.com/web/index.php/auth/login,,
http_req_sending,1753176949,0.000000,,,,true,,GET,https://opensource-demo.orangehrmlive.com/web/index.php/auth/login,HTTP/1.1,default,,200,,tls1.3,https://opensource-demo.orangehrmlive.com/web/index.php/auth/login,,
http_req_waiting,1753176949,893.995300,,,,true,,GET,https://opensource-demo.orangehrmlive.com/web/index.php/auth/login,HTTP/1.1,default,,200,,tls1.3,https://opensource-demo.orangehrmlive.com/web/index.php/auth/login,,
http_req_receiving,1753176949,0.000000,,,,true,,GET,https://opensource-demo.orangehrmlive.com/web/index.php/auth/login,HTTP/1.1,default,,200,,tls1.3,https://opensource-demo.orangehrmlive.com/web/index.php/auth/login,,
http_req_failed,1753176949,0.000000,,,,true,,GET,https://opensource-demo.orangehrmlive.com/web/index.php/auth/login,HTTP/1.1,default,,200,,tls1.3,https://opensource-demo.orangehrmlive.com/web/index.php/auth/login,,
checks,1753176949,1.000000,status is 200 or redirect,,,,,,,,default,,,,,,,
checks,1753176949,1.000000,response is not empty,,,,,,,,default,,,,,,,
data_sent,1753176949,526.000000,,,,,,,,,default,,,,,,,
data_received,1753176949,7125.000000,,,,,,,,,default,,,,,,,
iteration_duration,1753176949,3088.438600,,,,,,,,,default,,,,,,,
iterations,1753176949,1.000000,,,,,,,,,default,,,,,,,
total_iterations,1753176949,1.000000,,,,,,,,,default,,,,,,,
http_reqs,1753176950,1.000000,,,,true,,GET,https://opensource-demo.orangehrmlive.com/web/index.php/auth/login,HTTP/1.1,default,,200,,tls1.3,https://opensource-demo.orangehrmlive.com/web/index.php/auth/login,,
http_req_duration,1753176950,1307.892900,,,,true,,GET,https://opensource-demo.orangehrmlive.com/web/index.php/auth/login,HTTP/1.1,default,,200,,tls1.3,https://opensource-demo.orangehrmlive.com/web/index.php/auth/login,,
http_req_blocked,1753176950,0.000000,,,,true,,GET,https://opensource-demo.orangehrmlive.com/web/index.php/auth/login,HTTP/1.1,default,,200,,tls1.3,https://opensource-demo.orangehrmlive.com/web/index.php/auth/login,,
http_req_connecting,1753176950,0.000000,,,,true,,GET,https://opensource-demo.orangehrmlive.com/web/index.php/auth/login,HTTP/1.1,default,,200,,tls1.3,https://opensource-demo.orangehrmlive.com/web/index.php/auth/login,,
http_req_tls_handshaking,1753176950,0.000000,,,,true,,GET,https://opensource-demo.orangehrmlive.com/web/index.php/auth/login,HTTP/1.1,default,,200,,tls1.3,https://opensource-demo.orangehrmlive.com/web/index.php/auth/login,,
http_req_sending,1753176950,0.000000,,,,true,,GET,https://opensource-demo.orangehrmlive.com/web/index.php/auth/login,HTTP/1.1,default,,200,,tls1.3,https://opensource-demo.orangehrmlive.com/web/index.php/auth/login,,
http_req_waiting,1753176950,1307.892900,,,,true,,GET,https://opensource-demo.orangehrmlive.com/web/index.php/auth/login,HTTP/1.1,default,,200,,tls1.3,https://opensource-demo.orangehrmlive.com/web/index.php/auth/login,,
http_req_receiving,1753176950,0.000000,,,,true,,GET,https://opensource-demo.orangehrmlive.com/web/index.php/auth/login,HTTP/1.1,default,,200,,tls1.3,https://opensource-demo.orangehrmlive.com/web/index.php/auth/login,,
http_req_failed,1753176950,0.000000,,,,true,,GET,https://opensource-demo.orangehrmlive.com/web/index.php/auth/login,HTTP/1.1,default,,200,,tls1.3,https://opensource-demo.orangehrmlive.com/web/index.php/auth/login,,
checks,1753176950,1.000000,status is 200 or redirect,,,,,,,,default,,,,,,,
checks,1753176950,1.000000,response is not empty,,,,,,,,default,,,,,,,
data_sent,1753176950,525.000000,,,,,,,,,default,,,,,,,
data_received,1753176950,7127.000000,,,,,,,,,default,,,,,,,
iteration_duration,1753176950,2785.809900,,,,,,,,,default,,,,,,,
iterations,1753176950,1.000000,,,,,,,,,default,,,,,,,
total_iterations,1753176950,1.000000,,,,,,,,,default,,,,,,,
http_reqs,1753176950,1.000000,,,,true,,POST,https://opensource-demo.orangehrmlive.com/web/index.php/auth/validate,HTTP/1.1,default,,302,,tls1.3,https://opensource-demo.orangehrmlive.com/web/index.php/auth/validate,,
http_req_duration,1753176950,1012.632700,,,,true,,POST,https://opensource-demo.orangehrmlive.com/web/index.php/auth/validate,HTTP/1.1,default,,302,,tls1.3,https://opensource-demo.orangehrmlive.com/web/index.php/auth/validate,,
http_req_blocked,1753176950,0.000000,,,,true,,POST,https://opensource-demo.orangehrmlive.com/web/index.php/auth/validate,HTTP/1.1,default,,302,,tls1.3,https://opensource-demo.orangehrmlive.com/web/index.php/auth/validate,,
http_req_connecting,1753176950,0.000000,,,,true,,POST,https://opensource-demo.orangehrmlive.com/web/index.php/auth/validate,HTTP/1.1,default,,302,,tls1.3,https://opensource-demo.orangehrmlive.com/web/index.php/auth/validate,,
http_req_tls_handshaking,1753176950,0.000000,,,,true,,POST,https://opensource-demo.orangehrmlive.com/web/index.php/auth/validate,HTTP/1.1,default,,302,,tls1.3,https://opensource-demo.orangehrmlive.com/web/index.php/auth/validate,,
http_req_sending,1753176950,0.000000,,,,true,,POST,https://opensource-demo.orangehrmlive.com/web/index.php/auth/validate,HTTP/1.1,default,,302,,tls1.3,https://opensource-demo.orangehrmlive.com/web/index.php/auth/validate,,
http_req_waiting,1753176950,1012.164800,,,,true,,POST,https://opensource-demo.orangehrmlive.com/web/index.php/auth/validate,HTTP/1.1,default,,302,,tls1.3,https://opensource-demo.orangehrmlive.com/web/index.php/auth/validate,,
http_req_receiving,1753176950,0.467900,,,,true,,POST,https://opensource-demo.orangehrmlive.com/web/index.php/auth/validate,HTTP/1.1,default,,302,,tls1.3,https://opensource-demo.orangehrmlive.com/web/index.php/auth/validate,,
http_req_failed,1753176950,0.000000,,,,true,,POST,https://opensource-demo.orangehrmlive.com/web/index.php/auth/validate,HTTP/1.1,default,,302,,tls1.3,https://opensource-demo.orangehrmlive.com/web/index.php/auth/validate,,
http_reqs,1753176950,1.000000,,,,true,,GET,https://opensource-demo.orangehrmlive.com/web/index.php/auth/login,HTTP/1.1,default,,200,,tls1.3,https://opensource-demo.orangehrmlive.com/web/index.php/auth/login,,
http_req_duration,1753176950,1137.578900,,,,true,,GET,https://opensource-demo.orangehrmlive.com/web/index.php/auth/login,HTTP/1.1,default,,200,,tls1.3,https://opensource-demo.orangehrmlive.com/web/index.php/auth/login,,
http_req_blocked,1753176950,0.000000,,,,true,,GET,https://opensource-demo.orangehrmlive.com/web/index.php/auth/login,HTTP/1.1,default,,200,,tls1.3,https://opensource-demo.orangehrmlive.com/web/index.php/auth/login,,
http_req_connecting,1753176950,0.000000,,,,true,,GET,https://opensource-demo.orangehrmlive.com/web/index.php/auth/login,HTTP/1.1,default,,200,,tls1.3,https://opensource-demo.orangehrmlive.com/web/index.php/auth/login,,
http_req_tls_handshaking,1753176950,0.000000,,,,true,,GET,https://opensource-demo.orangehrmlive.com/web/index.php/auth/login,HTTP/1.1,default,,200,,tls1.3,https://opensource-demo.orangehrmlive.com/web/index.php/auth/login,,
http_req_sending,1753176950,0.000000,,,,true,,GET,https://opensource-demo.orangehrmlive.com/web/index.php/auth/login,HTTP/1.1,default,,200,,tls1.3,https://opensource-demo.orangehrmlive.com/web/index.php/auth/login,,
http_req_waiting,1753176950,1137.578900,,,,true,,GET,https://opensource-demo.orangehrmlive.com/web/index.php/auth/login,HTTP/1.1,default,,200,,tls1.3,https://opensource-demo.orangehrmlive.com/web/index.php/auth/login,,
http_req_receiving,1753176950,0.000000,,,,true,,GET,https://opensource-demo.orangehrmlive.com/web/index.php/auth/login,HTTP/1.1,default,,200,,tls1.3,https://opensource-demo.orangehrmlive.com/web/index.php/auth/login,,
http_req_failed,1753176950,0.000000,,,,true,,GET,https://opensource-demo.orangehrmlive.com/web/index.php/auth/login,HTTP/1.1,default,,200,,tls1.3,https://opensource-demo.orangehrmlive.com/web/index.php/auth/login,,
checks,1753176950,1.000000,status is 200 or redirect,,,,,,,,default,,,,,,,
checks,1753176950,1.000000,response is not empty,,,,,,,,default,,,,,,,
http_reqs,1753176950,1.000000,,,,true,,GET,https://opensource-demo.orangehrmlive.com/web/index.php/auth/login,HTTP/1.1,default,,200,,tls1.3,https://opensource-demo.orangehrmlive.com/web/index.php/auth/login,,
http_req_duration,1753176950,1306.246200,,,,true,,GET,https://opensource-demo.orangehrmlive.com/web/index.php/auth/login,HTTP/1.1,default,,200,,tls1.3,https://opensource-demo.orangehrmlive.com/web/index.php/auth/login,,
http_req_blocked,1753176950,0.000000,,,,true,,GET,https://opensource-demo.orangehrmlive.com/web/index.php/auth/login,HTTP/1.1,default,,200,,tls1.3,https://opensource-demo.orangehrmlive.com/web/index.php/auth/login,,
http_req_connecting,1753176950,0.000000,,,,true,,GET,https://opensource-demo.orangehrmlive.com/web/index.php/auth/login,HTTP/1.1,default,,200,,tls1.3,https://opensource-demo.orangehrmlive.com/web/index.php/auth/login,,
http_req_tls_handshaking,1753176950,0.000000,,,,true,,GET,https://opensource-demo.orangehrmlive.com/web/index.php/auth/login,HTTP/1.1,default,,200,,tls1.3,https://opensource-demo.orangehrmlive.com/web/index.php/auth/login,,
http_req_sending,1753176950,0.000000,,,,true,,GET,https://opensource-demo.orangehrmlive.com/web/index.php/auth/login,HTTP/1.1,default,,200,,tls1.3,https://opensource-demo.orangehrmlive.com/web/index.php/auth/login,,
http_req_waiting,1753176950,1305.881400,,,,true,,GET,https://opensource-demo.orangehrmlive.com/web/index.php/auth/login,HTTP/1.1,default,,200,,tls1.3,https://opensource-demo.orangehrmlive.com/web/index.php/auth/login,,
http_req_receiving,1753176950,0.364800,,,,true,,GET,https://opensource-demo.orangehrmlive.com/web/index.php/auth/login,HTTP/1.1,default,,200,,tls1.3,https://opensource-demo.orangehrmlive.com/web/index.php/auth/login,,
http_req_failed,1753176950,0.000000,,,,true,,GET,https://opensource-demo.orangehrmlive.com/web/index.php/auth/login,HTTP/1.1,default,,200,,tls1.3,https://opensource-demo.orangehrmlive.com/web/index.php/auth/login,,
checks,1753176950,1.000000,status is 200 or redirect,,,,,,,,default,,,,,,,
checks,1753176950,1.000000,response is not empty,,,,,,,,default,,,,,,,
vus,1753176950,10.000000,,,,,,,,,,,,,,,,
vus_max,1753176950,10.000000,,,,,,,,,,,,,,,,
http_reqs,1753176950,1.000000,,,,true,,GET,https://opensource-demo.orangehrmlive.com/web/index.php/auth/login,HTTP/1.1,default,,200,,tls1.3,https://opensource-demo.orangehrmlive.com/web/index.php/auth/login,,
http_req_duration,1753176950,849.251500,,,,true,,GET,https://opensource-demo.orangehrmlive.com/web/index.php/auth/login,HTTP/1.1,default,,200,,tls1.3,https://opensource-demo.orangehrmlive.com/web/index.php/auth/login,,
http_req_blocked,1753176950,0.000000,,,,true,,GET,https://opensource-demo.orangehrmlive.com/web/index.php/auth/login,HTTP/1.1,default,,200,,tls1.3,https://opensource-demo.orangehrmlive.com/web/index.php/auth/login,,
http_req_connecting,1753176950,0.000000,,,,true,,GET,https://opensource-demo.orangehrmlive.com/web/index.php/auth/login,HTTP/1.1,default,,200,,tls1.3,https://opensource-demo.orangehrmlive.com/web/index.php/auth/login,,
http_req_tls_handshaking,1753176950,0.000000,,,,true,,GET,https://opensource-demo.orangehrmlive.com/web/index.php/auth/login,HTTP/1.1,default,,200,,tls1.3,https://opensource-demo.orangehrmlive.com/web/index.php/auth/login,,
http_req_sending,1753176950,0.000000,,,,true,,GET,https://opensource-demo.orangehrmlive.com/web/index.php/auth/login,HTTP/1.1,default,,200,,tls1.3,https://opensource-demo.orangehrmlive.com/web/index.php/auth/login,,
http_req_waiting,1753176950,849.251500,,,,true,,GET,https://opensource-demo.orangehrmlive.com/web/index.php/auth/login,HTTP/1.1,default,,200,,tls1.3,https://opensource-demo.orangehrmlive.com/web/index.php/auth/login,,
http_req_receiving,1753176950,0.000000,,,,true,,GET,https://opensource-demo.orangehrmlive.com/web/index.php/auth/login,HTTP/1.1,default,,200,,tls1.3,https://opensource-demo.orangehrmlive.com/web/index.php/auth/login,,
http_req_failed,1753176950,0.000000,,,,true,,GET,https://opensource-demo.orangehrmlive.com/web/index.php/auth/login,HTTP/1.1,default,,200,,tls1.3,https://opensource-demo.orangehrmlive.com/web/index.php/auth/login,,
checks,1753176950,1.000000,status is 200 or redirect,,,,,,,,default,,,,,,,
checks,1753176950,1.000000,response is not empty,,,,,,,,default,,,,,,,
data_sent,1753176950,526.000000,,,,,,,,,default,,,,,,,
data_received,1753176950,7129.000000,,,,,,,,,default,,,,,,,
iteration_duration,1753176950,2742.509000,,,,,,,,,default,,,,,,,
iterations,1753176950,1.000000,,,,,,,,,default,,,,,,,
total_iterations,1753176950,1.000000,,,,,,,,,default,,,,,,,
http_reqs,1753176950,1.000000,,,,true,,POST,https://opensource-demo.orangehrmlive.com/web/index.php/auth/validate,HTTP/1.1,default,,302,,tls1.3,https://opensource-demo.orangehrmlive.com/web/index.php/auth/validate,,
http_req_duration,1753176950,1078.948900,,,,true,,POST,https://opensource-demo.orangehrmlive.com/web/index.php/auth/validate,HTTP/1.1,default,,302,,tls1.3,https://opensource-demo.orangehrmlive.com/web/index.php/auth/validate,,
http_req_blocked,1753176950,0.000000,,,,true,,POST,https://opensource-demo.orangehrmlive.com/web/index.php/auth/validate,HTTP/1.1,default,,302,,tls1.3,https://opensource-demo.orangehrmlive.com/web/index.php/auth/validate,,
http_req_connecting,1753176950,0.000000,,,,true,,POST,https://opensource-demo.orangehrmlive.com/web/index.php/auth/validate,HTTP/1.1,default,,302,,tls1.3,https://opensource-demo.orangehrmlive.com/web/index.php/auth/validate,,
http_req_tls_handshaking,1753176950,0.000000,,,,true,,POST,https://opensource-demo.orangehrmlive.com/web/index.php/auth/validate,HTTP/1.1,default,,302,,tls1.3,https://opensource-demo.orangehrmlive.com/web/index.php/auth/validate,,
http_req_sending,1753176950,0.000000,,,,true,,POST,https://opensource-demo.orangehrmlive.com/web/index.php/auth/validate,HTTP/1.1,default,,302,,tls1.3,https://opensource-demo.orangehrmlive.com/web/index.php/auth/validate,,
http_req_waiting,1753176950,1078.948900,,,,true,,POST,https://opensource-demo.orangehrmlive.com/web/index.php/auth/validate,HTTP/1.1,default,,302,,tls1.3,https://opensource-demo.orangehrmlive.com/web/index.php/auth/validate,,
http_req_receiving,1753176950,0.000000,,,,true,,POST,https://opensource-demo.orangehrmlive.com/web/index.php/auth/validate,HTTP/1.1,default,,302,,tls1.3,https://opensource-demo.orangehrmlive.com/web/index.php/auth/validate,,
http_req_failed,1753176950,0.000000,,,,true,,POST,https://opensource-demo.orangehrmlive.com/web/index.php/auth/validate,HTTP/1.1,default,,302,,tls1.3,https://opensource-demo.orangehrmlive.com/web/index.php/auth/validate,,
data_sent,1753176950,532.000000,,,,,,,,,default,,,,,,,
data_received,1753176950,7115.000000,,,,,,,,,default,,,,,,,
iteration_duration,1753176950,2810.234600,,,,,,,,,default,,,,,,,
iterations,1753176950,1.000000,,,,,,,,,default,,,,,,,
total_iterations,1753176950,1.000000,,,,,,,,,default,,,,,,,
data_sent,1753176951,526.000000,,,,,,,,,default,,,,,,,
data_received,1753176951,7112.000000,,,,,,,,,default,,,,,,,
iteration_duration,1753176951,3275.981500,,,,,,,,,default,,,,,,,
iterations,1753176951,1.000000,,,,,,,,,default,,,,,,,
total_iterations,1753176951,1.000000,,,,,,,,,default,,,,,,,
http_reqs,1753176951,1.000000,,,,true,,POST,https://opensource-demo.orangehrmlive.com/web/index.php/auth/validate,HTTP/1.1,default,,302,,tls1.3,https://opensource-demo.orangehrmlive.com/web/index.php/auth/validate,,
http_req_duration,1753176951,891.134400,,,,true,,POST,https://opensource-demo.orangehrmlive.com/web/index.php/auth/validate,HTTP/1.1,default,,302,,tls1.3,https://opensource-demo.orangehrmlive.com/web/index.php/auth/validate,,
http_req_blocked,1753176951,0.000000,,,,true,,POST,https://opensource-demo.orangehrmlive.com/web/index.php/auth/validate,HTTP/1.1,default,,302,,tls1.3,https://opensource-demo.orangehrmlive.com/web/index.php/auth/validate,,
http_req_connecting,1753176951,0.000000,,,,true,,POST,https://opensource-demo.orangehrmlive.com/web/index.php/auth/validate,HTTP/1.1,default,,302,,tls1.3,https://opensource-demo.orangehrmlive.com/web/index.php/auth/validate,,
http_req_tls_handshaking,1753176951,0.000000,,,,true,,POST,https://opensource-demo.orangehrmlive.com/web/index.php/auth/validate,HTTP/1.1,default,,302,,tls1.3,https://opensource-demo.orangehrmlive.com/web/index.php/auth/validate,,
http_req_sending,1753176951,0.618600,,,,true,,POST,https://opensource-demo.orangehrmlive.com/web/index.php/auth/validate,HTTP/1.1,default,,302,,tls1.3,https://opensource-demo.orangehrmlive.com/web/index.php/auth/validate,,
http_req_waiting,1753176951,889.891900,,,,true,,POST,https://opensource-demo.orangehrmlive.com/web/index.php/auth/validate,HTTP/1.1,default,,302,,tls1.3,https://opensource-demo.orangehrmlive.com/web/index.php/auth/validate,,
http_req_receiving,1753176951,0.623900,,,,true,,POST,https://opensource-demo.orangehrmlive.com/web/index.php/auth/validate,HTTP/1.1,default,,302,,tls1.3,https://opensource-demo.orangehrmlive.com/web/index.php/auth/validate,,
http_req_failed,1753176951,0.000000,,,,true,,POST,https://opensource-demo.orangehrmlive.com/web/index.php/auth/validate,HTTP/1.1,default,,302,,tls1.3,https://opensource-demo.orangehrmlive.com/web/index.php/auth/validate,,
data_sent,1753176951,526.000000,,,,,,,,,default,,,,,,,
data_received,1753176951,7129.000000,,,,,,,,,default,,,,,,,
iteration_duration,1753176951,2874.553600,,,,,,,,,default,,,,,,,
iterations,1753176951,1.000000,,,,,,,,,default,,,,,,,
total_iterations,1753176951,1.000000,,,,,,,,,default,,,,,,,
data_sent,1753176951,535.000000,,,,,,,,,default,,,,,,,
data_received,1753176951,7122.000000,,,,,,,,,default,,,,,,,
iteration_duration,1753176951,3210.363500,,,,,,,,,default,,,,,,,
iterations,1753176951,1.000000,,,,,,,,,default,,,,,,,
total_iterations,1753176951,1.000000,,,,,,,,,default,,,,,,,
vus,1753176951,10.000000,,,,,,,,,,,,,,,,
vus_max,1753176951,10.000000,,,,,,,,,,,,,,,,
http_reqs,1753176951,1.000000,,,,true,,POST,https://opensource-demo.orangehrmlive.com/web/index.php/auth/validate,HTTP/1.1,default,,302,,tls1.3,https://opensource-demo.orangehrmlive.com/web/index.php/auth/validate,,
http_req_duration,1753176951,1498.979000,,,,true,,POST,https://opensource-demo.orangehrmlive.com/web/index.php/auth/validate,HTTP/1.1,default,,302,,tls1.3,https://opensource-demo.orangehrmlive.com/web/index.php/auth/validate,,
http_req_blocked,1753176951,0.000000,,,,true,,POST,https://opensource-demo.orangehrmlive.com/web/index.php/auth/validate,HTTP/1.1,default,,302,,tls1.3,https://opensource-demo.orangehrmlive.com/web/index.php/auth/validate,,
http_req_connecting,1753176951,0.000000,,,,true,,POST,https://opensource-demo.orangehrmlive.com/web/index.php/auth/validate,HTTP/1.1,default,,302,,tls1.3,https://opensource-demo.orangehrmlive.com/web/index.php/auth/validate,,
http_req_tls_handshaking,1753176951,0.000000,,,,true,,POST,https://opensource-demo.orangehrmlive.com/web/index.php/auth/validate,HTTP/1.1,default,,302,,tls1.3,https://opensource-demo.orangehrmlive.com/web/index.php/auth/validate,,
http_req_sending,1753176951,0.000000,,,,true,,POST,https://opensource-demo.orangehrmlive.com/web/index.php/auth/validate,HTTP/1.1,default,,302,,tls1.3,https://opensource-demo.orangehrmlive.com/web/index.php/auth/validate,,
http_req_waiting,1753176951,1498.979000,,,,true,,POST,https://opensource-demo.orangehrmlive.com/web/index.php/auth/validate,HTTP/1.1,default,,302,,tls1.3,https://opensource-demo.orangehrmlive.com/web/index.php/auth/validate,,
http_req_receiving,1753176951,0.000000,,,,true,,POST,https://opensource-demo.orangehrmlive.com/web/index.php/auth/validate,HTTP/1.1,default,,302,,tls1.3,https://opensource-demo.orangehrmlive.com/web/index.php/auth/validate,,
http_req_failed,1753176951,0.000000,,,,true,,POST,https://opensource-demo.orangehrmlive.com/web/index.php/auth/validate,HTTP/1.1,default,,302,,tls1.3,https://opensource-demo.orangehrmlive.com/web/index.php/auth/validate,,
data_sent,1753176951,532.000000,,,,,,,,,default,,,,,,,
data_received,1753176951,7102.000000,,,,,,,,,default,,,,,,,
iteration_duration,1753176951,2601.705700,,,,,,,,,default,,,,,,,
iterations,1753176951,1.000000,,,,,,,,,default,,,,,,,
total_iterations,1753176951,1.000000,,,,,,,,,default,,,,,,,
http_reqs,1753176951,1.000000,,,,true,,POST,https://opensource-demo.orangehrmlive.com/web/index.php/auth/validate,HTTP/1.1,default,,302,,tls1.3,https://opensource-demo.orangehrmlive.com/web/index.php/auth/validate,,
http_req_duration,1753176951,660.465700,,,,true,,POST,https://opensource-demo.orangehrmlive.com/web/index.php/auth/validate,HTTP/1.1,default,,302,,tls1.3,https://opensource-demo.orangehrmlive.com/web/index.php/auth/validate,,
http_req_blocked,1753176951,0.000000,,,,true,,POST,https://opensource-demo.orangehrmlive.com/web/index.php/auth/validate,HTTP/1.1,default,,302,,tls1.3,https://opensource-demo.orangehrmlive.com/web/index.php/auth/validate,,
http_req_connecting,1753176951,0.000000,,,,true,,POST,https://opensource-demo.orangehrmlive.com/web/index.php/auth/validate,HTTP/1.1,default,,302,,tls1.3,https://opensource-demo.orangehrmlive.com/web/index.php/auth/validate,,
http_req_tls_handshaking,1753176951,0.000000,,,,true,,POST,https://opensource-demo.orangehrmlive.com/web/index.php/auth/validate,HTTP/1.1,default,,302,,tls1.3,https://opensource-demo.orangehrmlive.com/web/index.php/auth/validate,,
http_req_sending,1753176951,0.000000,,,,true,,POST,https://opensource-demo.orangehrmlive.com/web/index.php/auth/validate,HTTP/1.1,default,,302,,tls1.3,https://opensource-demo.orangehrmlive.com/web/index.php/auth/validate,,
http_req_waiting,1753176951,660.102600,,,,true,,POST,https://opensource-demo.orangehrmlive.com/web/index.php/auth/validate,HTTP/1.1,default,,302,,tls1.3,https://opensource-demo.orangehrmlive.com/web/index.php/auth/validate,,
http_req_receiving,1753176951,0.363100,,,,true,,POST,https://opensource-demo.orangehrmlive.com/web/index.php/auth/validate,HTTP/1.1,default,,302,,tls1.3,https://opensource-demo.orangehrmlive.com/web/index.php/auth/validate,,
http_req_failed,1753176951,0.000000,,,,true,,POST,https://opensource-demo.orangehrmlive.com/web/index.php/auth/validate,HTTP/1.1,default,,302,,tls1.3,https://opensource-demo.orangehrmlive.com/web/index.php/auth/validate,,
http_reqs,1753176951,1.000000,,,,true,,POST,https://opensource-demo.orangehrmlive.com/web/index.php/auth/validate,HTTP/1.1,default,,302,,tls1.3,https://opensource-demo.orangehrmlive.com/web/index.php/auth/validate,,
http_req_duration,1753176951,1081.318000,,,,true,,POST,https://opensource-demo.orangehrmlive.com/web/index.php/auth/validate,HTTP/1.1,default,,302,,tls1.3,https://opensource-demo.orangehrmlive.com/web/index.php/auth/validate,,
http_req_blocked,1753176951,0.000000,,,,true,,POST,https://opensource-demo.orangehrmlive.com/web/index.php/auth/validate,HTTP/1.1,default,,302,,tls1.3,https://opensource-demo.orangehrmlive.com/web/index.php/auth/validate,,
http_req_connecting,1753176951,0.000000,,,,true,,POST,https://opensource-demo.orangehrmlive.com/web/index.php/auth/validate,HTTP/1.1,default,,302,,tls1.3,https://opensource-demo.orangehrmlive.com/web/index.php/auth/validate,,
http_req_tls_handshaking,1753176951,0.000000,,,,true,,POST,https://opensource-demo.orangehrmlive.com/web/index.php/auth/validate,HTTP/1.1,default,,302,,tls1.3,https://opensource-demo.orangehrmlive.com/web/index.php/auth/validate,,
http_req_sending,1753176951,0.000000,,,,true,,POST,https://opensource-demo.orangehrmlive.com/web/index.php/auth/validate,HTTP/1.1,default,,302,,tls1.3,https://opensource-demo.orangehrmlive.com/web/index.php/auth/validate,,
http_req_waiting,1753176951,1080.707200,,,,true,,POST,https://opensource-demo.orangehrmlive.com/web/index.php/auth/validate,HTTP/1.1,default,,302,,tls1.3,https://opensource-demo.orangehrmlive.com/web/index.php/auth/validate,,
http_req_receiving,1753176951,0.610800,,,,true,,POST,https://opensource-demo.orangehrmlive.com/web/index.php/auth/validate,HTTP/1.1,default,,302,,tls1.3,https://opensource-demo.orangehrmlive.com/web/index.php/auth/validate,,
http_req_failed,1753176951,0.000000,,,,true,,POST,https://opensource-demo.orangehrmlive.com/web/index.php/auth/validate,HTTP/1.1,default,,302,,tls1.3,https://opensource-demo.orangehrmlive.com/web/index.php/auth/validate,,
http_reqs,1753176951,1.000000,,,,true,,GET,https://opensource-demo.orangehrmlive.com/web/index.php/auth/login,HTTP/1.1,default,,200,,tls1.3,https://opensource-demo.orangehrmlive.com/web/index.php/auth/login,,
http_req_duration,1753176951,1397.770700,,,,true,,GET,https://opensource-demo.orangehrmlive.com/web/index.php/auth/login,HTTP/1.1,default,,200,,tls1.3,https://opensource-demo.orangehrmlive.com/web/index.php/auth/login,,
http_req_blocked,1753176951,0.000000,,,,true,,GET,https://opensource-demo.orangehrmlive.com/web/index.php/auth/login,HTTP/1.1,default,,200,,tls1.3,https://opensource-demo.orangehrmlive.com/web/index.php/auth/login,,
http_req_connecting,1753176951,0.000000,,,,true,,GET,https://opensource-demo.orangehrmlive.com/web/index.php/auth/login,HTTP/1.1,default,,200,,tls1.3,https://opensource-demo.orangehrmlive.com/web/index.php/auth/login,,
http_req_tls_handshaking,1753176951,0.000000,,,,true,,GET,https://opensource-demo.orangehrmlive.com/web/index.php/auth/login,HTTP/1.1,default,,200,,tls1.3,https://opensource-demo.orangehrmlive.com/web/index.php/auth/login,,
http_req_sending,1753176951,0.000000,,,,true,,GET,https://opensource-demo.orangehrmlive.com/web/index.php/auth/login,HTTP/1.1,default,,200,,tls1.3,https://opensource-demo.orangehrmlive.com/web/index.php/auth/login,,
http_req_waiting,1753176951,1397.770700,,,,true,,GET,https://opensource-demo.orangehrmlive.com/web/index.php/auth/login,HTTP/1.1,default,,200,,tls1.3,https://opensource-demo.orangehrmlive.com/web/index.php/auth/login,,
http_req_receiving,1753176951,0.000000,,,,true,,GET,https://opensource-demo.orangehrmlive.com/web/index.php/auth/login,HTTP/1.1,default,,200,,tls1.3,https://opensource-demo.orangehrmlive.com/web/index.php/auth/login,,
http_req_failed,1753176951,0.000000,,,,true,,GET,https://opensource-demo.orangehrmlive.com/web/index.php/auth/login,HTTP/1.1,default,,200,,tls1.3,https://opensource-demo.orangehrmlive.com/web/index.php/auth/login,,
checks,1753176951,1.000000,status is 200 or redirect,,,,,,,,default,,,,,,,
checks,1753176951,1.000000,response is not empty,,,,,,,,default,,,,,,,
http_reqs,1753176951,1.000000,,,,true,,GET,https://opensource-demo.orangehrmlive.com/web/index.php/auth/login,HTTP/1.1,default,,200,,tls1.3,https://opensource-demo.orangehrmlive.com/web/index.php/auth/login,,
http_req_duration,1753176951,1040.354400,,,,true,,GET,https://opensource-demo.orangehrmlive.com/web/index.php/auth/login,HTTP/1.1,default,,200,,tls1.3,https://opensource-demo.orangehrmlive.com/web/index.php/auth/login,,
http_req_blocked,1753176951,0.000000,,,,true,,GET,https://opensource-demo.orangehrmlive.com/web/index.php/auth/login,HTTP/1.1,default,,200,,tls1.3,https://opensource-demo.orangehrmlive.com/web/index.php/auth/login,,
http_req_connecting,1753176951,0.000000,,,,true,,GET,https://opensource-demo.orangehrmlive.com/web/index.php/auth/login,HTTP/1.1,default,,200,,tls1.3,https://opensource-demo.orangehrmlive.com/web/index.php/auth/login,,
http_req_tls_handshaking,1753176951,0.000000,,,,true,,GET,https://opensource-demo.orangehrmlive.com/web/index.php/auth/login,HTTP/1.1,default,,200,,tls1.3,https://opensource-demo.orangehrmlive.com/web/index.php/auth/login,,
http_req_sending,1753176951,0.000000,,,,true,,GET,https://opensource-demo.orangehrmlive.com/web/index.php/auth/login,HTTP/1.1,default,,200,,tls1.3,https://opensource-demo.orangehrmlive.com/web/index.php/auth/login,,
http_req_waiting,1753176951,1039.723700,,,,true,,GET,https://opensource-demo.orangehrmlive.com/web/index.php/auth/login,HTTP/1.1,default,,200,,tls1.3,https://opensource-demo.orangehrmlive.com/web/index.php/auth/login,,
http_req_receiving,1753176951,0.630700,,,,true,,GET,https://opensource-demo.orangehrmlive.com/web/index.php/auth/login,HTTP/1.1,default,,200,,tls1.3,https://opensource-demo.orangehrmlive.com/web/index.php/auth/login,,
http_req_failed,1753176951,0.000000,,,,true,,GET,https://opensource-demo.orangehrmlive.com/web/index.php/auth/login,HTTP/1.1,default,,200,,tls1.3,https://opensource-demo.orangehrmlive.com/web/index.php/auth/login,,
checks,1753176951,1.000000,status is 200 or redirect,,,,,,,,default,,,,,,,
checks,1753176951,1.000000,response is not empty,,,,,,,,default,,,,,,,
http_reqs,1753176951,1.000000,,,,true,,POST,https://opensource-demo.orangehrmlive.com/web/index.php/auth/validate,HTTP/1.1,default,,302,,tls1.3,https://opensource-demo.orangehrmlive.com/web/index.php/auth/validate,,
http_req_duration,1753176951,653.462500,,,,true,,POST,https://opensource-demo.orangehrmlive.com/web/index.php/auth/validate,HTTP/1.1,default,,302,,tls1.3,https://opensource-demo.orangehrmlive.com/web/index.php/auth/validate,,
http_req_blocked,1753176951,0.000000,,,,true,,POST,https://opensource-demo.orangehrmlive.com/web/index.php/auth/validate,HTTP/1.1,default,,302,,tls1.3,https://opensource-demo.orangehrmlive.com/web/index.php/auth/validate,,
http_req_connecting,1753176951,0.000000,,,,true,,POST,https://opensource-demo.orangehrmlive.com/web/index.php/auth/validate,HTTP/1.1,default,,302,,tls1.3,https://opensource-demo.orangehrmlive.com/web/index.php/auth/validate,,
http_req_tls_handshaking,1753176951,0.000000,,,,true,,POST,https://opensource-demo.orangehrmlive.com/web/index.php/auth/validate,HTTP/1.1,default,,302,,tls1.3,https://opensource-demo.orangehrmlive.com/web/index.php/auth/validate,,
http_req_sending,1753176951,0.000000,,,,true,,POST,https://opensource-demo.orangehrmlive.com/web/index.php/auth/validate,HTTP/1.1,default,,302,,tls1.3,https://opensource-demo.orangehrmlive.com/web/index.php/auth/validate,,
http_req_waiting,1753176951,652.940500,,,,true,,POST,https://opensource-demo.orangehrmlive.com/web/index.php/auth/validate,HTTP/1.1,default,,302,,tls1.3,https://opensource-demo.orangehrmlive.com/web/index.php/auth/validate,,
http_req_receiving,1753176951,0.522000,,,,true,,POST,https://opensource-demo.orangehrmlive.com/web/index.php/auth/validate,HTTP/1.1,default,,302,,tls1.3,https://opensource-demo.orangehrmlive.com/web/index.php/auth/validate,,
http_req_failed,1753176951,0.000000,,,,true,,POST,https://opensource-demo.orangehrmlive.com/web/index.php/auth/validate,HTTP/1.1,default,,302,,tls1.3,https://opensource-demo.orangehrmlive.com/web/index.php/auth/validate,,
http_reqs,1753176952,1.000000,,,,true,,POST,https://opensource-demo.orangehrmlive.com/web/index.php/auth/validate,HTTP/1.1,default,,302,,tls1.3,https://opensource-demo.orangehrmlive.com/web/index.php/auth/validate,,
http_req_duration,1753176952,1015.935900,,,,true,,POST,https://opensource-demo.orangehrmlive.com/web/index.php/auth/validate,HTTP/1.1,default,,302,,tls1.3,https://opensource-demo.orangehrmlive.com/web/index.php/auth/validate,,
http_req_blocked,1753176952,0.000000,,,,true,,POST,https://opensource-demo.orangehrmlive.com/web/index.php/auth/validate,HTTP/1.1,default,,302,,tls1.3,https://opensource-demo.orangehrmlive.com/web/index.php/auth/validate,,
http_req_connecting,1753176952,0.000000,,,,true,,POST,https://opensource-demo.orangehrmlive.com/web/index.php/auth/validate,HTTP/1.1,default,,302,,tls1.3,https://opensource-demo.orangehrmlive.com/web/index.php/auth/validate,,
http_req_tls_handshaking,1753176952,0.000000,,,,true,,POST,https://opensource-demo.orangehrmlive.com/web/index.php/auth/validate,HTTP/1.1,default,,302,,tls1.3,https://opensource-demo.orangehrmlive.com/web/index.php/auth/validate,,
http_req_sending,1753176952,0.000000,,,,true,,POST,https://opensource-demo.orangehrmlive.com/web/index.php/auth/validate,HTTP/1.1,default,,302,,tls1.3,https://opensource-demo.orangehrmlive.com/web/index.php/auth/validate,,
http_req_waiting,1753176952,1015.381400,,,,true,,POST,https://opensource-demo.orangehrmlive.com/web/index.php/auth/validate,HTTP/1.1,default,,302,,tls1.3,https://opensource-demo.orangehrmlive.com/web/index.php/auth/validate,,
http_req_receiving,1753176952,0.554500,,,,true,,POST,https://opensource-demo.orangehrmlive.com/web/index.php/auth/validate,HTTP/1.1,default,,302,,tls1.3,https://opensource-demo.orangehrmlive.com/web/index.php/auth/validate,,
http_req_failed,1753176952,0.000000,,,,true,,POST,https://opensource-demo.orangehrmlive.com/web/index.php/auth/validate,HTTP/1.1,default,,302,,tls1.3,https://opensource-demo.orangehrmlive.com/web/index.php/auth/validate,,
http_reqs,1753176952,1.000000,,,,true,,POST,https://opensource-demo.orangehrmlive.com/web/index.php/auth/validate,HTTP/1.1,default,,302,,tls1.3,https://opensource-demo.orangehrmlive.com/web/index.php/auth/validate,,
http_req_duration,1753176952,703.691600,,,,true,,POST,https://opensource-demo.orangehrmlive.com/web/index.php/auth/validate,HTTP/1.1,default,,302,,tls1.3,https://opensource-demo.orangehrmlive.com/web/index.php/auth/validate,,
http_req_blocked,1753176952,0.000000,,,,true,,POST,https://opensource-demo.orangehrmlive.com/web/index.php/auth/validate,HTTP/1.1,default,,302,,tls1.3,https://opensource-demo.orangehrmlive.com/web/index.php/auth/validate,,
http_req_connecting,1753176952,0.000000,,,,true,,POST,https://opensource-demo.orangehrmlive.com/web/index.php/auth/validate,HTTP/1.1,default,,302,,tls1.3,https://opensource-demo.orangehrmlive.com/web/index.php/auth/validate,,
http_req_tls_handshaking,1753176952,0.000000,,,,true,,POST,https://opensource-demo.orangehrmlive.com/web/index.php/auth/validate,HTTP/1.1,default,,302,,tls1.3,https://opensource-demo.orangehrmlive.com/web/index.php/auth/validate,,
http_req_sending,1753176952,0.000000,,,,true,,POST,https://opensource-demo.orangehrmlive.com/web/index.php/auth/validate,HTTP/1.1,default,,302,,tls1.3,https://opensource-demo.orangehrmlive.com/web/index.php/auth/validate,,
http_req_waiting,1753176952,703.176900,,,,true,,POST,https://opensource-demo.orangehrmlive.com/web/index.php/auth/validate,HTTP/1.1,default,,302,,tls1.3,https://opensource-demo.orangehrmlive.com/web/index.php/auth/validate,,
http_req_receiving,1753176952,0.514700,,,,true,,POST,https://opensource-demo.orangehrmlive.com/web/index.php/auth/validate,HTTP/1.1,default,,302,,tls1.3,https://opensource-demo.orangehrmlive.com/web/index.php/auth/validate,,
http_req_failed,1753176952,0.000000,,,,true,,POST,https://opensource-demo.orangehrmlive.com/web/index.php/auth/validate,HTTP/1.1,default,,302,,tls1.3,https://opensource-demo.orangehrmlive.com/web/index.php/auth/validate,,
vus,1753176952,10.000000,,,,,,,,,,,,,,,,
vus_max,1753176952,10.000000,,,,,,,,,,,,,,,,
http_reqs,1753176952,1.000000,,,,true,,GET,https://opensource-demo.orangehrmlive.com/web/index.php/auth/login,HTTP/1.1,default,,200,,tls1.3,https://opensource-demo.orangehrmlive.com/web/index.php/auth/login,,
http_req_duration,1753176952,791.720100,,,,true,,GET,https://opensource-demo.orangehrmlive.com/web/index.php/auth/login,HTTP/1.1,default,,200,,tls1.3,https://opensource-demo.orangehrmlive.com/web/index.php/auth/login,,
http_req_blocked,1753176952,0.000000,,,,true,,GET,https://opensource-demo.orangehrmlive.com/web/index.php/auth/login,HTTP/1.1,default,,200,,tls1.3,https://opensource-demo.orangehrmlive.com/web/index.php/auth/login,,
http_req_connecting,1753176952,0.000000,,,,true,,GET,https://opensource-demo.orangehrmlive.com/web/index.php/auth/login,HTTP/1.1,default,,200,,tls1.3,https://opensource-demo.orangehrmlive.com/web/index.php/auth/login,,
http_req_tls_handshaking,1753176952,0.000000,,,,true,,GET,https://opensource-demo.orangehrmlive.com/web/index.php/auth/login,HTTP/1.1,default,,200,,tls1.3,https://opensource-demo.orangehrmlive.com/web/index.php/auth/login,,
http_req_sending,1753176952,0.000000,,,,true,,GET,https://opensource-demo.orangehrmlive.com/web/index.php/auth/login,HTTP/1.1,default,,200,,tls1.3,https://opensource-demo.orangehrmlive.com/web/index.php/auth/login,,
http_req_waiting,1753176952,791.155200,,,,true,,GET,https://opensource-demo.orangehrmlive.com/web/index.php/auth/login,HTTP/1.1,default,,200,,tls1.3,https://opensource-demo.orangehrmlive.com/web/index.php/auth/login,,
http_req_receiving,1753176952,0.564900,,,,true,,GET,https://opensource-demo.orangehrmlive.com/web/index.php/auth/login,HTTP/1.1,default,,200,,tls1.3,https://opensource-demo.orangehrmlive.com/web/index.php/auth/login,,
http_req_failed,1753176952,0.000000,,,,true,,GET,https://opensource-demo.orangehrmlive.com/web/index.php/auth/login,HTTP/1.1,default,,200,,tls1.3,https://opensource-demo.orangehrmlive.com/web/index.php/auth/login,,
checks,1753176952,1.000000,status is 200 or redirect,,,,,,,,default,,,,,,,
checks,1753176952,1.000000,response is not empty,,,,,,,,default,,,,,,,
http_reqs,1753176952,1.000000,,,,true,,GET,https://opensource-demo.orangehrmlive.com/web/index.php/auth/login,HTTP/1.1,default,,200,,tls1.3,https://opensource-demo.orangehrmlive.com/web/index.php/auth/login,,
http_req_duration,1753176952,1286.061400,,,,true,,GET,https://opensource-demo.orangehrmlive.com/web/index.php/auth/login,HTTP/1.1,default,,200,,tls1.3,https://opensource-demo.orangehrmlive.com/web/index.php/auth/login,,
http_req_blocked,1753176952,0.000000,,,,true,,GET,https://opensource-demo.orangehrmlive.com/web/index.php/auth/login,HTTP/1.1,default,,200,,tls1.3,https://opensource-demo.orangehrmlive.com/web/index.php/auth/login,,
http_req_connecting,1753176952,0.000000,,,,true,,GET,https://opensource-demo.orangehrmlive.com/web/index.php/auth/login,HTTP/1.1,default,,200,,tls1.3,https://opensource-demo.orangehrmlive.com/web/index.php/auth/login,,
http_req_tls_handshaking,1753176952,0.000000,,,,true,,GET,https://opensource-demo.orangehrmlive.com/web/index.php/auth/login,HTTP/1.1,default,,200,,tls1.3,https://opensource-demo.orangehrmlive.com/web/index.php/auth/login,,
http_req_sending,1753176952,0.000000,,,,true,,GET,https://opensource-demo.orangehrmlive.com/web/index.php/auth/login,HTTP/1.1,default,,200,,tls1.3,https://opensource-demo.orangehrmlive.com/web/index.php/auth/login,,
http_req_waiting,1753176952,1285.664700,,,,true,,GET,https://opensource-demo.orangehrmlive.com/web/index.php/auth/login,HTTP/1.1,default,,200,,tls1.3,https://opensource-demo.orangehrmlive.com/web/index.php/auth/login,,
http_req_receiving,1753176952,0.396700,,,,true,,GET,https://opensource-demo.orangehrmlive.com/web/index.php/auth/login,HTTP/1.1,default,,200,,tls1.3,https://opensource-demo.orangehrmlive.com/web/index.php/auth/login,,
http_req_failed,1753176952,0.000000,,,,true,,GET,https://opensource-demo.orangehrmlive.com/web/index.php/auth/login,HTTP/1.1,default,,200,,tls1.3,https://opensource-demo.orangehrmlive.com/web/index.php/auth/login,,
checks,1753176952,1.000000,status is 200 or redirect,,,,,,,,default,,,,,,,
checks,1753176952,1.000000,response is not empty,,,,,,,,default,,,,,,,
http_reqs,1753176952,1.000000,,,,true,,POST,https://opensource-demo.orangehrmlive.com/web/index.php/auth/validate,HTTP/1.1,default,,302,,tls1.3,https://opensource-demo.orangehrmlive.com/web/index.php/auth/validate,,
http_req_duration,1753176952,1196.036300,,,,true,,POST,https://opensource-demo.orangehrmlive.com/web/index.php/auth/validate,HTTP/1.1,default,,302,,tls1.3,https://opensource-demo.orangehrmlive.com/web/index.php/auth/validate,,
http_req_blocked,1753176952,0.000000,,,,true,,POST,https://opensource-demo.orangehrmlive.com/web/index.php/auth/validate,HTTP/1.1,default,,302,,tls1.3,https://opensource-demo.orangehrmlive.com/web/index.php/auth/validate,,
http_req_connecting,1753176952,0.000000,,,,true,,POST,https://opensource-demo.orangehrmlive.com/web/index.php/auth/validate,HTTP/1.1,default,,302,,tls1.3,https://opensource-demo.orangehrmlive.com/web/index.php/auth/validate,,
http_req_tls_handshaking,1753176952,0.000000,,,,true,,POST,https://opensource-demo.orangehrmlive.com/web/index.php/auth/validate,HTTP/1.1,default,,302,,tls1.3,https://opensource-demo.orangehrmlive.com/web/index.php/auth/validate,,
http_req_sending,1753176952,0.000000,,,,true,,POST,https://opensource-demo.orangehrmlive.com/web/index.php/auth/validate,HTTP/1.1,default,,302,,tls1.3,https://opensource-demo.orangehrmlive.com/web/index.php/auth/validate,,
http_req_waiting,1753176952,1195.046000,,,,true,,POST,https://opensource-demo.orangehrmlive.com/web/index.php/auth/validate,HTTP/1.1,default,,302,,tls1.3,https://opensource-demo.orangehrmlive.com/web/index.php/auth/validate,,
http_req_receiving,1753176952,0.990300,,,,true,,POST,https://opensource-demo.orangehrmlive.com/web/index.php/auth/validate,HTTP/1.1,default,,302,,tls1.3,https://opensource-demo.orangehrmlive.com/web/index.php/auth/validate,,
http_req_failed,1753176952,0.000000,,,,true,,POST,https://opensource-demo.orangehrmlive.com/web/index.php/auth/validate,HTTP/1.1,default,,302,,tls1.3,https://opensource-demo.orangehrmlive.com/web/index.php/auth/validate,,
http_reqs,1753176952,1.000000,,,,true,,GET,https://opensource-demo.orangehrmlive.com/web/index.php/auth/login,HTTP/1.1,default,,200,,tls1.3,https://opensource-demo.orangehrmlive.com/web/index.php/auth/login,,
http_req_duration,1753176952,1214.573000,,,,true,,GET,https://opensource-demo.orangehrmlive.com/web/index.php/auth/login,HTTP/1.1,default,,200,,tls1.3,https://opensource-demo.orangehrmlive.com/web/index.php/auth/login,,
http_req_blocked,1753176952,0.000000,,,,true,,GET,https://opensource-demo.orangehrmlive.com/web/index.php/auth/login,HTTP/1.1,default,,200,,tls1.3,https://opensource-demo.orangehrmlive.com/web/index.php/auth/login,,
http_req_connecting,1753176952,0.000000,,,,true,,GET,https://opensource-demo.orangehrmlive.com/web/index.php/auth/login,HTTP/1.1,default,,200,,tls1.3,https://opensource-demo.orangehrmlive.com/web/index.php/auth/login,,
http_req_tls_handshaking,1753176952,0.000000,,,,true,,GET,https://opensource-demo.orangehrmlive.com/web/index.php/auth/login,HTTP/1.1,default,,200,,tls1.3,https://opensource-demo.orangehrmlive.com/web/index.php/auth/login,,
http_req_sending,1753176952,0.000000,,,,true,,GET,https://opensource-demo.orangehrmlive.com/web/index.php/auth/login,HTTP/1.1,default,,200,,tls1.3,https://opensource-demo.orangehrmlive.com/web/index.php/auth/login,,
http_req_waiting,1753176952,1214.573000,,,,true,,GET,https://opensource-demo.orangehrmlive.com/web/index.php/auth/login,HTTP/1.1,default,,200,,tls1.3,https://opensource-demo.orangehrmlive.com/web/index.php/auth/login,,
http_req_receiving,1753176952,0.000000,,,,true,,GET,https://opensource-demo.orangehrmlive.com/web/index.php/auth/login,HTTP/1.1,default,,200,,tls1.3,https://opensource-demo.orangehrmlive.com/web/index.php/auth/login,,
http_req_failed,1753176952,0.000000,,,,true,,GET,https://opensource-demo.orangehrmlive.com/web/index.php/auth/login,HTTP/1.1,default,,200,,tls1.3,https://opensource-demo.orangehrmlive.com/web/index.php/auth/login,,
data_sent,1753176952,528.000000,,,,,,,,,default,,,,,,,
data_received,1753176952,7122.000000,,,,,,,,,default,,,,,,,
iteration_duration,1753176952,3412.153700,,,,,,,,,default,,,,,,,
iterations,1753176952,1.000000,,,,,,,,,default,,,,,,,
total_iterations,1753176952,1.000000,,,,,,,,,default,,,,,,,
checks,1753176952,1.000000,status is 200 or redirect,,,,,,,,default,,,,,,,
checks,1753176952,1.000000,response is not empty,,,,,,,,default,,,,,,,
http_reqs,1753176952,1.000000,,,,true,,GET,https://opensource-demo.orangehrmlive.com/web/index.php/auth/login,HTTP/1.1,default,,200,,tls1.3,https://opensource-demo.orangehrmlive.com/web/index.php/auth/login,,
http_req_duration,1753176952,1103.976500,,,,true,,GET,https://opensource-demo.orangehrmlive.com/web/index.php/auth/login,HTTP/1.1,default,,200,,tls1.3,https://opensource-demo.orangehrmlive.com/web/index.php/auth/login,,
http_req_blocked,1753176952,0.000000,,,,true,,GET,https://opensource-demo.orangehrmlive.com/web/index.php/auth/login,HTTP/1.1,default,,200,,tls1.3,https://opensource-demo.orangehrmlive.com/web/index.php/auth/login,,
http_req_connecting,1753176952,0.000000,,,,true,,GET,https://opensource-demo.orangehrmlive.com/web/index.php/auth/login,HTTP/1.1,default,,200,,tls1.3,https://opensource-demo.orangehrmlive.com/web/index.php/auth/login,,
http_req_tls_handshaking,1753176952,0.000000,,,,true,,GET,https://opensource-demo.orangehrmlive.com/web/index.php/auth/login,HTTP/1.1,default,,200,,tls1.3,https://opensource-demo.orangehrmlive.com/web/index.php/auth/login,,
http_req_sending,1753176952,0.000000,,,,true,,GET,https://opensource-demo.orangehrmlive.com/web/index.php/auth/login,HTTP/1.1,default,,200,,tls1.3,https://opensource-demo.orangehrmlive.com/web/index.php/auth/login,,
http_req_waiting,1753176952,1102.998700,,,,true,,GET,https://opensource-demo.orangehrmlive.com/web/index.php/auth/login,HTTP/1.1,default,,200,,tls1.3,https://opensource-demo.orangehrmlive.com/web/index.php/auth/login,,
http_req_receiving,1753176952,0.977800,,,,true,,GET,https://opensource-demo.orangehrmlive.com/web/index.php/auth/login,HTTP/1.1,default,,200,,tls1.3,https://opensource-demo.orangehrmlive.com/web/index.php/auth/login,,
http_req_failed,1753176952,0.000000,,,,true,,GET,https://opensource-demo.orangehrmlive.com/web/index.php/auth/login,HTTP/1.1,default,,200,,tls1.3,https://opensource-demo.orangehrmlive.com/web/index.php/auth/login,,
checks,1753176952,1.000000,status is 200 or redirect,,,,,,,,default,,,,,,,
checks,1753176952,1.000000,response is not empty,,,,,,,,default,,,,,,,
data_sent,1753176952,529.000000,,,,,,,,,default,,,,,,,
data_received,1753176952,7112.000000,,,,,,,,,default,,,,,,,
iteration_duration,1753176952,3120.319300,,,,,,,,,default,,,,,,,
iterations,1753176952,1.000000,,,,,,,,,default,,,,,,,
total_iterations,1753176952,1.000000,,,,,,,,,default,,,,,,,
http_reqs,1753176952,1.000000,,,,true,,GET,https://opensource-demo.orangehrmlive.com/web/index.php/auth/login,HTTP/1.1,default,,200,,tls1.3,https://opensource-demo.orangehrmlive.com/web/index.php/auth/login,,
http_req_duration,1753176952,912.282600,,,,true,,GET,https://opensource-demo.orangehrmlive.com/web/index.php/auth/login,HTTP/1.1,default,,200,,tls1.3,https://opensource-demo.orangehrmlive.com/web/index.php/auth/login,,
http_req_blocked,1753176952,0.000000,,,,true,,GET,https://opensource-demo.orangehrmlive.com/web/index.php/auth/login,HTTP/1.1,default,,200,,tls1.3,https://opensource-demo.orangehrmlive.com/web/index.php/auth/login,,
http_req_connecting,1753176952,0.000000,,,,true,,GET,https://opensource-demo.orangehrmlive.com/web/index.php/auth/login,HTTP/1.1,default,,200,,tls1.3,https://opensource-demo.orangehrmlive.com/web/index.php/auth/login,,
http_req_tls_handshaking,1753176952,0.000000,,,,true,,GET,https://opensource-demo.orangehrmlive.com/web/index.php/auth/login,HTTP/1.1,default,,200,,tls1.3,https://opensource-demo.orangehrmlive.com/web/index.php/auth/login,,
http_req_sending,1753176952,0.000000,,,,true,,GET,https://opensource-demo.orangehrmlive.com/web/index.php/auth/login,HTTP/1.1,default,,200,,tls1.3,https://opensource-demo.orangehrmlive.com/web/index.php/auth/login,,
http_req_waiting,1753176952,911.770600,,,,true,,GET,https://opensource-demo.orangehrmlive.com/web/index.php/auth/login,HTTP/1.1,default,,200,,tls1.3,https://opensource-demo.orangehrmlive.com/web/index.php/auth/login,,
http_req_receiving,1753176952,0.512000,,,,true,,GET,https://opensource-demo.orangehrmlive.com/web/index.php/auth/login,HTTP/1.1,default,,200,,tls1.3,https://opensource-demo.orangehrmlive.com/web/index.php/auth/login,,
http_req_failed,1753176952,0.000000,,,,true,,GET,https://opensource-demo.orangehrmlive.com/web/index.php/auth/login,HTTP/1.1,default,,200,,tls1.3,https://opensource-demo.orangehrmlive.com/web/index.php/auth/login,,
checks,1753176952,1.000000,status is 200 or redirect,,,,,,,,default,,,,,,,
checks,1753176952,1.000000,response is not empty,,,,,,,,default,,,,,,,
http_reqs,1753176953,1.000000,,,,true,,POST,https://opensource-demo.orangehrmlive.com/web/index.php/auth/validate,HTTP/1.1,default,,302,,tls1.3,https://opensource-demo.orangehrmlive.com/web/index.php/auth/validate,,
http_req_duration,1753176953,357.245600,,,,true,,POST,https://opensource-demo.orangehrmlive.com/web/index.php/auth/validate,HTTP/1.1,default,,302,,tls1.3,https://opensource-demo.orangehrmlive.com/web/index.php/auth/validate,,
http_req_blocked,1753176953,0.000000,,,,true,,POST,https://opensource-demo.orangehrmlive.com/web/index.php/auth/validate,HTTP/1.1,default,,302,,tls1.3,https://opensource-demo.orangehrmlive.com/web/index.php/auth/validate,,
http_req_connecting,1753176953,0.000000,,,,true,,POST,https://opensource-demo.orangehrmlive.com/web/index.php/auth/validate,HTTP/1.1,default,,302,,tls1.3,https://opensource-demo.orangehrmlive.com/web/index.php/auth/validate,,
http_req_tls_handshaking,1753176953,0.000000,,,,true,,POST,https://opensource-demo.orangehrmlive.com/web/index.php/auth/validate,HTTP/1.1,default,,302,,tls1.3,https://opensource-demo.orangehrmlive.com/web/index.php/auth/validate,,
http_req_sending,1753176953,0.000000,,,,true,,POST,https://opensource-demo.orangehrmlive.com/web/index.php/auth/validate,HTTP/1.1,default,,302,,tls1.3,https://opensource-demo.orangehrmlive.com/web/index.php/auth/validate,,
http_req_waiting,1753176953,356.909200,,,,true,,POST,https://opensource-demo.orangehrmlive.com/web/index.php/auth/validate,HTTP/1.1,default,,302,,tls1.3,https://opensource-demo.orangehrmlive.com/web/index.php/auth/validate,,
http_req_receiving,1753176953,0.336400,,,,true,,POST,https://opensource-demo.orangehrmlive.com/web/index.php/auth/validate,HTTP/1.1,default,,302,,tls1.3,https://opensource-demo.orangehrmlive.com/web/index.php/auth/validate,,
http_req_failed,1753176953,0.000000,,,,true,,POST,https://opensource-demo.orangehrmlive.com/web/index.php/auth/validate,HTTP/1.1,default,,302,,tls1.3,https://opensource-demo.orangehrmlive.com/web/index.php/auth/validate,,
http_reqs,1753176953,1.000000,,,,true,,GET,https://opensource-demo.orangehrmlive.com/web/index.php/auth/login,HTTP/1.1,default,,200,,tls1.3,https://opensource-demo.orangehrmlive.com/web/index.php/auth/login,,
http_req_duration,1753176953,1117.967300,,,,true,,GET,https://opensource-demo.orangehrmlive.com/web/index.php/auth/login,HTTP/1.1,default,,200,,tls1.3,https://opensource-demo.orangehrmlive.com/web/index.php/auth/login,,
http_req_blocked,1753176953,0.000000,,,,true,,GET,https://opensource-demo.orangehrmlive.com/web/index.php/auth/login,HTTP/1.1,default,,200,,tls1.3,https://opensource-demo.orangehrmlive.com/web/index.php/auth/login,,
http_req_connecting,1753176953,0.000000,,,,true,,GET,https://opensource-demo.orangehrmlive.com/web/index.php/auth/login,HTTP/1.1,default,,200,,tls1.3,https://opensource-demo.orangehrmlive.com/web/index.php/auth/login,,
http_req_tls_handshaking,1753176953,0.000000,,,,true,,GET,https://opensource-demo.orangehrmlive.com/web/index.php/auth/login,HTTP/1.1,default,,200,,tls1.3,https://opensource-demo.orangehrmlive.com/web/index.php/auth/login,,
http_req_sending,1753176953,0.000000,,,,true,,GET,https://opensource-demo.orangehrmlive.com/web/index.php/auth/login,HTTP/1.1,default,,200,,tls1.3,https://opensource-demo.orangehrmlive.com/web/index.php/auth/login,,
http_req_waiting,1753176953,1117.967300,,,,true,,GET,https://opensource-demo.orangehrmlive.com/web/index.php/auth/login,HTTP/1.1,default,,200,,tls1.3,https://opensource-demo.orangehrmlive.com/web/index.php/auth/login,,
http_req_receiving,1753176953,0.000000,,,,true,,GET,https://opensource-demo.orangehrmlive.com/web/index.php/auth/login,HTTP/1.1,default,,200,,tls1.3,https://opensource-demo.orangehrmlive.com/web/index.php/auth/login,,
http_req_failed,1753176953,0.000000,,,,true,,GET,https://opensource-demo.orangehrmlive.com/web/index.php/auth/login,HTTP/1.1,default,,200,,tls1.3,https://opensource-demo.orangehrmlive.com/web/index.php/auth/login,,
checks,1753176953,1.000000,status is 200 or redirect,,,,,,,,default,,,,,,,
checks,1753176953,1.000000,response is not empty,,,,,,,,default,,,,,,,
http_reqs,1753176953,1.000000,,,,true,,GET,https://opensource-demo.orangehrmlive.com/web/index.php/auth/login,HTTP/1.1,default,,200,,tls1.3,https://opensource-demo.orangehrmlive.com/web/index.php/auth/login,,
http_req_duration,1753176953,707.111600,,,,true,,GET,https://opensource-demo.orangehrmlive.com/web/index.php/auth/login,HTTP/1.1,default,,200,,tls1.3,https://opensource-demo.orangehrmlive.com/web/index.php/auth/login,,
http_req_blocked,1753176953,0.000000,,,,true,,GET,https://opensource-demo.orangehrmlive.com/web/index.php/auth/login,HTTP/1.1,default,,200,,tls1.3,https://opensource-demo.orangehrmlive.com/web/index.php/auth/login,,
http_req_connecting,1753176953,0.000000,,,,true,,GET,https://opensource-demo.orangehrmlive.com/web/index.php/auth/login,HTTP/1.1,default,,200,,tls1.3,https://opensource-demo.orangehrmlive.com/web/index.php/auth/login,,
http_req_tls_handshaking,1753176953,0.000000,,,,true,,GET,https://opensource-demo.orangehrmlive.com/web/index.php/auth/login,HTTP/1.1,default,,200,,tls1.3,https://opensource-demo.orangehrmlive.com/web/index.php/auth/login,,
http_req_sending,1753176953,0.000000,,,,true,,GET,https://opensource-demo.orangehrmlive.com/web/index.php/auth/login,HTTP/1.1,default,,200,,tls1.3,https://opensource-demo.orangehrmlive.com/web/index.php/auth/login,,
http_req_waiting,1753176953,706.776700,,,,true,,GET,https://opensource-demo.orangehrmlive.com/web/index.php/auth/login,HTTP/1.1,default,,200,,tls1.3,https://opensource-demo.orangehrmlive.com/web/index.php/auth/login,,
http_req_receiving,1753176953,0.334900,,,,true,,GET,https://opensource-demo.orangehrmlive.com/web/index.php/auth/login,HTTP/1.1,default,,200,,tls1.3,https://opensource-demo.orangehrmlive.com/web/index.php/auth/login,,
http_req_failed,1753176953,0.000000,,,,true,,GET,https://opensource-demo.orangehrmlive.com/web/index.php/auth/login,HTTP/1.1,default,,200,,tls1.3,https://opensource-demo.orangehrmlive.com/web/index.php/auth/login,,
checks,1753176953,1.000000,status is 200 or redirect,,,,,,,,default,,,,,,,
checks,1753176953,1.000000,response is not empty,,,,,,,,default,,,,,,,
http_reqs,1753176953,1.000000,,,,true,,POST,https://opensource-demo.orangehrmlive.com/web/index.php/auth/validate,HTTP/1.1,default,,302,,tls1.3,https://opensource-demo.orangehrmlive.com/web/index.php/auth/validate,,
http_req_duration,1753176953,598.953600,,,,true,,POST,https://opensource-demo.orangehrmlive.com/web/index.php/auth/validate,HTTP/1.1,default,,302,,tls1.3,https://opensource-demo.orangehrmlive.com/web/index.php/auth/validate,,
http_req_blocked,1753176953,0.000000,,,,true,,POST,https://opensource-demo.orangehrmlive.com/web/index.php/auth/validate,HTTP/1.1,default,,302,,tls1.3,https://opensource-demo.orangehrmlive.com/web/index.php/auth/validate,,
http_req_connecting,1753176953,0.000000,,,,true,,POST,https://opensource-demo.orangehrmlive.com/web/index.php/auth/validate,HTTP/1.1,default,,302,,tls1.3,https://opensource-demo.orangehrmlive.com/web/index.php/auth/validate,,
http_req_tls_handshaking,1753176953,0.000000,,,,true,,POST,https://opensource-demo.orangehrmlive.com/web/index.php/auth/validate,HTTP/1.1,default,,302,,tls1.3,https://opensource-demo.orangehrmlive.com/web/index.php/auth/validate,,
http_req_sending,1753176953,0.792700,,,,true,,POST,https://opensource-demo.orangehrmlive.com/web/index.php/auth/validate,HTTP/1.1,default,,302,,tls1.3,https://opensource-demo.orangehrmlive.com/web/index.php/auth/validate,,
http_req_waiting,1753176953,597.818500,,,,true,,POST,https://opensource-demo.orangehrmlive.com/web/index.php/auth/validate,HTTP/1.1,default,,302,,tls1.3,https://opensource-demo.orangehrmlive.com/web/index.php/auth/validate,,
http_req_receiving,1753176953,0.342400,,,,true,,POST,https://opensource-demo.orangehrmlive.com/web/index.php/auth/validate,HTTP/1.1,default,,302,,tls1.3,https://opensource-demo.orangehrmlive.com/web/index.php/auth/validate,,
http_req_failed,1753176953,0.000000,,,,true,,POST,https://opensource-demo.orangehrmlive.com/web/index.php/auth/validate,HTTP/1.1,default,,302,,tls1.3,https://opensource-demo.orangehrmlive.com/web/index.php/auth/validate,,
vus,1753176953,10.000000,,,,,,,,,,,,,,,,
vus_max,1753176953,10.000000,,,,,,,,,,,,,,,,
data_sent,1753176953,526.000000,,,,,,,,,default,,,,,,,
data_received,1753176953,7126.000000,,,,,,,,,default,,,,,,,
iteration_duration,1753176953,2873.925500,,,,,,,,,default,,,,,,,
iterations,1753176953,1.000000,,,,,,,,,default,,,,,,,
total_iterations,1753176953,1.000000,,,,,,,,,default,,,,,,,
data_sent,1753176953,528.000000,,,,,,,,,default,,,,,,,
data_received,1753176953,7103.000000,,,,,,,,,default,,,,,,,
iteration_duration,1753176953,3178.126900,,,,,,,,,default,,,,,,,
iterations,1753176953,1.000000,,,,,,,,,default,,,,,,,
total_iterations,1753176953,1.000000,,,,,,,,,default,,,,,,,
http_reqs,1753176953,1.000000,,,,true,,GET,https://opensource-demo.orangehrmlive.com/web/index.php/auth/login,HTTP/1.1,default,,200,,tls1.3,https://opensource-demo.orangehrmlive.com/web/index.php/auth/login,,
http_req_duration,1753176953,1317.450100,,,,true,,GET,https://opensource-demo.orangehrmlive.com/web/index.php/auth/login,HTTP/1.1,default,,200,,tls1.3,https://opensource-demo.orangehrmlive.com/web/index.php/auth/login,,
http_req_blocked,1753176953,0.000000,,,,true,,GET,https://opensource-demo.orangehrmlive.com/web/index.php/auth/login,HTTP/1.1,default,,200,,tls1.3,https://opensource-demo.orangehrmlive.com/web/index.php/auth/login,,
http_req_connecting,1753176953,0.000000,,,,true,,GET,https://opensource-demo.orangehrmlive.com/web/index.php/auth/login,HTTP/1.1,default,,200,,tls1.3,https://opensource-demo.orangehrmlive.com/web/index.php/auth/login,,
http_req_tls_handshaking,1753176953,0.000000,,,,true,,GET,https://opensource-demo.orangehrmlive.com/web/index.php/auth/login,HTTP/1.1,default,,200,,tls1.3,https://opensource-demo.orangehrmlive.com/web/index.php/auth/login,,
http_req_sending,1753176953,0.000000,,,,true,,GET,https://opensource-demo.orangehrmlive.com/web/index.php/auth/login,HTTP/1.1,default,,200,,tls1.3,https://opensource-demo.orangehrmlive.com/web/index.php/auth/login,,
http_req_waiting,1753176953,1317.132900,,,,true,,GET,https://opensource-demo.orangehrmlive.com/web/index.php/auth/login,HTTP/1.1,default,,200,,tls1.3,https://opensource-demo.orangehrmlive.com/web/index.php/auth/login,,
http_req_receiving,1753176953,0.317200,,,,true,,GET,https://opensource-demo.orangehrmlive.com/web/index.php/auth/login,HTTP/1.1,default,,200,,tls1.3,https://opensource-demo.orangehrmlive.com/web/index.php/auth/login,,
http_req_failed,1753176953,0.000000,,,,true,,GET,https://opensource-demo.orangehrmlive.com/web/index.php/auth/login,HTTP/1.1,default,,200,,tls1.3,https://opensource-demo.orangehrmlive.com/web/index.php/auth/login,,
checks,1753176953,1.000000,status is 200 or redirect,,,,,,,,default,,,,,,,
checks,1753176953,1.000000,response is not empty,,,,,,,,default,,,,,,,
data_sent,1753176953,526.000000,,,,,,,,,default,,,,,,,
data_received,1753176953,7104.000000,,,,,,,,,default,,,,,,,
iteration_duration,1753176953,3714.451400,,,,,,,,,default,,,,,,,
iterations,1753176953,1.000000,,,,,,,,,default,,,,,,,
total_iterations,1753176953,1.000000,,,,,,,,,default,,,,,,,
data_sent,1753176953,526.000000,,,,,,,,,default,,,,,,,
data_received,1753176953,7124.000000,,,,,,,,,default,,,,,,,
iteration_duration,1753176953,2764.906400,,,,,,,,,default,,,,,,,
iterations,1753176953,1.000000,,,,,,,,,default,,,,,,,
total_iterations,1753176953,1.000000,,,,,,,,,default,,,,,,,
data_sent,1753176953,526.000000,,,,,,,,,default,,,,,,,
data_received,1753176953,7099.000000,,,,,,,,,default,,,,,,,
iteration_duration,1753176953,2566.701500,,,,,,,,,default,,,,,,,
iterations,1753176953,1.000000,,,,,,,,,default,,,,,,,
total_iterations,1753176953,1.000000,,,,,,,,,default,,,,,,,
http_reqs,1753176954,1.000000,,,,true,,GET,https://opensource-demo.orangehrmlive.com/web/index.php/auth/login,HTTP/1.1,default,,200,,tls1.3,https://opensource-demo.orangehrmlive.com/web/index.php/auth/login,,
http_req_duration,1753176954,1189.910000,,,,true,,GET,https://opensource-demo.orangehrmlive.com/web/index.php/auth/login,HTTP/1.1,default,,200,,tls1.3,https://opensource-demo.orangehrmlive.com/web/index.php/auth/login,,
http_req_blocked,1753176954,0.000000,,,,true,,GET,https://opensource-demo.orangehrmlive.com/web/index.php/auth/login,HTTP/1.1,default,,200,,tls1.3,https://opensource-demo.orangehrmlive.com/web/index.php/auth/login,,
http_req_connecting,1753176954,0.000000,,,,true,,GET,https://opensource-demo.orangehrmlive.com/web/index.php/auth/login,HTTP/1.1,default,,200,,tls1.3,https://opensource-demo.orangehrmlive.com/web/index.php/auth/login,,
http_req_tls_handshaking,1753176954,0.000000,,,,true,,GET,https://opensource-demo.orangehrmlive.com/web/index.php/auth/login,HTTP/1.1,default,,200,,tls1.3,https://opensource-demo.orangehrmlive.com/web/index.php/auth/login,,
http_req_sending,1753176954,0.000000,,,,true,,GET,https://opensource-demo.orangehrmlive.com/web/index.php/auth/login,HTTP/1.1,default,,200,,tls1.3,https://opensource-demo.orangehrmlive.com/web/index.php/auth/login,,
http_req_waiting,1753176954,1189.296600,,,,true,,GET,https://opensource-demo.orangehrmlive.com/web/index.php/auth/login,HTTP/1.1,default,,200,,tls1.3,https://opensource-demo.orangehrmlive.com/web/index.php/auth/login,,
http_req_receiving,1753176954,0.613400,,,,true,,GET,https://opensource-demo.orangehrmlive.com/web/index.php/auth/login,HTTP/1.1,default,,200,,tls1.3,https://opensource-demo.orangehrmlive.com/web/index.php/auth/login,,
http_req_failed,1753176954,0.000000,,,,true,,GET,https://opensource-demo.orangehrmlive.com/web/index.php/auth/login,HTTP/1.1,default,,200,,tls1.3,https://opensource-demo.orangehrmlive.com/web/index.php/auth/login,,
checks,1753176954,1.000000,status is 200 or redirect,,,,,,,,default,,,,,,,
checks,1753176954,1.000000,response is not empty,,,,,,,,default,,,,,,,
data_sent,1753176954,529.000000,,,,,,,,,default,,,,,,,
data_received,1753176954,7117.000000,,,,,,,,,default,,,,,,,
iteration_duration,1753176954,2904.151300,,,,,,,,,default,,,,,,,
iterations,1753176954,1.000000,,,,,,,,,default,,,,,,,
total_iterations,1753176954,1.000000,,,,,,,,,default,,,,,,,
data_sent,1753176954,526.000000,,,,,,,,,default,,,,,,,
data_received,1753176954,7104.000000,,,,,,,,,default,,,,,,,
iteration_duration,1753176954,3134.445300,,,,,,,,,default,,,,,,,
iterations,1753176954,1.000000,,,,,,,,,default,,,,,,,
total_iterations,1753176954,1.000000,,,,,,,,,default,,,,,,,
http_reqs,1753176954,1.000000,,,,true,,POST,https://opensource-demo.orangehrmlive.com/web/index.php/auth/validate,HTTP/1.1,default,,302,,tls1.3,https://opensource-demo.orangehrmlive.com/web/index.php/auth/validate,,
http_req_duration,1753176954,826.613000,,,,true,,POST,https://opensource-demo.orangehrmlive.com/web/index.php/auth/validate,HTTP/1.1,default,,302,,tls1.3,https://opensource-demo.orangehrmlive.com/web/index.php/auth/validate,,
http_req_blocked,1753176954,0.000000,,,,true,,POST,https://opensource-demo.orangehrmlive.com/web/index.php/auth/validate,HTTP/1.1,default,,302,,tls1.3,https://opensource-demo.orangehrmlive.com/web/index.php/auth/validate,,
http_req_connecting,1753176954,0.000000,,,,true,,POST,https://opensource-demo.orangehrmlive.com/web/index.php/auth/validate,HTTP/1.1,default,,302,,tls1.3,https://opensource-demo.orangehrmlive.com/web/index.php/auth/validate,,
http_req_tls_handshaking,1753176954,0.000000,,,,true,,POST,https://opensource-demo.orangehrmlive.com/web/index.php/auth/validate,HTTP/1.1,default,,302,,tls1.3,https://opensource-demo.orangehrmlive.com/web/index.php/auth/validate,,
http_req_sending,1753176954,0.000000,,,,true,,POST,https://opensource-demo.orangehrmlive.com/web/index.php/auth/validate,HTTP/1.1,default,,302,,tls1.3,https://opensource-demo.orangehrmlive.com/web/index.php/auth/validate,,
http_req_waiting,1753176954,826.203300,,,,true,,POST,https://opensource-demo.orangehrmlive.com/web/index.php/auth/validate,HTTP/1.1,default,,302,,tls1.3,https://opensource-demo.orangehrmlive.com/web/index.php/auth/validate,,
http_req_receiving,1753176954,0.409700,,,,true,,POST,https://opensource-demo.orangehrmlive.com/web/index.php/auth/validate,HTTP/1.1,default,,302,,tls1.3,https://opensource-demo.orangehrmlive.com/web/index.php/auth/validate,,
http_req_failed,1753176954,0.000000,,,,true,,POST,https://opensource-demo.orangehrmlive.com/web/index.php/auth/validate,HTTP/1.1,default,,302,,tls1.3,https://opensource-demo.orangehrmlive.com/web/index.php/auth/validate,,
vus,1753176954,10.000000,,,,,,,,,,,,,,,,
vus_max,1753176954,10.000000,,,,,,,,,,,,,,,,
http_reqs,1753176954,1.000000,,,,true,,GET,https://opensource-demo.orangehrmlive.com/web/index.php/auth/login,HTTP/1.1,default,,200,,tls1.3,https://opensource-demo.orangehrmlive.com/web/index.php/auth/login,,
http_req_duration,1753176954,1201.951000,,,,true,,GET,https://opensource-demo.orangehrmlive.com/web/index.php/auth/login,HTTP/1.1,default,,200,,tls1.3,https://opensource-demo.orangehrmlive.com/web/index.php/auth/login,,
http_req_blocked,1753176954,0.000000,,,,true,,GET,https://opensource-demo.orangehrmlive.com/web/index.php/auth/login,HTTP/1.1,default,,200,,tls1.3,https://opensource-demo.orangehrmlive.com/web/index.php/auth/login,,
http_req_connecting,1753176954,0.000000,,,,true,,GET,https://opensource-demo.orangehrmlive.com/web/index.php/auth/login,HTTP/1.1,default,,200,,tls1.3,https://opensource-demo.orangehrmlive.com/web/index.php/auth/login,,
http_req_tls_handshaking,1753176954,0.000000,,,,true,,GET,https://opensource-demo.orangehrmlive.com/web/index.php/auth/login,HTTP/1.1,default,,200,,tls1.3,https://opensource-demo.orangehrmlive.com/web/index.php/auth/login,,
http_req_sending,1753176954,0.000000,,,,true,,GET,https://opensource-demo.orangehrmlive.com/web/index.php/auth/login,HTTP/1.1,default,,200,,tls1.3,https://opensource-demo.orangehrmlive.com/web/index.php/auth/login,,
http_req_waiting,1753176954,1201.190900,,,,true,,GET,https://opensource-demo.orangehrmlive.com/web/index.php/auth/login,HTTP/1.1,default,,200,,tls1.3,https://opensource-demo.orangehrmlive.com/web/index.php/auth/login,,
http_req_receiving,1753176954,0.760100,,,,true,,GET,https://opensource-demo.orangehrmlive.com/web/index.php/auth/login,HTTP/1.1,default,,200,,tls1.3,https://opensource-demo.orangehrmlive.com/web/index.php/auth/login,,
http_req_failed,1753176954,0.000000,,,,true,,GET,https://opensource-demo.orangehrmlive.com/web/index.php/auth/login,HTTP/1.1,default,,200,,tls1.3,https://opensource-demo.orangehrmlive.com/web/index.php/auth/login,,
http_reqs,1753176954,1.000000,,,,true,,POST,https://opensource-demo.orangehrmlive.com/web/index.php/auth/validate,HTTP/1.1,default,,302,,tls1.3,https://opensource-demo.orangehrmlive.com/web/index.php/auth/validate,,
http_req_duration,1753176954,1076.166700,,,,true,,POST,https://opensource-demo.orangehrmlive.com/web/index.php/auth/validate,HTTP/1.1,default,,302,,tls1.3,https://opensource-demo.orangehrmlive.com/web/index.php/auth/validate,,
http_req_blocked,1753176954,0.000000,,,,true,,POST,https://opensource-demo.orangehrmlive.com/web/index.php/auth/validate,HTTP/1.1,default,,302,,tls1.3,https://opensource-demo.orangehrmlive.com/web/index.php/auth/validate,,
http_req_connecting,1753176954,0.000000,,,,true,,POST,https://opensource-demo.orangehrmlive.com/web/index.php/auth/validate,HTTP/1.1,default,,302,,tls1.3,https://opensource-demo.orangehrmlive.com/web/index.php/auth/validate,,
http_req_tls_handshaking,1753176954,0.000000,,,,true,,POST,https://opensource-demo.orangehrmlive.com/web/index.php/auth/validate,HTTP/1.1,default,,302,,tls1.3,https://opensource-demo.orangehrmlive.com/web/index.php/auth/validate,,
http_req_sending,1753176954,0.000000,,,,true,,POST,https://opensource-demo.orangehrmlive.com/web/index.php/auth/validate,HTTP/1.1,default,,302,,tls1.3,https://opensource-demo.orangehrmlive.com/web/index.php/auth/validate,,
http_req_waiting,1753176954,1075.406600,,,,true,,POST,https://opensource-demo.orangehrmlive.com/web/index.php/auth/validate,HTTP/1.1,default,,302,,tls1.3,https://opensource-demo.orangehrmlive.com/web/index.php/auth/validate,,
http_req_receiving,1753176954,0.760100,,,,true,,POST,https://opensource-demo.orangehrmlive.com/web/index.php/auth/validate,HTTP/1.1,default,,302,,tls1.3,https://opensource-demo.orangehrmlive.com/web/index.php/auth/validate,,
http_req_failed,1753176954,0.000000,,,,true,,POST,https://opensource-demo.orangehrmlive.com/web/index.php/auth/validate,HTTP/1.1,default,,302,,tls1.3,https://opensource-demo.orangehrmlive.com/web/index.php/auth/validate,,
checks,1753176954,1.000000,status is 200 or redirect,,,,,,,,default,,,,,,,
checks,1753176954,1.000000,response is not empty,,,,,,,,default,,,,,,,
data_sent,1753176954,526.000000,,,,,,,,,default,,,,,,,
data_received,1753176954,7123.000000,,,,,,,,,default,,,,,,,
iteration_duration,1753176954,3022.155500,,,,,,,,,default,,,,,,,
iterations,1753176954,1.000000,,,,,,,,,default,,,,,,,
total_iterations,1753176954,1.000000,,,,,,,,,default,,,,,,,
http_reqs,1753176954,1.000000,,,,true,,POST,https://opensource-demo.orangehrmlive.com/web/index.php/auth/validate,HTTP/1.1,default,,302,,tls1.3,https://opensource-demo.orangehrmlive.com/web/index.php/auth/validate,,
http_req_duration,1753176954,913.382900,,,,true,,POST,https://opensource-demo.orangehrmlive.com/web/index.php/auth/validate,HTTP/1.1,default,,302,,tls1.3,https://opensource-demo.orangehrmlive.com/web/index.php/auth/validate,,
http_req_blocked,1753176954,0.000000,,,,true,,POST,https://opensource-demo.orangehrmlive.com/web/index.php/auth/validate,HTTP/1.1,default,,302,,tls1.3,https://opensource-demo.orangehrmlive.com/web/index.php/auth/validate,,
http_req_connecting,1753176954,0.000000,,,,true,,POST,https://opensource-demo.orangehrmlive.com/web/index.php/auth/validate,HTTP/1.1,default,,302,,tls1.3,https://opensource-demo.orangehrmlive.com/web/index.php/auth/validate,,
http_req_tls_handshaking,1753176954,0.000000,,,,true,,POST,https://opensource-demo.orangehrmlive.com/web/index.php/auth/validate,HTTP/1.1,default,,302,,tls1.3,https://opensource-demo.orangehrmlive.com/web/index.php/auth/validate,,
http_req_sending,1753176954,0.000000,,,,true,,POST,https://opensource-demo.orangehrmlive.com/web/index.php/auth/validate,HTTP/1.1,default,,302,,tls1.3,https://opensource-demo.orangehrmlive.com/web/index.php/auth/validate,,
http_req_waiting,1753176954,912.747600,,,,true,,POST,https://opensource-demo.orangehrmlive.com/web/index.php/auth/validate,HTTP/1.1,default,,302,,tls1.3,https://opensource-demo.orangehrmlive.com/web/index.php/auth/validate,,
http_req_receiving,1753176954,0.635300,,,,true,,POST,https://opensource-demo.orangehrmlive.com/web/index.php/auth/validate,HTTP/1.1,default,,302,,tls1.3,https://opensource-demo.orangehrmlive.com/web/index.php/auth/validate,,
http_req_failed,1753176954,0.000000,,,,true,,POST,https://opensource-demo.orangehrmlive.com/web/index.php/auth/validate,HTTP/1.1,default,,302,,tls1.3,https://opensource-demo.orangehrmlive.com/web/index.php/auth/validate,,
http_reqs,1753176954,1.000000,,,,true,,POST,https://opensource-demo.orangehrmlive.com/web/index.php/auth/validate,HTTP/1.1,default,,302,,tls1.3,https://opensource-demo.orangehrmlive.com/web/index.php/auth/validate,,
http_req_duration,1753176954,964.659200,,,,true,,POST,https://opensource-demo.orangehrmlive.com/web/index.php/auth/validate,HTTP/1.1,default,,302,,tls1.3,https://opensource-demo.orangehrmlive.com/web/index.php/auth/validate,,
http_req_blocked,1753176954,0.000000,,,,true,,POST,https://opensource-demo.orangehrmlive.com/web/index.php/auth/validate,HTTP/1.1,default,,302,,tls1.3,https://opensource-demo.orangehrmlive.com/web/index.php/auth/validate,,
http_req_connecting,1753176954,0.000000,,,,true,,POST,https://opensource-demo.orangehrmlive.com/web/index.php/auth/validate,HTTP/1.1,default,,302,,tls1.3,https://opensource-demo.orangehrmlive.com/web/index.php/auth/validate,,
http_req_tls_handshaking,1753176954,0.000000,,,,true,,POST,https://opensource-demo.orangehrmlive.com/web/index.php/auth/validate,HTTP/1.1,default,,302,,tls1.3,https://opensource-demo.orangehrmlive.com/web/index.php/auth/validate,,
http_req_sending,1753176954,0.000000,,,,true,,POST,https://opensource-demo.orangehrmlive.com/web/index.php/auth/validate,HTTP/1.1,default,,302,,tls1.3,https://opensource-demo.orangehrmlive.com/web/index.php/auth/validate,,
http_req_waiting,1753176954,964.659200,,,,true,,POST,https://opensource-demo.orangehrmlive.com/web/index.php/auth/validate,HTTP/1.1,default,,302,,tls1.3,https://opensource-demo.orangehrmlive.com/web/index.php/auth/validate,,
http_req_receiving,1753176954,0.000000,,,,true,,POST,https://opensource-demo.orangehrmlive.com/web/index.php/auth/validate,HTTP/1.1,default,,302,,tls1.3,https://opensource-demo.orangehrmlive.com/web/index.php/auth/validate,,
http_req_failed,1753176954,0.000000,,,,true,,POST,https://opensource-demo.orangehrmlive.com/web/index.php/auth/validate,HTTP/1.1,default,,302,,tls1.3,https://opensource-demo.orangehrmlive.com/web/index.php/auth/validate,,
http_reqs,1753176954,1.000000,,,,true,,POST,https://opensource-demo.orangehrmlive.com/web/index.php/auth/validate,HTTP/1.1,default,,302,,tls1.3,https://opensource-demo.orangehrmlive.com/web/index.php/auth/validate,,
http_req_duration,1753176954,897.576600,,,,true,,POST,https://opensource-demo.orangehrmlive.com/web/index.php/auth/validate,HTTP/1.1,default,,302,,tls1.3,https://opensource-demo.orangehrmlive.com/web/index.php/auth/validate,,
http_req_blocked,1753176954,0.000000,,,,true,,POST,https://opensource-demo.orangehrmlive.com/web/index.php/auth/validate,HTTP/1.1,default,,302,,tls1.3,https://opensource-demo.orangehrmlive.com/web/index.php/auth/validate,,
http_req_connecting,1753176954,0.000000,,,,true,,POST,https://opensource-demo.orangehrmlive.com/web/index.php/auth/validate,HTTP/1.1,default,,302,,tls1.3,https://opensource-demo.orangehrmlive.com/web/index.php/auth/validate,,
http_req_tls_handshaking,1753176954,0.000000,,,,true,,POST,https://opensource-demo.orangehrmlive.com/web/index.php/auth/validate,HTTP/1.1,default,,302,,tls1.3,https://opensource-demo.orangehrmlive.com/web/index.php/auth/validate,,
http_req_sending,1753176954,0.000000,,,,true,,POST,https://opensource-demo.orangehrmlive.com/web/index.php/auth/validate,HTTP/1.1,default,,302,,tls1.3,https://opensource-demo.orangehrmlive.com/web/index.php/auth/validate,,
http_req_waiting,1753176954,896.806500,,,,true,,POST,https://opensource-demo.orangehrmlive.com/web/index.php/auth/validate,HTTP/1.1,default,,302,,tls1.3,https://opensource-demo.orangehrmlive.com/web/index.php/auth/validate,,
http_req_receiving,1753176954,0.770100,,,,true,,POST,https://opensource-demo.orangehrmlive.com/web/index.php/auth/validate,HTTP/1.1,default,,302,,tls1.3,https://opensource-demo.orangehrmlive.com/web/index.php/auth/validate,,
http_req_failed,1753176954,0.000000,,,,true,,POST,https://opensource-demo.orangehrmlive.com/web/index.php/auth/validate,HTTP/1.1,default,,302,,tls1.3,https://opensource-demo.orangehrmlive.com/web/index.php/auth/validate,,
http_reqs,1753176954,1.000000,,,,true,,GET,https://opensource-demo.orangehrmlive.com/web/index.php/auth/login,HTTP/1.1,default,,200,,tls1.3,https://opensource-demo.orangehrmlive.com/web/index.php/auth/login,,
http_req_duration,1753176954,674.365700,,,,true,,GET,https://opensource-demo.orangehrmlive.com/web/index.php/auth/login,HTTP/1.1,default,,200,,tls1.3,https://opensource-demo.orangehrmlive.com/web/index.php/auth/login,,
http_req_blocked,1753176954,0.000000,,,,true,,GET,https://opensource-demo.orangehrmlive.com/web/index.php/auth/login,HTTP/1.1,default,,200,,tls1.3,https://opensource-demo.orangehrmlive.com/web/index.php/auth/login,,
http_req_connecting,1753176954,0.000000,,,,true,,GET,https://opensource-demo.orangehrmlive.com/web/index.php/auth/login,HTTP/1.1,default,,200,,tls1.3,https://opensource-demo.orangehrmlive.com/web/index.php/auth/login,,
http_req_tls_handshaking,1753176954,0.000000,,,,true,,GET,https://opensource-demo.orangehrmlive.com/web/index.php/auth/login,HTTP/1.1,default,,200,,tls1.3,https://opensource-demo.orangehrmlive.com/web/index.php/auth/login,,
http_req_sending,1753176954,0.000000,,,,true,,GET,https://opensource-demo.orangehrmlive.com/web/index.php/auth/login,HTTP/1.1,default,,200,,tls1.3,https://opensource-demo.orangehrmlive.com/web/index.php/auth/login,,
http_req_waiting,1753176954,673.857000,,,,true,,GET,https://opensource-demo.orangehrmlive.com/web/index.php/auth/login,HTTP/1.1,default,,200,,tls1.3,https://opensource-demo.orangehrmlive.com/web/index.php/auth/login,,
http_req_receiving,1753176954,0.508700,,,,true,,GET,https://opensource-demo.orangehrmlive.com/web/index.php/auth/login,HTTP/1.1,default,,200,,tls1.3,https://opensource-demo.orangehrmlive.com/web/index.php/auth/login,,
http_req_failed,1753176954,0.000000,,,,true,,GET,https://opensource-demo.orangehrmlive.com/web/index.php/auth/login,HTTP/1.1,default,,200,,tls1.3,https://opensource-demo.orangehrmlive.com/web/index.php/auth/login,,
checks,1753176954,1.000000,status is 200 or redirect,,,,,,,,default,,,,,,,
checks,1753176954,1.000000,response is not empty,,,,,,,,default,,,,,,,
data_sent,1753176955,535.000000,,,,,,,,,default,,,,,,,
data_received,1753176955,7098.000000,,,,,,,,,default,,,,,,,
iteration_duration,1753176955,2549.405900,,,,,,,,,default,,,,,,,
iterations,1753176955,1.000000,,,,,,,,,default,,,,,,,
total_iterations,1753176955,1.000000,,,,,,,,,default,,,,,,,
http_reqs,1753176955,1.000000,,,,true,,POST,https://opensource-demo.orangehrmlive.com/web/index.php/auth/validate,HTTP/1.1,default,,302,,tls1.3,https://opensource-demo.orangehrmlive.com/web/index.php/auth/validate,,
http_req_duration,1753176955,776.713400,,,,true,,POST,https://opensource-demo.orangehrmlive.com/web/index.php/auth/validate,HTTP/1.1,default,,302,,tls1.3,https://opensource-demo.orangehrmlive.com/web/index.php/auth/validate,,
http_req_blocked,1753176955,0.000000,,,,true,,POST,https://opensource-demo.orangehrmlive.com/web/index.php/auth/validate,HTTP/1.1,default,,302,,tls1.3,https://opensource-demo.orangehrmlive.com/web/index.php/auth/validate,,
http_req_connecting,1753176955,0.000000,,,,true,,POST,https://opensource-demo.orangehrmlive.com/web/index.php/auth/validate,HTTP/1.1,default,,302,,tls1.3,https://opensource-demo.orangehrmlive.com/web/index.php/auth/validate,,
http_req_tls_handshaking,1753176955,0.000000,,,,true,,POST,https://opensource-demo.orangehrmlive.com/web/index.php/auth/validate,HTTP/1.1,default,,302,,tls1.3,https://opensource-demo.orangehrmlive.com/web/index.php/auth/validate,,
http_req_sending,1753176955,0.000000,,,,true,,POST,https://opensource-demo.orangehrmlive.com/web/index.php/auth/validate,HTTP/1.1,default,,302,,tls1.3,https://opensource-demo.orangehrmlive.com/web/index.php/auth/validate,,
http_req_waiting,1753176955,776.297700,,,,true,,POST,https://opensource-demo.orangehrmlive.com/web/index.php/auth/validate,HTTP/1.1,default,,302,,tls1.3,https://opensource-demo.orangehrmlive.com/web/index.php/auth/validate,,
http_req_receiving,1753176955,0.415700,,,,true,,POST,https://opensource-demo.orangehrmlive.com/web/index.php/auth/validate,HTTP/1.1,default,,302,,tls1.3,https://opensource-demo.orangehrmlive.com/web/index.php/auth/validate,,
http_req_failed,1753176955,0.000000,,,,true,,POST,https://opensource-demo.orangehrmlive.com/web/index.php/auth/validate,HTTP/1.1,default,,302,,tls1.3,https://opensource-demo.orangehrmlive.com/web/index.php/auth/validate,,
vus,1753176955,10.000000,,,,,,,,,,,,,,,,
vus_max,1753176955,10.000000,,,,,,,,,,,,,,,,
http_reqs,1753176955,1.000000,,,,true,,GET,https://opensource-demo.orangehrmlive.com/web/index.php/auth/login,HTTP/1.1,default,,200,,tls1.3,https://opensource-demo.orangehrmlive.com/web/index.php/auth/login,,
http_req_duration,1753176955,718.939800,,,,true,,GET,https://opensource-demo.orangehrmlive.com/web/index.php/auth/login,HTTP/1.1,default,,200,,tls1.3,https://opensource-demo.orangehrmlive.com/web/index.php/auth/login,,
http_req_blocked,1753176955,0.000000,,,,true,,GET,https://opensource-demo.orangehrmlive.com/web/index.php/auth/login,HTTP/1.1,default,,200,,tls1.3,https://opensource-demo.orangehrmlive.com/web/index.php/auth/login,,
http_req_connecting,1753176955,0.000000,,,,true,,GET,https://opensource-demo.orangehrmlive.com/web/index.php/auth/login,HTTP/1.1,default,,200,,tls1.3,https://opensource-demo.orangehrmlive.com/web/index.php/auth/login,,
http_req_tls_handshaking,1753176955,0.000000,,,,true,,GET,https://opensource-demo.orangehrmlive.com/web/index.php/auth/login,HTTP/1.1,default,,200,,tls1.3,https://opensource-demo.orangehrmlive.com/web/index.php/auth/login,,
http_req_sending,1753176955,0.000000,,,,true,,GET,https://opensource-demo.orangehrmlive.com/web/index.php/auth/login,HTTP/1.1,default,,200,,tls1.3,https://opensource-demo.orangehrmlive.com/web/index.php/auth/login,,
http_req_waiting,1753176955,717.953800,,,,true,,GET,https://opensource-demo.orangehrmlive.com/web/index.php/auth/login,HTTP/1.1,default,,200,,tls1.3,https://opensource-demo.orangehrmlive.com/web/index.php/auth/login,,
http_req_receiving,1753176955,0.986000,,,,true,,GET,https://opensource-demo.orangehrmlive.com/web/index.php/auth/login,HTTP/1.1,default,,200,,tls1.3,https://opensource-demo.orangehrmlive.com/web/index.php/auth/login,,
http_req_failed,1753176955,0.000000,,,,true,,GET,https://opensource-demo.orangehrmlive.com/web/index.php/auth/login,HTTP/1.1,default,,200,,tls1.3,https://opensource-demo.orangehrmlive.com/web/index.php/auth/login,,
checks,1753176955,1.000000,status is 200 or redirect,,,,,,,,default,,,,,,,
checks,1753176955,1.000000,response is not empty,,,,,,,,default,,,,,,,
http_reqs,1753176955,1.000000,,,,true,,POST,https://opensource-demo.orangehrmlive.com/web/index.php/auth/validate,HTTP/1.1,default,,302,,tls1.3,https://opensource-demo.orangehrmlive.com/web/index.php/auth/validate,,
http_req_duration,1753176955,1148.057000,,,,true,,POST,https://opensource-demo.orangehrmlive.com/web/index.php/auth/validate,HTTP/1.1,default,,302,,tls1.3,https://opensource-demo.orangehrmlive.com/web/index.php/auth/validate,,
http_req_blocked,1753176955,0.000000,,,,true,,POST,https://opensource-demo.orangehrmlive.com/web/index.php/auth/validate,HTTP/1.1,default,,302,,tls1.3,https://opensource-demo.orangehrmlive.com/web/index.php/auth/validate,,
http_req_connecting,1753176955,0.000000,,,,true,,POST,https://opensource-demo.orangehrmlive.com/web/index.php/auth/validate,HTTP/1.1,default,,302,,tls1.3,https://opensource-demo.orangehrmlive.com/web/index.php/auth/validate,,
http_req_tls_handshaking,1753176955,0.000000,,,,true,,POST,https://opensource-demo.orangehrmlive.com/web/index.php/auth/validate,HTTP/1.1,default,,302,,tls1.3,https://opensource-demo.orangehrmlive.com/web/index.php/auth/validate,,
http_req_sending,1753176955,0.000000,,,,true,,POST,https://opensource-demo.orangehrmlive.com/web/index.php/auth/validate,HTTP/1.1,default,,302,,tls1.3,https://opensource-demo.orangehrmlive.com/web/index.php/auth/validate,,
http_req_waiting,1753176955,1148.057000,,,,true,,POST,https://opensource-demo.orangehrmlive.com/web/index.php/auth/validate,HTTP/1.1,default,,302,,tls1.3,https://opensource-demo.orangehrmlive.com/web/index.php/auth/validate,,
http_req_receiving,1753176955,0.000000,,,,true,,POST,https://opensource-demo.orangehrmlive.com/web/index.php/auth/validate,HTTP/1.1,default,,302,,tls1.3,https://opensource-demo.orangehrmlive.com/web/index.php/auth/validate,,
http_req_failed,1753176955,0.000000,,,,true,,POST,https://opensource-demo.orangehrmlive.com/web/index.php/auth/validate,HTTP/1.1,default,,302,,tls1.3,https://opensource-demo.orangehrmlive.com/web/index.php/auth/validate,,
http_reqs,1753176955,1.000000,,,,true,,POST,https://opensource-demo.orangehrmlive.com/web/index.php/auth/validate,HTTP/1.1,default,,302,,tls1.3,https://opensource-demo.orangehrmlive.com/web/index.php/auth/validate,,
http_req_duration,1753176955,1201.980100,,,,true,,POST,https://opensource-demo.orangehrmlive.com/web/index.php/auth/validate,HTTP/1.1,default,,302,,tls1.3,https://opensource-demo.orangehrmlive.com/web/index.php/auth/validate,,
http_req_blocked,1753176955,0.000000,,,,true,,POST,https://opensource-demo.orangehrmlive.com/web/index.php/auth/validate,HTTP/1.1,default,,302,,tls1.3,https://opensource-demo.orangehrmlive.com/web/index.php/auth/validate,,
http_req_connecting,1753176955,0.000000,,,,true,,POST,https://opensource-demo.orangehrmlive.com/web/index.php/auth/validate,HTTP/1.1,default,,302,,tls1.3,https://opensource-demo.orangehrmlive.com/web/index.php/auth/validate,,
http_req_tls_handshaking,1753176955,0.000000,,,,true,,POST,https://opensource-demo.orangehrmlive.com/web/index.php/auth/validate,HTTP/1.1,default,,302,,tls1.3,https://opensource-demo.orangehrmlive.com/web/index.php/auth/validate,,
http_req_sending,1753176955,0.000000,,,,true,,POST,https://opensource-demo.orangehrmlive.com/web/index.php/auth/validate,HTTP/1.1,default,,302,,tls1.3,https://opensource-demo.orangehrmlive.com/web/index.php/auth/validate,,
http_req_waiting,1753176955,1201.980100,,,,true,,POST,https://opensource-demo.orangehrmlive.com/web/index.php/auth/validate,HTTP/1.1,default,,302,,tls1.3,https://opensource-demo.orangehrmlive.com/web/index.php/auth/validate,,
http_req_receiving,1753176955,0.000000,,,,true,,POST,https://opensource-demo.orangehrmlive.com/web/index.php/auth/validate,HTTP/1.1,default,,302,,tls1.3,https://opensource-demo.orangehrmlive.com/web/index.php/auth/validate,,
http_req_failed,1753176955,0.000000,,,,true,,POST,https://opensource-demo.orangehrmlive.com/web/index.php/auth/validate,HTTP/1.1,default,,302,,tls1.3,https://opensource-demo.orangehrmlive.com/web/index.php/auth/validate,,
data_sent,1753176955,528.000000,,,,,,,,,default,,,,,,,
data_received,1753176955,7123.000000,,,,,,,,,default,,,,,,,
iteration_duration,1753176955,2801.733100,,,,,,,,,default,,,,,,,
iterations,1753176955,1.000000,,,,,,,,,default,,,,,,,
total_iterations,1753176955,1.000000,,,,,,,,,default,,,,,,,
http_reqs,1753176955,1.000000,,,,true,,GET,https://opensource-demo.orangehrmlive.com/web/index.php/auth/login,HTTP/1.1,default,,200,,tls1.3,https://opensource-demo.orangehrmlive.com/web/index.php/auth/login,,
http_req_duration,1753176955,1154.556100,,,,true,,GET,https://opensource-demo.orangehrmlive.com/web/index.php/auth/login,HTTP/1.1,default,,200,,tls1.3,https://opensource-demo.orangehrmlive.com/web/index.php/auth/login,,
http_req_blocked,1753176955,0.000000,,,,true,,GET,https://opensource-demo.orangehrmlive.com/web/index.php/auth/login,HTTP/1.1,default,,200,,tls1.3,https://opensource-demo.orangehrmlive.com/web/index.php/auth/login,,
http_req_connecting,1753176955,0.000000,,,,true,,GET,https://opensource-demo.orangehrmlive.com/web/index.php/auth/login,HTTP/1.1,default,,200,,tls1.3,https://opensource-demo.orangehrmlive.com/web/index.php/auth/login,,
http_req_tls_handshaking,1753176955,0.000000,,,,true,,GET,https://opensource-demo.orangehrmlive.com/web/index.php/auth/login,HTTP/1.1,default,,200,,tls1.3,https://opensource-demo.orangehrmlive.com/web/index.php/auth/login,,
http_req_sending,1753176955,0.000000,,,,true,,GET,https://opensource-demo.orangehrmlive.com/web/index.php/auth/login,HTTP/1.1,default,,200,,tls1.3,https://opensource-demo.orangehrmlive.com/web/index.php/auth/login,,
http_req_waiting,1753176955,1154.160700,,,,true,,GET,https://opensource-demo.orangehrmlive.com/web/index.php/auth/login,HTTP/1.1,default,,200,,tls1.3,https://opensource-demo.orangehrmlive.com/web/index.php/auth/login,,
http_req_receiving,1753176955,0.395400,,,,true,,GET,https://opensource-demo.orangehrmlive.com/web/index.php/auth/login,HTTP/1.1,default,,200,,tls1.3,https://opensource-demo.orangehrmlive.com/web/index.php/auth/login,,
http_req_failed,1753176955,0.000000,,,,true,,GET,https://opensource-demo.orangehrmlive.com/web/index.php/auth/login,HTTP/1.1,default,,200,,tls1.3,https://opensource-demo.orangehrmlive.com/web/index.php/auth/login,,
checks,1753176955,1.000000,status is 200 or redirect,,,,,,,,default,,,,,,,
checks,1753176955,1.000000,response is not empty,,,,,,,,default,,,,,,,
http_reqs,1753176955,1.000000,,,,true,,GET,https://opensource-demo.orangehrmlive.com/web/index.php/auth/login,HTTP/1.1,default,,200,,tls1.3,https://opensource-demo.orangehrmlive.com/web/index.php/auth/login,,
http_req_duration,1753176955,1225.035100,,,,true,,GET,https://opensource-demo.orangehrmlive.com/web/index.php/auth/login,HTTP/1.1,default,,200,,tls1.3,https://opensource-demo.orangehrmlive.com/web/index.php/auth/login,,
http_req_blocked,1753176955,0.000000,,,,true,,GET,https://opensource-demo.orangehrmlive.com/web/index.php/auth/login,HTTP/1.1,default,,200,,tls1.3,https://opensource-demo.orangehrmlive.com/web/index.php/auth/login,,
http_req_connecting,1753176955,0.000000,,,,true,,GET,https://opensource-demo.orangehrmlive.com/web/index.php/auth/login,HTTP/1.1,default,,200,,tls1.3,https://opensource-demo.orangehrmlive.com/web/index.php/auth/login,,
http_req_tls_handshaking,1753176955,0.000000,,,,true,,GET,https://opensource-demo.orangehrmlive.com/web/index.php/auth/login,HTTP/1.1,default,,200,,tls1.3,https://opensource-demo.orangehrmlive.com/web/index.php/auth/login,,
http_req_sending,1753176955,0.000000,,,,true,,GET,https://opensource-demo.orangehrmlive.com/web/index.php/auth/login,HTTP/1.1,default,,200,,tls1.3,https://opensource-demo.orangehrmlive.com/web/index.php/auth/login,,
http_req_waiting,1753176955,1225.035100,,,,true,,GET,https://opensource-demo.orangehrmlive.com/web/index.php/auth/login,HTTP/1.1,default,,200,,tls1.3,https://opensource-demo.orangehrmlive.com/web/index.php/auth/login,,
http_req_receiving,1753176955,0.000000,,,,true,,GET,https://opensource-demo.orangehrmlive.com/web/index.php/auth/login,HTTP/1.1,default,,200,,tls1.3,https://opensource-demo.orangehrmlive.com/web/index.php/auth/login,,
http_req_failed,1753176955,0.000000,,,,true,,GET,https://opensource-demo.orangehrmlive.com/web/index.php/auth/login,HTTP/1.1,default,,200,,tls1.3,https://opensource-demo.orangehrmlive.com/web/index.php/auth/login,,
checks,1753176955,1.000000,status is 200 or redirect,,,,,,,,default,,,,,,,
checks,1753176955,1.000000,response is not empty,,,,,,,,default,,,,,,,
http_reqs,1753176955,1.000000,,,,true,,POST,https://opensource-demo.orangehrmlive.com/web/index.php/auth/validate,HTTP/1.1,default,,302,,tls1.3,https://opensource-demo.orangehrmlive.com/web/index.php/auth/validate,,
http_req_duration,1753176955,696.284000,,,,true,,POST,https://opensource-demo.orangehrmlive.com/web/index.php/auth/validate,HTTP/1.1,default,,302,,tls1.3,https://opensource-demo.orangehrmlive.com/web/index.php/auth/validate,,
http_req_blocked,1753176955,0.000000,,,,true,,POST,https://opensource-demo.orangehrmlive.com/web/index.php/auth/validate,HTTP/1.1,default,,302,,tls1.3,https://opensource-demo.orangehrmlive.com/web/index.php/auth/validate,,
http_req_connecting,1753176955,0.000000,,,,true,,POST,https://opensource-demo.orangehrmlive.com/web/index.php/auth/validate,HTTP/1.1,default,,302,,tls1.3,https://opensource-demo.orangehrmlive.com/web/index.php/auth/validate,,
http_req_tls_handshaking,1753176955,0.000000,,,,true,,POST,https://opensource-demo.orangehrmlive.com/web/index.php/auth/validate,HTTP/1.1,default,,302,,tls1.3,https://opensource-demo.orangehrmlive.com/web/index.php/auth/validate,,
http_req_sending,1753176955,0.000000,,,,true,,POST,https://opensource-demo.orangehrmlive.com/web/index.php/auth/validate,HTTP/1.1,default,,302,,tls1.3,https://opensource-demo.orangehrmlive.com/web/index.php/auth/validate,,
http_req_waiting,1753176955,696.284000,,,,true,,POST,https://opensource-demo.orangehrmlive.com/web/index.php/auth/validate,HTTP/1.1,default,,302,,tls1.3,https://opensource-demo.orangehrmlive.com/web/index.php/auth/validate,,
http_req_receiving,1753176955,0.000000,,,,true,,POST,https://opensource-demo.orangehrmlive.com/web/index.php/auth/validate,HTTP/1.1,default,,302,,tls1.3,https://opensource-demo.orangehrmlive.com/web/index.php/auth/validate,,
http_req_failed,1753176955,0.000000,,,,true,,POST,https://opensource-demo.orangehrmlive.com/web/index.php/auth/validate,HTTP/1.1,default,,302,,tls1.3,https://opensource-demo.orangehrmlive.com/web/index.php/auth/validate,,
data_sent,1753176955,532.000000,,,,,,,,,default,,,,,,,
data_received,1753176955,7107.000000,,,,,,,,,default,,,,,,,
iteration_duration,1753176955,2501.715100,,,,,,,,,default,,,,,,,
iterations,1753176955,1.000000,,,,,,,,,default,,,,,,,
total_iterations,1753176955,1.000000,,,,,,,,,default,,,,,,,
http_reqs,1753176956,1.000000,,,,true,,GET,https://opensource-demo.orangehrmlive.com/web/index.php/auth/login,HTTP/1.1,default,,200,,tls1.3,https://opensource-demo.orangehrmlive.com/web/index.php/auth/login,,
http_req_duration,1753176956,1371.083000,,,,true,,GET,https://opensource-demo.orangehrmlive.com/web/index.php/auth/login,HTTP/1.1,default,,200,,tls1.3,https://opensource-demo.orangehrmlive.com/web/index.php/auth/login,,
http_req_blocked,1753176956,0.000000,,,,true,,GET,https://opensource-demo.orangehrmlive.com/web/index.php/auth/login,HTTP/1.1,default,,200,,tls1.3,https://opensource-demo.orangehrmlive.com/web/index.php/auth/login,,
http_req_connecting,1753176956,0.000000,,,,true,,GET,https://opensource-demo.orangehrmlive.com/web/index.php/auth/login,HTTP/1.1,default,,200,,tls1.3,https://opensource-demo.orangehrmlive.com/web/index.php/auth/login,,
http_req_tls_handshaking,1753176956,0.000000,,,,true,,GET,https://opensource-demo.orangehrmlive.com/web/index.php/auth/login,HTTP/1.1,default,,200,,tls1.3,https://opensource-demo.orangehrmlive.com/web/index.php/auth/login,,
http_req_sending,1753176956,0.000000,,,,true,,GET,https://opensource-demo.orangehrmlive.com/web/index.php/auth/login,HTTP/1.1,default,,200,,tls1.3,https://opensource-demo.orangehrmlive.com/web/index.php/auth/login,,
http_req_waiting,1753176956,1370.410100,,,,true,,GET,https://opensource-demo.orangehrmlive.com/web/index.php/auth/login,HTTP/1.1,default,,200,,tls1.3,https://opensource-demo.orangehrmlive.com/web/index.php/auth/login,,
http_req_receiving,1753176956,0.672900,,,,true,,GET,https://opensource-demo.orangehrmlive.com/web/index.php/auth/login,HTTP/1.1,default,,200,,tls1.3,https://opensource-demo.orangehrmlive.com/web/index.php/auth/login,,
http_req_failed,1753176956,0.000000,,,,true,,GET,https://opensource-demo.orangehrmlive.com/web/index.php/auth/login,HTTP/1.1,default,,200,,tls1.3,https://opensource-demo.orangehrmlive.com/web/index.php/auth/login,,
checks,1753176956,1.000000,status is 200 or redirect,,,,,,,,default,,,,,,,
checks,1753176956,1.000000,response is not empty,,,,,,,,default,,,,,,,
http_reqs,1753176956,1.000000,,,,true,,GET,https://opensource-demo.orangehrmlive.com/web/index.php/auth/login,HTTP/1.1,default,,200,,tls1.3,https://opensource-demo.orangehrmlive.com/web/index.php/auth/login,,
http_req_duration,1753176956,1016.755600,,,,true,,GET,https://opensource-demo.orangehrmlive.com/web/index.php/auth/login,HTTP/1.1,default,,200,,tls1.3,https://opensource-demo.orangehrmlive.com/web/index.php/auth/login,,
http_req_blocked,1753176956,0.000000,,,,true,,GET,https://opensource-demo.orangehrmlive.com/web/index.php/auth/login,HTTP/1.1,default,,200,,tls1.3,https://opensource-demo.orangehrmlive.com/web/index.php/auth/login,,
http_req_connecting,1753176956,0.000000,,,,true,,GET,https://opensource-demo.orangehrmlive.com/web/index.php/auth/login,HTTP/1.1,default,,200,,tls1.3,https://opensource-demo.orangehrmlive.com/web/index.php/auth/login,,
http_req_tls_handshaking,1753176956,0.000000,,,,true,,GET,https://opensource-demo.orangehrmlive.com/web/index.php/auth/login,HTTP/1.1,default,,200,,tls1.3,https://opensource-demo.orangehrmlive.com/web/index.php/auth/login,,
http_req_sending,1753176956,0.000000,,,,true,,GET,https://opensource-demo.orangehrmlive.com/web/index.php/auth/login,HTTP/1.1,default,,200,,tls1.3,https://opensource-demo.orangehrmlive.com/web/index.php/auth/login,,
http_req_waiting,1753176956,1016.100400,,,,true,,GET,https://opensource-demo.orangehrmlive.com/web/index.php/auth/login,HTTP/1.1,default,,200,,tls1.3,https://opensource-demo.orangehrmlive.com/web/index.php/auth/login,,
http_req_receiving,1753176956,0.655200,,,,true,,GET,https://opensource-demo.orangehrmlive.com/web/index.php/auth/login,HTTP/1.1,default,,200,,tls1.3,https://opensource-demo.orangehrmlive.com/web/index.php/auth/login,,
http_req_failed,1753176956,0.000000,,,,true,,GET,https://opensource-demo.orangehrmlive.com/web/index.php/auth/login,HTTP/1.1,default,,200,,tls1.3,https://opensource-demo.orangehrmlive.com/web/index.php/auth/login,,
checks,1753176956,1.000000,status is 200 or redirect,,,,,,,,default,,,,,,,
checks,1753176956,1.000000,response is not empty,,,,,,,,default,,,,,,,
vus,1753176956,10.000000,,,,,,,,,,,,,,,,
vus_max,1753176956,10.000000,,,,,,,,,,,,,,,,
data_sent,1753176956,525.000000,,,,,,,,,default,,,,,,,
data_received,1753176956,7098.000000,,,,,,,,,default,,,,,,,
iteration_duration,1753176956,2684.813600,,,,,,,,,default,,,,,,,
iterations,1753176956,1.000000,,,,,,,,,default,,,,,,,
total_iterations,1753176956,1.000000,,,,,,,,,default,,,,,,,
http_reqs,1753176956,1.000000,,,,true,,POST,https://opensource-demo.orangehrmlive.com/web/index.php/auth/validate,HTTP/1.1,default,,302,,tls1.3,https://opensource-demo.orangehrmlive.com/web/index.php/auth/validate,,
http_req_duration,1753176956,1100.961200,,,,true,,POST,https://opensource-demo.orangehrmlive.com/web/index.php/auth/validate,HTTP/1.1,default,,302,,tls1.3,https://opensource-demo.orangehrmlive.com/web/index.php/auth/validate,,
http_req_blocked,1753176956,0.000000,,,,true,,POST,https://opensource-demo.orangehrmlive.com/web/index.php/auth/validate,HTTP/1.1,default,,302,,tls1.3,https://opensource-demo.orangehrmlive.com/web/index.php/auth/validate,,
http_req_connecting,1753176956,0.000000,,,,true,,POST,https://opensource-demo.orangehrmlive.com/web/index.php/auth/validate,HTTP/1.1,default,,302,,tls1.3,https://opensource-demo.orangehrmlive.com/web/index.php/auth/validate,,
http_req_tls_handshaking,1753176956,0.000000,,,,true,,POST,https://opensource-demo.orangehrmlive.com/web/index.php/auth/validate,HTTP/1.1,default,,302,,tls1.3,https://opensource-demo.orangehrmlive.com/web/index.php/auth/validate,,
http_req_sending,1753176956,0.549800,,,,true,,POST,https://opensource-demo.orangehrmlive.com/web/index.php/auth/validate,HTTP/1.1,default,,302,,tls1.3,https://opensource-demo.orangehrmlive.com/web/index.php/auth/validate,,
http_req_waiting,1753176956,1099.877500,,,,true,,POST,https://opensource-demo.orangehrmlive.com/web/index.php/auth/validate,HTTP/1.1,default,,302,,tls1.3,https://opensource-demo.orangehrmlive.com/web/index.php/auth/validate,,
http_req_receiving,1753176956,0.533900,,,,true,,POST,https://opensource-demo.orangehrmlive.com/web/index.php/auth/validate,HTTP/1.1,default,,302,,tls1.3,https://opensource-demo.orangehrmlive.com/web/index.php/auth/validate,,
http_req_failed,1753176956,0.000000,,,,true,,POST,https://opensource-demo.orangehrmlive.com/web/index.php/auth/validate,HTTP/1.1,default,,302,,tls1.3,https://opensource-demo.orangehrmlive.com/web/index.php/auth/validate,,
data_sent,1753176956,526.000000,,,,,,,,,default,,,,,,,
data_received,1753176956,7114.000000,,,,,,,,,default,,,,,,,
iteration_duration,1753176956,3231.000600,,,,,,,,,default,,,,,,,
iterations,1753176956,1.000000,,,,,,,,,default,,,,,,,
total_iterations,1753176956,1.000000,,,,,,,,,default,,,,,,,
http_reqs,1753176956,1.000000,,,,true,,POST,https://opensource-demo.orangehrmlive.com/web/index.php/auth/validate,HTTP/1.1,default,,302,,tls1.3,https://opensource-demo.orangehrmlive.com/web/index.php/auth/validate,,
http_req_duration,1753176956,777.247400,,,,true,,POST,https://opensource-demo.orangehrmlive.com/web/index.php/auth/validate,HTTP/1.1,default,,302,,tls1.3,https://opensource-demo.orangehrmlive.com/web/index.php/auth/validate,,
http_req_blocked,1753176956,0.000000,,,,true,,POST,https://opensource-demo.orangehrmlive.com/web/index.php/auth/validate,HTTP/1.1,default,,302,,tls1.3,https://opensource-demo.orangehrmlive.com/web/index.php/auth/validate,,
http_req_connecting,1753176956,0.000000,,,,true,,POST,https://opensource-demo.orangehrmlive.com/web/index.php/auth/validate,HTTP/1.1,default,,302,,tls1.3,https://opensource-demo.orangehrmlive.com/web/index.php/auth/validate,,
http_req_tls_handshaking,1753176956,0.000000,,,,true,,POST,https://opensource-demo.orangehrmlive.com/web/index.php/auth/validate,HTTP/1.1,default,,302,,tls1.3,https://opensource-demo.orangehrmlive.com/web/index.php/auth/validate,,
http_req_sending,1753176956,0.000000,,,,true,,POST,https://opensource-demo.orangehrmlive.com/web/index.php/auth/validate,HTTP/1.1,default,,302,,tls1.3,https://opensource-demo.orangehrmlive.com/web/index.php/auth/validate,,
http_req_waiting,1753176956,776.596000,,,,true,,POST,https://opensource-demo.orangehrmlive.com/web/index.php/auth/validate,HTTP/1.1,default,,302,,tls1.3,https://opensource-demo.orangehrmlive.com/web/index.php/auth/validate,,
http_req_receiving,1753176956,0.651400,,,,true,,POST,https://opensource-demo.orangehrmlive.com/web/index.php/auth/validate,HTTP/1.1,default,,302,,tls1.3,https://opensource-demo.orangehrmlive.com/web/index.php/auth/validate,,
http_req_failed,1753176956,0.000000,,,,true,,POST,https://opensource-demo.orangehrmlive.com/web/index.php/auth/validate,HTTP/1.1,default,,302,,tls1.3,https://opensource-demo.orangehrmlive.com/web/index.php/auth/validate,,
http_reqs,1753176956,1.000000,,,,true,,GET,https://opensource-demo.orangehrmlive.com/web/index.php/auth/login,HTTP/1.1,default,,200,,tls1.3,https://opensource-demo.orangehrmlive.com/web/index.php/auth/login,,
http_req_duration,1753176956,1386.137300,,,,true,,GET,https://opensource-demo.orangehrmlive.com/web/index.php/auth/login,HTTP/1.1,default,,200,,tls1.3,https://opensource-demo.orangehrmlive.com/web/index.php/auth/login,,
http_req_blocked,1753176956,0.000000,,,,true,,GET,https://opensource-demo.orangehrmlive.com/web/index.php/auth/login,HTTP/1.1,default,,200,,tls1.3,https://opensource-demo.orangehrmlive.com/web/index.php/auth/login,,
http_req_connecting,1753176956,0.000000,,,,true,,GET,https://opensource-demo.orangehrmlive.com/web/index.php/auth/login,HTTP/1.1,default,,200,,tls1.3,https://opensource-demo.orangehrmlive.com/web/index.php/auth/login,,
http_req_tls_handshaking,1753176956,0.000000,,,,true,,GET,https://opensource-demo.orangehrmlive.com/web/index.php/auth/login,HTTP/1.1,default,,200,,tls1.3,https://opensource-demo.orangehrmlive.com/web/index.php/auth/login,,
http_req_sending,1753176956,0.000000,,,,true,,GET,https://opensource-demo.orangehrmlive.com/web/index.php/auth/login,HTTP/1.1,default,,200,,tls1.3,https://opensource-demo.orangehrmlive.com/web/index.php/auth/login,,
http_req_waiting,1753176956,1386.137300,,,,true,,GET,https://opensource-demo.orangehrmlive.com/web/index.php/auth/login,HTTP/1.1,default,,200,,tls1.3,https://opensource-demo.orangehrmlive.com/web/index.php/auth/login,,
http_req_receiving,1753176956,0.000000,,,,true,,GET,https://opensource-demo.orangehrmlive.com/web/index.php/auth/login,HTTP/1.1,default,,200,,tls1.3,https://opensource-demo.orangehrmlive.com/web/index.php/auth/login,,
http_req_failed,1753176956,0.000000,,,,true,,GET,https://opensource-demo.orangehrmlive.com/web/index.php/auth/login,HTTP/1.1,default,,200,,tls1.3,https://opensource-demo.orangehrmlive.com/web/index.php/auth/login,,
checks,1753176956,1.000000,status is 200 or redirect,,,,,,,,default,,,,,,,
checks,1753176956,1.000000,response is not empty,,,,,,,,default,,,,,,,
http_reqs,1753176956,1.000000,,,,true,,GET,https://opensource-demo.orangehrmlive.com/web/index.php/auth/login,HTTP/1.1,default,,200,,tls1.3,https://opensource-demo.orangehrmlive.com/web/index.php/auth/login,,
http_req_duration,1753176956,1359.639400,,,,true,,GET,https://opensource-demo.orangehrmlive.com/web/index.php/auth/login,HTTP/1.1,default,,200,,tls1.3,https://opensource-demo.orangehrmlive.com/web/index.php/auth/login,,
http_req_blocked,1753176956,0.000000,,,,true,,GET,https://opensource-demo.orangehrmlive.com/web/index.php/auth/login,HTTP/1.1,default,,200,,tls1.3,https://opensource-demo.orangehrmlive.com/web/index.php/auth/login,,
http_req_connecting,1753176956,0.000000,,,,true,,GET,https://opensource-demo.orangehrmlive.com/web/index.php/auth/login,HTTP/1.1,default,,200,,tls1.3,https://opensource-demo.orangehrmlive.com/web/index.php/auth/login,,
http_req_tls_handshaking,1753176956,0.000000,,,,true,,GET,https://opensource-demo.orangehrmlive.com/web/index.php/auth/login,HTTP/1.1,default,,200,,tls1.3,https://opensource-demo.orangehrmlive.com/web/index.php/auth/login,,
http_req_sending,1753176956,0.000000,,,,true,,GET,https://opensource-demo.orangehrmlive.com/web/index.php/auth/login,HTTP/1.1,default,,200,,tls1.3,https://opensource-demo.orangehrmlive.com/web/index.php/auth/login,,
http_req_waiting,1753176956,1359.047600,,,,true,,GET,https://opensource-demo.orangehrmlive.com/web/index.php/auth/login,HTTP/1.1,default,,200,,tls1.3,https://opensource-demo.orangehrmlive.com/web/index.php/auth/login,,
http_req_receiving,1753176956,0.591800,,,,true,,GET,https://opensource-demo.orangehrmlive.com/web/index.php/auth/login,HTTP/1.1,default,,200,,tls1.3,https://opensource-demo.orangehrmlive.com/web/index.php/auth/login,,
http_req_failed,1753176956,0.000000,,,,true,,GET,https://opensource-demo.orangehrmlive.com/web/index.php/auth/login,HTTP/1.1,default,,200,,tls1.3,https://opensource-demo.orangehrmlive.com/web/index.php/auth/login,,
checks,1753176956,1.000000,status is 200 or redirect,,,,,,,,default,,,,,,,
checks,1753176956,1.000000,response is not empty,,,,,,,,default,,,,,,,
data_sent,1753176956,525.000000,,,,,,,,,default,,,,,,,
data_received,1753176956,7108.000000,,,,,,,,,default,,,,,,,
iteration_duration,1753176956,3138.721200,,,,,,,,,default,,,,,,,
iterations,1753176956,1.000000,,,,,,,,,default,,,,,,,
total_iterations,1753176956,1.000000,,,,,,,,,default,,,,,,,
http_reqs,1753176957,1.000000,,,,true,,POST,https://opensource-demo.orangehrmlive.com/web/index.php/auth/validate,HTTP/1.1,default,,302,,tls1.3,https://opensource-demo.orangehrmlive.com/web/index.php/auth/validate,,
http_req_duration,1753176957,677.809200,,,,true,,POST,https://opensource-demo.orangehrmlive.com/web/index.php/auth/validate,HTTP/1.1,default,,302,,tls1.3,https://opensource-demo.orangehrmlive.com/web/index.php/auth/validate,,
http_req_blocked,1753176957,0.000000,,,,true,,POST,https://opensource-demo.orangehrmlive.com/web/index.php/auth/validate,HTTP/1.1,default,,302,,tls1.3,https://opensource-demo.orangehrmlive.com/web/index.php/auth/validate,,
http_req_connecting,1753176957,0.000000,,,,true,,POST,https://opensource-demo.orangehrmlive.com/web/index.php/auth/validate,HTTP/1.1,default,,302,,tls1.3,https://opensource-demo.orangehrmlive.com/web/index.php/auth/validate,,
http_req_tls_handshaking,1753176957,0.000000,,,,true,,POST,https://opensource-demo.orangehrmlive.com/web/index.php/auth/validate,HTTP/1.1,default,,302,,tls1.3,https://opensource-demo.orangehrmlive.com/web/index.php/auth/validate,,
http_req_sending,1753176957,0.808400,,,,true,,POST,https://opensource-demo.orangehrmlive.com/web/index.php/auth/validate,HTTP/1.1,default,,302,,tls1.3,https://opensource-demo.orangehrmlive.com/web/index.php/auth/validate,,
http_req_waiting,1753176957,677.000800,,,,true,,POST,https://opensource-demo.orangehrmlive.com/web/index.php/auth/validate,HTTP/1.1,default,,302,,tls1.3,https://opensource-demo.orangehrmlive.com/web/index.php/auth/validate,,
http_req_receiving,1753176957,0.000000,,,,true,,POST,https://opensource-demo.orangehrmlive.com/web/index.php/auth/validate,HTTP/1.1,default,,302,,tls1.3,https://opensource-demo.orangehrmlive.com/web/index.php/auth/validate,,
http_req_failed,1753176957,0.000000,,,,true,,POST,https://opensource-demo.orangehrmlive.com/web/index.php/auth/validate,HTTP/1.1,default,,302,,tls1.3,https://opensource-demo.orangehrmlive.com/web/index.php/auth/validate,,
data_sent,1753176957,526.000000,,,,,,,,,default,,,,,,,
data_received,1753176957,7098.000000,,,,,,,,,default,,,,,,,
iteration_duration,1753176957,3269.618800,,,,,,,,,default,,,,,,,
iterations,1753176957,1.000000,,,,,,,,,default,,,,,,,
total_iterations,1753176957,1.000000,,,,,,,,,default,,,,,,,
http_reqs,1753176957,1.000000,,,,true,,GET,https://opensource-demo.orangehrmlive.com/web/index.php/auth/login,HTTP/1.1,default,,200,,tls1.3,https://opensource-demo.orangehrmlive.com/web/index.php/auth/login,,
http_req_duration,1753176957,1242.497100,,,,true,,GET,https://opensource-demo.orangehrmlive.com/web/index.php/auth/login,HTTP/1.1,default,,200,,tls1.3,https://opensource-demo.orangehrmlive.com/web/index.php/auth/login,,
http_req_blocked,1753176957,0.000000,,,,true,,GET,https://opensource-demo.orangehrmlive.com/web/index.php/auth/login,HTTP/1.1,default,,200,,tls1.3,https://opensource-demo.orangehrmlive.com/web/index.php/auth/login,,
http_req_connecting,1753176957,0.000000,,,,true,,GET,https://opensource-demo.orangehrmlive.com/web/index.php/auth/login,HTTP/1.1,default,,200,,tls1.3,https://opensource-demo.orangehrmlive.com/web/index.php/auth/login,,
http_req_tls_handshaking,1753176957,0.000000,,,,true,,GET,https://opensource-demo.orangehrmlive.com/web/index.php/auth/login,HTTP/1.1,default,,200,,tls1.3,https://opensource-demo.orangehrmlive.com/web/index.php/auth/login,,
http_req_sending,1753176957,0.000000,,,,true,,GET,https://opensource-demo.orangehrmlive.com/web/index.php/auth/login,HTTP/1.1,default,,200,,tls1.3,https://opensource-demo.orangehrmlive.com/web/index.php/auth/login,,
http_req_waiting,1753176957,1242.497100,,,,true,,GET,https://opensource-demo.orangehrmlive.com/web/index.php/auth/login,HTTP/1.1,default,,200,,tls1.3,https://opensource-demo.orangehrmlive.com/web/index.php/auth/login,,
http_req_receiving,1753176957,0.000000,,,,true,,GET,https://opensource-demo.orangehrmlive.com/web/index.php/auth/login,HTTP/1.1,default,,200,,tls1.3,https://opensource-demo.orangehrmlive.com/web/index.php/auth/login,,
http_req_failed,1753176957,0.000000,,,,true,,GET,https://opensource-demo.orangehrmlive.com/web/index.php/auth/login,HTTP/1.1,default,,200,,tls1.3,https://opensource-demo.orangehrmlive.com/web/index.php/auth/login,,
checks,1753176957,1.000000,status is 200 or redirect,,,,,,,,default,,,,,,,
checks,1753176957,1.000000,response is not empty,,,,,,,,default,,,,,,,
data_sent,1753176957,529.000000,,,,,,,,,default,,,,,,,
data_received,1753176957,7121.000000,,,,,,,,,default,,,,,,,
iteration_duration,1753176957,2794.625300,,,,,,,,,default,,,,,,,
iterations,1753176957,1.000000,,,,,,,,,default,,,,,,,
total_iterations,1753176957,1.000000,,,,,,,,,default,,,,,,,
vus,1753176957,10.000000,,,,,,,,,,,,,,,,
vus_max,1753176957,10.000000,,,,,,,,,,,,,,,,
http_reqs,1753176957,1.000000,,,,true,,GET,https://opensource-demo.orangehrmlive.com/web/index.php/auth/login,HTTP/1.1,default,,200,,tls1.3,https://opensource-demo.orangehrmlive.com/web/index.php/auth/login,,
http_req_duration,1753176957,904.226000,,,,true,,GET,https://opensource-demo.orangehrmlive.com/web/index.php/auth/login,HTTP/1.1,default,,200,,tls1.3,https://opensource-demo.orangehrmlive.com/web/index.php/auth/login,,
http_req_blocked,1753176957,0.000000,,,,true,,GET,https://opensource-demo.orangehrmlive.com/web/index.php/auth/login,HTTP/1.1,default,,200,,tls1.3,https://opensource-demo.orangehrmlive.com/web/index.php/auth/login,,
http_req_connecting,1753176957,0.000000,,,,true,,GET,https://opensource-demo.orangehrmlive.com/web/index.php/auth/login,HTTP/1.1,default,,200,,tls1.3,https://opensource-demo.orangehrmlive.com/web/index.php/auth/login,,
http_req_tls_handshaking,1753176957,0.000000,,,,true,,GET,https://opensource-demo.orangehrmlive.com/web/index.php/auth/login,HTTP/1.1,default,,200,,tls1.3,https://opensource-demo.orangehrmlive.com/web/index.php/auth/login,,
http_req_sending,1753176957,0.000000,,,,true,,GET,https://opensource-demo.orangehrmlive.com/web/index.php/auth/login,HTTP/1.1,default,,200,,tls1.3,https://opensource-demo.orangehrmlive.com/web/index.php/auth/login,,
http_req_waiting,1753176957,903.881300,,,,true,,GET,https://opensource-demo.orangehrmlive.com/web/index.php/auth/login,HTTP/1.1,default,,200,,tls1.3,https://opensource-demo.orangehrmlive.com/web/index.php/auth/login,,
http_req_receiving,1753176957,0.344700,,,,true,,GET,https://opensource-demo.orangehrmlive.com/web/index.php/auth/login,HTTP/1.1,default,,200,,tls1.3,https://opensource-demo.orangehrmlive.com/web/index.php/auth/login,,
http_req_failed,1753176957,0.000000,,,,true,,GET,https://opensource-demo.orangehrmlive.com/web/index.php/auth/login,HTTP/1.1,default,,200,,tls1.3,https://opensource-demo.orangehrmlive.com/web/index.php/auth/login,,
checks,1753176957,1.000000,status is 200 or redirect,,,,,,,,default,,,,,,,
checks,1753176957,1.000000,response is not empty,,,,,,,,default,,,,,,,
http_reqs,1753176957,1.000000,,,,true,,POST,https://opensource-demo.orangehrmlive.com/web/index.php/auth/validate,HTTP/1.1,default,,302,,tls1.3,https://opensource-demo.orangehrmlive.com/web/index.php/auth/validate,,
http_req_duration,1753176957,889.062400,,,,true,,POST,https://opensource-demo.orangehrmlive.com/web/index.php/auth/validate,HTTP/1.1,default,,302,,tls1.3,https://opensource-demo.orangehrmlive.com/web/index.php/auth/validate,,
http_req_blocked,1753176957,0.000000,,,,true,,POST,https://opensource-demo.orangehrmlive.com/web/index.php/auth/validate,HTTP/1.1,default,,302,,tls1.3,https://opensource-demo.orangehrmlive.com/web/index.php/auth/validate,,
http_req_connecting,1753176957,0.000000,,,,true,,POST,https://opensource-demo.orangehrmlive.com/web/index.php/auth/validate,HTTP/1.1,default,,302,,tls1.3,https://opensource-demo.orangehrmlive.com/web/index.php/auth/validate,,
http_req_tls_handshaking,1753176957,0.000000,,,,true,,POST,https://opensource-demo.orangehrmlive.com/web/index.php/auth/validate,HTTP/1.1,default,,302,,tls1.3,https://opensource-demo.orangehrmlive.com/web/index.php/auth/validate,,
http_req_sending,1753176957,0.000000,,,,true,,POST,https://opensource-demo.orangehrmlive.com/web/index.php/auth/validate,HTTP/1.1,default,,302,,tls1.3,https://opensource-demo.orangehrmlive.com/web/index.php/auth/validate,,
http_req_waiting,1753176957,888.308900,,,,true,,POST,https://opensource-demo.orangehrmlive.com/web/index.php/auth/validate,HTTP/1.1,default,,302,,tls1.3,https://opensource-demo.orangehrmlive.com/web/index.php/auth/validate,,
http_req_receiving,1753176957,0.753500,,,,true,,POST,https://opensource-demo.orangehrmlive.com/web/index.php/auth/validate,HTTP/1.1,default,,302,,tls1.3,https://opensource-demo.orangehrmlive.com/web/index.php/auth/validate,,
http_req_failed,1753176957,0.000000,,,,true,,POST,https://opensource-demo.orangehrmlive.com/web/index.php/auth/validate,HTTP/1.1,default,,302,,tls1.3,https://opensource-demo.orangehrmlive.com/web/index.php/auth/validate,,
http_reqs,1753176957,1.000000,,,,true,,POST,https://opensource-demo.orangehrmlive.com/web/index.php/auth/validate,HTTP/1.1,default,,302,,tls1.3,https://opensource-demo.orangehrmlive.com/web/index.php/auth/validate,,
http_req_duration,1753176957,805.671800,,,,true,,POST,https://opensource-demo.orangehrmlive.com/web/index.php/auth/validate,HTTP/1.1,default,,302,,tls1.3,https://opensource-demo.orangehrmlive.com/web/index.php/auth/validate,,
http_req_blocked,1753176957,0.000000,,,,true,,POST,https://opensource-demo.orangehrmlive.com/web/index.php/auth/validate,HTTP/1.1,default,,302,,tls1.3,https://opensource-demo.orangehrmlive.com/web/index.php/auth/validate,,
http_req_connecting,1753176957,0.000000,,,,true,,POST,https://opensource-demo.orangehrmlive.com/web/index.php/auth/validate,HTTP/1.1,default,,302,,tls1.3,https://opensource-demo.orangehrmlive.com/web/index.php/auth/validate,,
http_req_tls_handshaking,1753176957,0.000000,,,,true,,POST,https://opensource-demo.orangehrmlive.com/web/index.php/auth/validate,HTTP/1.1,default,,302,,tls1.3,https://opensource-demo.orangehrmlive.com/web/index.php/auth/validate,,
http_req_sending,1753176957,0.000000,,,,true,,POST,https://opensource-demo.orangehrmlive.com/web/index.php/auth/validate,HTTP/1.1,default,,302,,tls1.3,https://opensource-demo.orangehrmlive.com/web/index.php/auth/validate,,
http_req_waiting,1753176957,805.226400,,,,true,,POST,https://opensource-demo.orangehrmlive.com/web/index.php/auth/validate,HTTP/1.1,default,,302,,tls1.3,https://opensource-demo.orangehrmlive.com/web/index.php/auth/validate,,
http_req_receiving,1753176957,0.445400,,,,true,,POST,https://opensource-demo.orangehrmlive.com/web/index.php/auth/validate,HTTP/1.1,default,,302,,tls1.3,https://opensource-demo.orangehrmlive.com/web/index.php/auth/validate,,
http_req_failed,1753176957,0.000000,,,,true,,POST,https://opensource-demo.orangehrmlive.com/web/index.php/auth/validate,HTTP/1.1,default,,302,,tls1.3,https://opensource-demo.orangehrmlive.com/web/index.php/auth/validate,,
data_sent,1753176957,526.000000,,,,,,,,,default,,,,,,,
data_received,1753176957,7109.000000,,,,,,,,,default,,,,,,,
iteration_duration,1753176957,3534.478300,,,,,,,,,default,,,,,,,
iterations,1753176957,1.000000,,,,,,,,,default,,,,,,,
total_iterations,1753176957,1.000000,,,,,,,,,default,,,,,,,
data_sent,1753176957,525.000000,,,,,,,,,default,,,,,,,
data_received,1753176957,7113.000000,,,,,,,,,default,,,,,,,
iteration_duration,1753176957,3563.070700,,,,,,,,,default,,,,,,,
iterations,1753176957,1.000000,,,,,,,,,default,,,,,,,
total_iterations,1753176957,1.000000,,,,,,,,,default,,,,,,,
http_reqs,1753176957,1.000000,,,,true,,GET,https://opensource-demo.orangehrmlive.com/web/index.php/auth/login,HTTP/1.1,default,,200,,tls1.3,https://opensource-demo.orangehrmlive.com/web/index.php/auth/login,,
http_req_duration,1753176957,743.033200,,,,true,,GET,https://opensource-demo.orangehrmlive.com/web/index.php/auth/login,HTTP/1.1,default,,200,,tls1.3,https://opensource-demo.orangehrmlive.com/web/index.php/auth/login,,
http_req_blocked,1753176957,0.000000,,,,true,,GET,https://opensource-demo.orangehrmlive.com/web/index.php/auth/login,HTTP/1.1,default,,200,,tls1.3,https://opensource-demo.orangehrmlive.com/web/index.php/auth/login,,
http_req_connecting,1753176957,0.000000,,,,true,,GET,https://opensource-demo.orangehrmlive.com/web/index.php/auth/login,HTTP/1.1,default,,200,,tls1.3,https://opensource-demo.orangehrmlive.com/web/index.php/auth/login,,
http_req_tls_handshaking,1753176957,0.000000,,,,true,,GET,https://opensource-demo.orangehrmlive.com/web/index.php/auth/login,HTTP/1.1,default,,200,,tls1.3,https://opensource-demo.orangehrmlive.com/web/index.php/auth/login,,
http_req_sending,1753176957,0.000000,,,,true,,GET,https://opensource-demo.orangehrmlive.com/web/index.php/auth/login,HTTP/1.1,default,,200,,tls1.3,https://opensource-demo.orangehrmlive.com/web/index.php/auth/login,,
http_req_waiting,1753176957,743.033200,,,,true,,GET,https://opensource-demo.orangehrmlive.com/web/index.php/auth/login,HTTP/1.1,default,,200,,tls1.3,https://opensource-demo.orangehrmlive.com/web/index.php/auth/login,,
http_req_receiving,1753176957,0.000000,,,,true,,GET,https://opensource-demo.orangehrmlive.com/web/index.php/auth/login,HTTP/1.1,default,,200,,tls1.3,https://opensource-demo.orangehrmlive.com/web/index.php/auth/login,,
http_req_failed,1753176957,0.000000,,,,true,,GET,https://opensource-demo.orangehrmlive.com/web/index.php/auth/login,HTTP/1.1,default,,200,,tls1.3,https://opensource-demo.orangehrmlive.com/web/index.php/auth/login,,
checks,1753176957,1.000000,status is 200 or redirect,,,,,,,,default,,,,,,,
checks,1753176957,1.000000,response is not empty,,,,,,,,default,,,,,,,
http_reqs,1753176957,1.000000,,,,true,,POST,https://opensource-demo.orangehrmlive.com/web/index.php/auth/validate,HTTP/1.1,default,,302,,tls1.3,https://opensource-demo.orangehrmlive.com/web/index.php/auth/validate,,
http_req_duration,1753176957,776.047000,,,,true,,POST,https://opensource-demo.orangehrmlive.com/web/index.php/auth/validate,HTTP/1.1,default,,302,,tls1.3,https://opensource-demo.orangehrmlive.com/web/index.php/auth/validate,,
http_req_blocked,1753176957,0.000000,,,,true,,POST,https://opensource-demo.orangehrmlive.com/web/index.php/auth/validate,HTTP/1.1,default,,302,,tls1.3,https://opensource-demo.orangehrmlive.com/web/index.php/auth/validate,,
http_req_connecting,1753176957,0.000000,,,,true,,POST,https://opensource-demo.orangehrmlive.com/web/index.php/auth/validate,HTTP/1.1,default,,302,,tls1.3,https://opensource-demo.orangehrmlive.com/web/index.php/auth/validate,,
http_req_tls_handshaking,1753176957,0.000000,,,,true,,POST,https://opensource-demo.orangehrmlive.com/web/index.php/auth/validate,HTTP/1.1,default,,302,,tls1.3,https://opensource-demo.orangehrmlive.com/web/index.php/auth/validate,,
http_req_sending,1753176957,0.000000,,,,true,,POST,https://opensource-demo.orangehrmlive.com/web/index.php/auth/validate,HTTP/1.1,default,,302,,tls1.3,https://opensource-demo.orangehrmlive.com/web/index.php/auth/validate,,
http_req_waiting,1753176957,775.203300,,,,true,,POST,https://opensource-demo.orangehrmlive.com/web/index.php/auth/validate,HTTP/1.1,default,,302,,tls1.3,https://opensource-demo.orangehrmlive.com/web/index.php/auth/validate,,
http_req_receiving,1753176957,0.843700,,,,true,,POST,https://opensource-demo.orangehrmlive.com/web/index.php/auth/validate,HTTP/1.1,default,,302,,tls1.3,https://opensource-demo.orangehrmlive.com/web/index.php/auth/validate,,
http_req_failed,1753176957,0.000000,,,,true,,POST,https://opensource-demo.orangehrmlive.com/web/index.php/auth/validate,HTTP/1.1,default,,302,,tls1.3,https://opensource-demo.orangehrmlive.com/web/index.php/auth/validate,,
http_reqs,1753176957,1.000000,,,,true,,GET,https://opensource-demo.orangehrmlive.com/web/index.php/auth/login,HTTP/1.1,default,,200,,tls1.3,https://opensource-demo.orangehrmlive.com/web/index.php/auth/login,,
http_req_duration,1753176957,1215.642200,,,,true,,GET,https://opensource-demo.orangehrmlive.com/web/index.php/auth/login,HTTP/1.1,default,,200,,tls1.3,https://opensource-demo.orangehrmlive.com/web/index.php/auth/login,,
http_req_blocked,1753176957,0.000000,,,,true,,GET,https://opensource-demo.orangehrmlive.com/web/index.php/auth/login,HTTP/1.1,default,,200,,tls1.3,https://opensource-demo.orangehrmlive.com/web/index.php/auth/login,,
http_req_connecting,1753176957,0.000000,,,,true,,GET,https://opensource-demo.orangehrmlive.com/web/index.php/auth/login,HTTP/1.1,default,,200,,tls1.3,https://opensource-demo.orangehrmlive.com/web/index.php/auth/login,,
http_req_tls_handshaking,1753176957,0.000000,,,,true,,GET,https://opensource-demo.orangehrmlive.com/web/index.php/auth/login,HTTP/1.1,default,,200,,tls1.3,https://opensource-demo.orangehrmlive.com/web/index.php/auth/login,,
http_req_sending,1753176957,0.000000,,,,true,,GET,https://opensource-demo.orangehrmlive.com/web/index.php/auth/login,HTTP/1.1,default,,200,,tls1.3,https://opensource-demo.orangehrmlive.com/web/index.php/auth/login,,
http_req_waiting,1753176957,1214.808200,,,,true,,GET,https://opensource-demo.orangehrmlive.com/web/index.php/auth/login,HTTP/1.1,default,,200,,tls1.3,https://opensource-demo.orangehrmlive.com/web/index.php/auth/login,,
http_req_receiving,1753176957,0.834000,,,,true,,GET,https://opensource-demo.orangehrmlive.com/web/index.php/auth/login,HTTP/1.1,default,,200,,tls1.3,https://opensource-demo.orangehrmlive.com/web/index.php/auth/login,,
http_req_failed,1753176957,0.000000,,,,true,,GET,https://opensource-demo.orangehrmlive.com/web/index.php/auth/login,HTTP/1.1,default,,200,,tls1.3,https://opensource-demo.orangehrmlive.com/web/index.php/auth/login,,
checks,1753176957,1.000000,status is 200 or redirect,,,,,,,,default,,,,,,,
checks,1753176957,1.000000,response is not empty,,,,,,,,default,,,,,,,
http_reqs,1753176958,1.000000,,,,true,,GET,https://opensource-demo.orangehrmlive.com/web/index.php/auth/login,HTTP/1.1,default,,200,,tls1.3,https://opensource-demo.orangehrmlive.com/web/index.php/auth/login,,
http_req_duration,1753176958,490.229300,,,,true,,GET,https://opensource-demo.orangehrmlive.com/web/index.php/auth/login,HTTP/1.1,default,,200,,tls1.3,https://opensource-demo.orangehrmlive.com/web/index.php/auth/login,,
http_req_blocked,1753176958,0.000000,,,,true,,GET,https://opensource-demo.orangehrmlive.com/web/index.php/auth/login,HTTP/1.1,default,,200,,tls1.3,https://opensource-demo.orangehrmlive.com/web/index.php/auth/login,,
http_req_connecting,1753176958,0.000000,,,,true,,GET,https://opensource-demo.orangehrmlive.com/web/index.php/auth/login,HTTP/1.1,default,,200,,tls1.3,https://opensource-demo.orangehrmlive.com/web/index.php/auth/login,,
http_req_tls_handshaking,1753176958,0.000000,,,,true,,GET,https://opensource-demo.orangehrmlive.com/web/index.php/auth/login,HTTP/1.1,default,,200,,tls1.3,https://opensource-demo.orangehrmlive.com/web/index.php/auth/login,,
http_req_sending,1753176958,0.000000,,,,true,,GET,https://opensource-demo.orangehrmlive.com/web/index.php/auth/login,HTTP/1.1,default,,200,,tls1.3,https://opensource-demo.orangehrmlive.com/web/index.php/auth/login,,
http_req_waiting,1753176958,489.230500,,,,true,,GET,https://opensource-demo.orangehrmlive.com/web/index.php/auth/login,HTTP/1.1,default,,200,,tls1.3,https://opensource-demo.orangehrmlive.com/web/index.php/auth/login,,
http_req_receiving,1753176958,0.998800,,,,true,,GET,https://opensource-demo.orangehrmlive.com/web/index.php/auth/login,HTTP/1.1,default,,200,,tls1.3,https://opensource-demo.orangehrmlive.com/web/index.php/auth/login,,
http_req_failed,1753176958,0.000000,,,,true,,GET,https://opensource-demo.orangehrmlive.com/web/index.php/auth/login,HTTP/1.1,default,,200,,tls1.3,https://opensource-demo.orangehrmlive.com/web/index.php/auth/login,,
checks,1753176958,1.000000,status is 200 or redirect,,,,,,,,default,,,,,,,
checks,1753176958,1.000000,response is not empty,,,,,,,,default,,,,,,,
http_reqs,1753176958,1.000000,,,,true,,POST,https://opensource-demo.orangehrmlive.com/web/index.php/auth/validate,HTTP/1.1,default,,302,,tls1.3,https://opensource-demo.orangehrmlive.com/web/index.php/auth/validate,,
http_req_duration,1753176958,795.317200,,,,true,,POST,https://opensource-demo.orangehrmlive.com/web/index.php/auth/validate,HTTP/1.1,default,,302,,tls1.3,https://opensource-demo.orangehrmlive.com/web/index.php/auth/validate,,
http_req_blocked,1753176958,0.000000,,,,true,,POST,https://opensource-demo.orangehrmlive.com/web/index.php/auth/validate,HTTP/1.1,default,,302,,tls1.3,https://opensource-demo.orangehrmlive.com/web/index.php/auth/validate,,
http_req_connecting,1753176958,0.000000,,,,true,,POST,https://opensource-demo.orangehrmlive.com/web/index.php/auth/validate,HTTP/1.1,default,,302,,tls1.3,https://opensource-demo.orangehrmlive.com/web/index.php/auth/validate,,
http_req_tls_handshaking,1753176958,0.000000,,,,true,,POST,https://opensource-demo.orangehrmlive.com/web/index.php/auth/validate,HTTP/1.1,default,,302,,tls1.3,https://opensource-demo.orangehrmlive.com/web/index.php/auth/validate,,
http_req_sending,1753176958,0.565000,,,,true,,POST,https://opensource-demo.orangehrmlive.com/web/index.php/auth/validate,HTTP/1.1,default,,302,,tls1.3,https://opensource-demo.orangehrmlive.com/web/index.php/auth/validate,,
http_req_waiting,1753176958,794.016500,,,,true,,POST,https://opensource-demo.orangehrmlive.com/web/index.php/auth/validate,HTTP/1.1,default,,302,,tls1.3,https://opensource-demo.orangehrmlive.com/web/index.php/auth/validate,,
http_req_receiving,1753176958,0.735700,,,,true,,POST,https://opensource-demo.orangehrmlive.com/web/index.php/auth/validate,HTTP/1.1,default,,302,,tls1.3,https://opensource-demo.orangehrmlive.com/web/index.php/auth/validate,,
http_req_failed,1753176958,0.000000,,,,true,,POST,https://opensource-demo.orangehrmlive.com/web/index.php/auth/validate,HTTP/1.1,default,,302,,tls1.3,https://opensource-demo.orangehrmlive.com/web/index.php/auth/validate,,
data_sent,1753176958,528.000000,,,,,,,,,default,,,,,,,
data_received,1753176958,7100.000000,,,,,,,,,default,,,,,,,
iteration_duration,1753176958,2940.850700,,,,,,,,,default,,,,,,,
iterations,1753176958,1.000000,,,,,,,,,default,,,,,,,
total_iterations,1753176958,1.000000,,,,,,,,,default,,,,,,,
vus,1753176958,10.000000,,,,,,,,,,,,,,,,
vus_max,1753176958,10.000000,,,,,,,,,,,,,,,,
http_reqs,1753176958,1.000000,,,,true,,GET,https://opensource-demo.orangehrmlive.com/web/index.php/auth/login,HTTP/1.1,default,,200,,tls1.3,https://opensource-demo.orangehrmlive.com/web/index.php/auth/login,,
http_req_duration,1753176958,900.382200,,,,true,,GET,https://opensource-demo.orangehrmlive.com/web/index.php/auth/login,HTTP/1.1,default,,200,,tls1.3,https://opensource-demo.orangehrmlive.com/web/index.php/auth/login,,
http_req_blocked,1753176958,0.000000,,,,true,,GET,https://opensource-demo.orangehrmlive.com/web/index.php/auth/login,HTTP/1.1,default,,200,,tls1.3,https://opensource-demo.orangehrmlive.com/web/index.php/auth/login,,
http_req_connecting,1753176958,0.000000,,,,true,,GET,https://opensource-demo.orangehrmlive.com/web/index.php/auth/login,HTTP/1.1,default,,200,,tls1.3,https://opensource-demo.orangehrmlive.com/web/index.php/auth/login,,
http_req_tls_handshaking,1753176958,0.000000,,,,true,,GET,https://opensource-demo.orangehrmlive.com/web/index.php/auth/login,HTTP/1.1,default,,200,,tls1.3,https://opensource-demo.orangehrmlive.com/web/index.php/auth/login,,
http_req_sending,1753176958,0.000000,,,,true,,GET,https://opensource-demo.orangehrmlive.com/web/index.php/auth/login,HTTP/1.1,default,,200,,tls1.3,https://opensource-demo.orangehrmlive.com/web/index.php/auth/login,,
http_req_waiting,1753176958,900.382200,,,,true,,GET,https://opensource-demo.orangehrmlive.com/web/index.php/auth/login,HTTP/1.1,default,,200,,tls1.3,https://opensource-demo.orangehrmlive.com/web/index.php/auth/login,,
http_req_receiving,1753176958,0.000000,,,,true,,GET,https://opensource-demo.orangehrmlive.com/web/index.php/auth/login,HTTP/1.1,default,,200,,tls1.3,https://opensource-demo.orangehrmlive.com/web/index.php/auth/login,,
http_req_failed,1753176958,0.000000,,,,true,,GET,https://opensource-demo.orangehrmlive.com/web/index.php/auth/login,HTTP/1.1,default,,200,,tls1.3,https://opensource-demo.orangehrmlive.com/web/index.php/auth/login,,
checks,1753176958,1.000000,status is 200 or redirect,,,,,,,,default,,,,,,,
checks,1753176958,1.000000,response is not empty,,,,,,,,default,,,,,,,
data_sent,1753176958,529.000000,,,,,,,,,default,,,,,,,
data_received,1753176958,7098.000000,,,,,,,,,default,,,,,,,
iteration_duration,1753176958,3005.954100,,,,,,,,,default,,,,,,,
iterations,1753176958,1.000000,,,,,,,,,default,,,,,,,
total_iterations,1753176958,1.000000,,,,,,,,,default,,,,,,,
http_reqs,1753176958,1.000000,,,,true,,POST,https://opensource-demo.orangehrmlive.com/web/index.php/auth/validate,HTTP/1.1,default,,302,,tls1.3,https://opensource-demo.orangehrmlive.com/web/index.php/auth/validate,,
http_req_duration,1753176958,796.638100,,,,true,,POST,https://opensource-demo.orangehrmlive.com/web/index.php/auth/validate,HTTP/1.1,default,,302,,tls1.3,https://opensource-demo.orangehrmlive.com/web/index.php/auth/validate,,
http_req_blocked,1753176958,0.000000,,,,true,,POST,https://opensource-demo.orangehrmlive.com/web/index.php/auth/validate,HTTP/1.1,default,,302,,tls1.3,https://opensource-demo.orangehrmlive.com/web/index.php/auth/validate,,
http_req_connecting,1753176958,0.000000,,,,true,,POST,https://opensource-demo.orangehrmlive.com/web/index.php/auth/validate,HTTP/1.1,default,,302,,tls1.3,https://opensource-demo.orangehrmlive.com/web/index.php/auth/validate,,
http_req_tls_handshaking,1753176958,0.000000,,,,true,,POST,https://opensource-demo.orangehrmlive.com/web/index.php/auth/validate,HTTP/1.1,default,,302,,tls1.3,https://opensource-demo.orangehrmlive.com/web/index.php/auth/validate,,
http_req_sending,1753176958,0.793200,,,,true,,POST,https://opensource-demo.orangehrmlive.com/web/index.php/auth/validate,HTTP/1.1,default,,302,,tls1.3,https://opensource-demo.orangehrmlive.com/web/index.php/auth/validate,,
http_req_waiting,1753176958,795.322800,,,,true,,POST,https://opensource-demo.orangehrmlive.com/web/index.php/auth/validate,HTTP/1.1,default,,302,,tls1.3,https://opensource-demo.orangehrmlive.com/web/index.php/auth/validate,,
http_req_receiving,1753176958,0.522100,,,,true,,POST,https://opensource-demo.orangehrmlive.com/web/index.php/auth/validate,HTTP/1.1,default,,302,,tls1.3,https://opensource-demo.orangehrmlive.com/web/index.php/auth/validate,,
http_req_failed,1753176958,0.000000,,,,true,,POST,https://opensource-demo.orangehrmlive.com/web/index.php/auth/validate,HTTP/1.1,default,,302,,tls1.3,https://opensource-demo.orangehrmlive.com/web/index.php/auth/validate,,
http_reqs,1753176958,1.000000,,,,true,,POST,https://opensource-demo.orangehrmlive.com/web/index.php/auth/validate,HTTP/1.1,default,,302,,tls1.3,https://opensource-demo.orangehrmlive.com/web/index.php/auth/validate,,
http_req_duration,1753176958,854.252800,,,,true,,POST,https://opensource-demo.orangehrmlive.com/web/index.php/auth/validate,HTTP/1.1,default,,302,,tls1.3,https://opensource-demo.orangehrmlive.com/web/index.php/auth/validate,,
http_req_blocked,1753176958,0.000000,,,,true,,POST,https://opensource-demo.orangehrmlive.com/web/index.php/auth/validate,HTTP/1.1,default,,302,,tls1.3,https://opensource-demo.orangehrmlive.com/web/index.php/auth/validate,,
http_req_connecting,1753176958,0.000000,,,,true,,POST,https://opensource-demo.orangehrmlive.com/web/index.php/auth/validate,HTTP/1.1,default,,302,,tls1.3,https://opensource-demo.orangehrmlive.com/web/index.php/auth/validate,,
http_req_tls_handshaking,1753176958,0.000000,,,,true,,POST,https://opensource-demo.orangehrmlive.com/web/index.php/auth/validate,HTTP/1.1,default,,302,,tls1.3,https://opensource-demo.orangehrmlive.com/web/index.php/auth/validate,,
http_req_sending,1753176958,0.000000,,,,true,,POST,https://opensource-demo.orangehrmlive.com/web/index.php/auth/validate,HTTP/1.1,default,,302,,tls1.3,https://opensource-demo.orangehrmlive.com/web/index.php/auth/validate,,
http_req_waiting,1753176958,854.252800,,,,true,,POST,https://opensource-demo.orangehrmlive.com/web/index.php/auth/validate,HTTP/1.1,default,,302,,tls1.3,https://opensource-demo.orangehrmlive.com/web/index.php/auth/validate,,
http_req_receiving,1753176958,0.000000,,,,true,,POST,https://opensource-demo.orangehrmlive.com/web/index.php/auth/validate,HTTP/1.1,default,,302,,tls1.3,https://opensource-demo.orangehrmlive.com/web/index.php/auth/validate,,
http_req_failed,1753176958,0.000000,,,,true,,POST,https://opensource-demo.orangehrmlive.com/web/index.php/auth/validate,HTTP/1.1,default,,302,,tls1.3,https://opensource-demo.orangehrmlive.com/web/index.php/auth/validate,,
data_sent,1753176958,528.000000,,,,,,,,,default,,,,,,,
data_received,1753176958,7124.000000,,,,,,,,,default,,,,,,,
iteration_duration,1753176958,2421.501500,,,,,,,,,default,,,,,,,
iterations,1753176958,1.000000,,,,,,,,,default,,,,,,,
total_iterations,1753176958,1.000000,,,,,,,,,default,,,,,,,
http_reqs,1753176958,1.000000,,,,true,,GET,https://opensource-demo.orangehrmlive.com/web/index.php/auth/login,HTTP/1.1,default,,200,,tls1.3,https://opensource-demo.orangehrmlive.com/web/index.php/auth/login,,
http_req_duration,1753176958,912.701800,,,,true,,GET,https://opensource-demo.orangehrmlive.com/web/index.php/auth/login,HTTP/1.1,default,,200,,tls1.3,https://opensource-demo.orangehrmlive.com/web/index.php/auth/login,,
http_req_blocked,1753176958,0.000000,,,,true,,GET,https://opensource-demo.orangehrmlive.com/web/index.php/auth/login,HTTP/1.1,default,,200,,tls1.3,https://opensource-demo.orangehrmlive.com/web/index.php/auth/login,,
http_req_connecting,1753176958,0.000000,,,,true,,GET,https://opensource-demo.orangehrmlive.com/web/index.php/auth/login,HTTP/1.1,default,,200,,tls1.3,https://opensource-demo.orangehrmlive.com/web/index.php/auth/login,,
http_req_tls_handshaking,1753176958,0.000000,,,,true,,GET,https://opensource-demo.orangehrmlive.com/web/index.php/auth/login,HTTP/1.1,default,,200,,tls1.3,https://opensource-demo.orangehrmlive.com/web/index.php/auth/login,,
http_req_sending,1753176958,0.000000,,,,true,,GET,https://opensource-demo.orangehrmlive.com/web/index.php/auth/login,HTTP/1.1,default,,200,,tls1.3,https://opensource-demo.orangehrmlive.com/web/index.php/auth/login,,
http_req_waiting,1753176958,912.701800,,,,true,,GET,https://opensource-demo.orangehrmlive.com/web/index.php/auth/login,HTTP/1.1,default,,200,,tls1.3,https://opensource-demo.orangehrmlive.com/web/index.php/auth/login,,
http_req_receiving,1753176958,0.000000,,,,true,,GET,https://opensource-demo.orangehrmlive.com/web/index.php/auth/login,HTTP/1.1,default,,200,,tls1.3,https://opensource-demo.orangehrmlive.com/web/index.php/auth/login,,
http_req_failed,1753176958,0.000000,,,,true,,GET,https://opensource-demo.orangehrmlive.com/web/index.php/auth/login,HTTP/1.1,default,,200,,tls1.3,https://opensource-demo.orangehrmlive.com/web/index.php/auth/login,,
checks,1753176958,1.000000,status is 200 or redirect,,,,,,,,default,,,,,,,
checks,1753176958,1.000000,response is not empty,,,,,,,,default,,,,,,,
data_sent,1753176958,525.000000,,,,,,,,,default,,,,,,,
data_received,1753176958,7102.000000,,,,,,,,,default,,,,,,,
iteration_duration,1753176958,2994.144100,,,,,,,,,default,,,,,,,
iterations,1753176958,1.000000,,,,,,,,,default,,,,,,,
total_iterations,1753176958,1.000000,,,,,,,,,default,,,,,,,
http_reqs,1753176959,1.000000,,,,true,,GET,https://opensource-demo.orangehrmlive.com/web/index.php/auth/login,HTTP/1.1,default,,200,,tls1.3,https://opensource-demo.orangehrmlive.com/web/index.php/auth/login,,
http_req_duration,1753176959,879.029100,,,,true,,GET,https://opensource-demo.orangehrmlive.com/web/index.php/auth/login,HTTP/1.1,default,,200,,tls1.3,https://opensource-demo.orangehrmlive.com/web/index.php/auth/login,,
http_req_blocked,1753176959,0.000000,,,,true,,GET,https://opensource-demo.orangehrmlive.com/web/index.php/auth/login,HTTP/1.1,default,,200,,tls1.3,https://opensource-demo.orangehrmlive.com/web/index.php/auth/login,,
http_req_connecting,1753176959,0.000000,,,,true,,GET,https://opensource-demo.orangehrmlive.com/web/index.php/auth/login,HTTP/1.1,default,,200,,tls1.3,https://opensource-demo.orangehrmlive.com/web/index.php/auth/login,,
http_req_tls_handshaking,1753176959,0.000000,,,,true,,GET,https://opensource-demo.orangehrmlive.com/web/index.php/auth/login,HTTP/1.1,default,,200,,tls1.3,https://opensource-demo.orangehrmlive.com/web/index.php/auth/login,,
http_req_sending,1753176959,0.000000,,,,true,,GET,https://opensource-demo.orangehrmlive.com/web/index.php/auth/login,HTTP/1.1,default,,200,,tls1.3,https://opensource-demo.orangehrmlive.com/web/index.php/auth/login,,
http_req_waiting,1753176959,878.458600,,,,true,,GET,https://opensource-demo.orangehrmlive.com/web/index.php/auth/login,HTTP/1.1,default,,200,,tls1.3,https://opensource-demo.orangehrmlive.com/web/index.php/auth/login,,
http_req_receiving,1753176959,0.570500,,,,true,,GET,https://opensource-demo.orangehrmlive.com/web/index.php/auth/login,HTTP/1.1,default,,200,,tls1.3,https://opensource-demo.orangehrmlive.com/web/index.php/auth/login,,
http_req_failed,1753176959,0.000000,,,,true,,GET,https://opensource-demo.orangehrmlive.com/web/index.php/auth/login,HTTP/1.1,default,,200,,tls1.3,https://opensource-demo.orangehrmlive.com/web/index.php/auth/login,,
checks,1753176959,1.000000,status is 200 or redirect,,,,,,,,default,,,,,,,
checks,1753176959,1.000000,response is not empty,,,,,,,,default,,,,,,,
data_sent,1753176959,528.000000,,,,,,,,,default,,,,,,,
data_received,1753176959,7129.000000,,,,,,,,,default,,,,,,,
iteration_duration,1753176959,2379.786100,,,,,,,,,default,,,,,,,
iterations,1753176959,1.000000,,,,,,,,,default,,,,,,,
total_iterations,1753176959,1.000000,,,,,,,,,default,,,,,,,
http_reqs,1753176959,1.000000,,,,true,,POST,https://opensource-demo.orangehrmlive.com/web/index.php/auth/validate,HTTP/1.1,default,,302,,tls1.3,https://opensource-demo.orangehrmlive.com/web/index.php/auth/validate,,
http_req_duration,1753176959,908.879700,,,,true,,POST,https://opensource-demo.orangehrmlive.com/web/index.php/auth/validate,HTTP/1.1,default,,302,,tls1.3,https://opensource-demo.orangehrmlive.com/web/index.php/auth/validate,,
http_req_blocked,1753176959,0.000000,,,,true,,POST,https://opensource-demo.orangehrmlive.com/web/index.php/auth/validate,HTTP/1.1,default,,302,,tls1.3,https://opensource-demo.orangehrmlive.com/web/index.php/auth/validate,,
http_req_connecting,1753176959,0.000000,,,,true,,POST,https://opensource-demo.orangehrmlive.com/web/index.php/auth/validate,HTTP/1.1,default,,302,,tls1.3,https://opensource-demo.orangehrmlive.com/web/index.php/auth/validate,,
http_req_tls_handshaking,1753176959,0.000000,,,,true,,POST,https://opensource-demo.orangehrmlive.com/web/index.php/auth/validate,HTTP/1.1,default,,302,,tls1.3,https://opensource-demo.orangehrmlive.com/web/index.php/auth/validate,,
http_req_sending,1753176959,0.000000,,,,true,,POST,https://opensource-demo.orangehrmlive.com/web/index.php/auth/validate,HTTP/1.1,default,,302,,tls1.3,https://opensource-demo.orangehrmlive.com/web/index.php/auth/validate,,
http_req_waiting,1753176959,908.202200,,,,true,,POST,https://opensource-demo.orangehrmlive.com/web/index.php/auth/validate,HTTP/1.1,default,,302,,tls1.3,https://opensource-demo.orangehrmlive.com/web/index.php/auth/validate,,
http_req_receiving,1753176959,0.677500,,,,true,,POST,https://opensource-demo.orangehrmlive.com/web/index.php/auth/validate,HTTP/1.1,default,,302,,tls1.3,https://opensource-demo.orangehrmlive.com/web/index.php/auth/validate,,
http_req_failed,1753176959,0.000000,,,,true,,POST,https://opensource-demo.orangehrmlive.com/web/index.php/auth/validate,HTTP/1.1,default,,302,,tls1.3,https://opensource-demo.orangehrmlive.com/web/index.php/auth/validate,,
http_reqs,1753176959,1.000000,,,,true,,POST,https://opensource-demo.orangehrmlive.com/web/index.php/auth/validate,HTTP/1.1,default,,302,,tls1.3,https://opensource-demo.orangehrmlive.com/web/index.php/auth/validate,,
http_req_duration,1753176959,752.365700,,,,true,,POST,https://opensource-demo.orangehrmlive.com/web/index.php/auth/validate,HTTP/1.1,default,,302,,tls1.3,https://opensource-demo.orangehrmlive.com/web/index.php/auth/validate,,
http_req_blocked,1753176959,0.000000,,,,true,,POST,https://opensource-demo.orangehrmlive.com/web/index.php/auth/validate,HTTP/1.1,default,,302,,tls1.3,https://opensource-demo.orangehrmlive.com/web/index.php/auth/validate,,
http_req_connecting,1753176959,0.000000,,,,true,,POST,https://opensource-demo.orangehrmlive.com/web/index.php/auth/validate,HTTP/1.1,default,,302,,tls1.3,https://opensource-demo.orangehrmlive.com/web/index.php/auth/validate,,
http_req_tls_handshaking,1753176959,0.000000,,,,true,,POST,https://opensource-demo.orangehrmlive.com/web/index.php/auth/validate,HTTP/1.1,default,,302,,tls1.3,https://opensource-demo.orangehrmlive.com/web/index.php/auth/validate,,
http_req_sending,1753176959,0.000000,,,,true,,POST,https://opensource-demo.orangehrmlive.com/web/index.php/auth/validate,HTTP/1.1,default,,302,,tls1.3,https://opensource-demo.orangehrmlive.com/web/index.php/auth/validate,,
http_req_waiting,1753176959,752.365700,,,,true,,POST,https://opensource-demo.orangehrmlive.com/web/index.php/auth/validate,HTTP/1.1,default,,302,,tls1.3,https://opensource-demo.orangehrmlive.com/web/index.php/auth/validate,,
http_req_receiving,1753176959,0.000000,,,,true,,POST,https://opensource-demo.orangehrmlive.com/web/index.php/auth/validate,HTTP/1.1,default,,302,,tls1.3,https://opensource-demo.orangehrmlive.com/web/index.php/auth/validate,,
http_req_failed,1753176959,0.000000,,,,true,,POST,https://opensource-demo.orangehrmlive.com/web/index.php/auth/validate,HTTP/1.1,default,,302,,tls1.3,https://opensource-demo.orangehrmlive.com/web/index.php/auth/validate,,
vus,1753176959,10.000000,,,,,,,,,,,,,,,,
vus_max,1753176959,10.000000,,,,,,,,,,,,,,,,
data_sent,1753176959,532.000000,,,,,,,,,default,,,,,,,
data_received,1753176959,7106.000000,,,,,,,,,default,,,,,,,
iteration_duration,1753176959,2706.548200,,,,,,,,,default,,,,,,,
iterations,1753176959,1.000000,,,,,,,,,default,,,,,,,
total_iterations,1753176959,1.000000,,,,,,,,,default,,,,,,,
http_reqs,1753176959,1.000000,,,,true,,GET,https://opensource-demo.orangehrmlive.com/web/index.php/auth/login,HTTP/1.1,default,,200,,tls1.3,https://opensource-demo.orangehrmlive.com/web/index.php/auth/login,,
http_req_duration,1753176959,970.355200,,,,true,,GET,https://opensource-demo.orangehrmlive.com/web/index.php/auth/login,HTTP/1.1,default,,200,,tls1.3,https://opensource-demo.orangehrmlive.com/web/index.php/auth/login,,
http_req_blocked,1753176959,0.000000,,,,true,,GET,https://opensource-demo.orangehrmlive.com/web/index.php/auth/login,HTTP/1.1,default,,200,,tls1.3,https://opensource-demo.orangehrmlive.com/web/index.php/auth/login,,
http_req_connecting,1753176959,0.000000,,,,true,,GET,https://opensource-demo.orangehrmlive.com/web/index.php/auth/login,HTTP/1.1,default,,200,,tls1.3,https://opensource-demo.orangehrmlive.com/web/index.php/auth/login,,
http_req_tls_handshaking,1753176959,0.000000,,,,true,,GET,https://opensource-demo.orangehrmlive.com/web/index.php/auth/login,HTTP/1.1,default,,200,,tls1.3,https://opensource-demo.orangehrmlive.com/web/index.php/auth/login,,
http_req_sending,1753176959,0.000000,,,,true,,GET,https://opensource-demo.orangehrmlive.com/web/index.php/auth/login,HTTP/1.1,default,,200,,tls1.3,https://opensource-demo.orangehrmlive.com/web/index.php/auth/login,,
http_req_waiting,1753176959,969.354000,,,,true,,GET,https://opensource-demo.orangehrmlive.com/web/index.php/auth/login,HTTP/1.1,default,,200,,tls1.3,https://opensource-demo.orangehrmlive.com/web/index.php/auth/login,,
http_req_receiving,1753176959,1.001200,,,,true,,GET,https://opensource-demo.orangehrmlive.com/web/index.php/auth/login,HTTP/1.1,default,,200,,tls1.3,https://opensource-demo.orangehrmlive.com/web/index.php/auth/login,,
http_req_failed,1753176959,0.000000,,,,true,,GET,https://opensource-demo.orangehrmlive.com/web/index.php/auth/login,HTTP/1.1,default,,200,,tls1.3,https://opensource-demo.orangehrmlive.com/web/index.php/auth/login,,
checks,1753176959,1.000000,status is 200 or redirect,,,,,,,,default,,,,,,,
checks,1753176959,1.000000,response is not empty,,,,,,,,default,,,,,,,
http_reqs,1753176959,1.000000,,,,true,,POST,https://opensource-demo.orangehrmlive.com/web/index.php/auth/validate,HTTP/1.1,default,,302,,tls1.3,https://opensource-demo.orangehrmlive.com/web/index.php/auth/validate,,
http_req_duration,1753176959,906.868900,,,,true,,POST,https://opensource-demo.orangehrmlive.com/web/index.php/auth/validate,HTTP/1.1,default,,302,,tls1.3,https://opensource-demo.orangehrmlive.com/web/index.php/auth/validate,,
http_req_blocked,1753176959,0.000000,,,,true,,POST,https://opensource-demo.orangehrmlive.com/web/index.php/auth/validate,HTTP/1.1,default,,302,,tls1.3,https://opensource-demo.orangehrmlive.com/web/index.php/auth/validate,,
http_req_connecting,1753176959,0.000000,,,,true,,POST,https://opensource-demo.orangehrmlive.com/web/index.php/auth/validate,HTTP/1.1,default,,302,,tls1.3,https://opensource-demo.orangehrmlive.com/web/index.php/auth/validate,,
http_req_tls_handshaking,1753176959,0.000000,,,,true,,POST,https://opensource-demo.orangehrmlive.com/web/index.php/auth/validate,HTTP/1.1,default,,302,,tls1.3,https://opensource-demo.orangehrmlive.com/web/index.php/auth/validate,,
http_req_sending,1753176959,0.000000,,,,true,,POST,https://opensource-demo.orangehrmlive.com/web/index.php/auth/validate,HTTP/1.1,default,,302,,tls1.3,https://opensource-demo.orangehrmlive.com/web/index.php/auth/validate,,
http_req_waiting,1753176959,906.160700,,,,true,,POST,https://opensource-demo.orangehrmlive.com/web/index.php/auth/validate,HTTP/1.1,default,,302,,tls1.3,https://opensource-demo.orangehrmlive.com/web/index.php/auth/validate,,
http_req_receiving,1753176959,0.708200,,,,true,,POST,https://opensource-demo.orangehrmlive.com/web/index.php/auth/validate,HTTP/1.1,default,,302,,tls1.3,https://opensource-demo.orangehrmlive.com/web/index.php/auth/validate,,
http_req_failed,1753176959,0.000000,,,,true,,POST,https://opensource-demo.orangehrmlive.com/web/index.php/auth/validate,HTTP/1.1,default,,302,,tls1.3,https://opensource-demo.orangehrmlive.com/web/index.php/auth/validate,,
http_reqs,1753176959,1.000000,,,,true,,GET,https://opensource-demo.orangehrmlive.com/web/index.php/auth/login,HTTP/1.1,default,,200,,tls1.3,https://opensource-demo.orangehrmlive.com/web/index.php/auth/login,,
http_req_duration,1753176959,1066.330200,,,,true,,GET,https://opensource-demo.orangehrmlive.com/web/index.php/auth/login,HTTP/1.1,default,,200,,tls1.3,https://opensource-demo.orangehrmlive.com/web/index.php/auth/login,,
http_req_blocked,1753176959,0.000000,,,,true,,GET,https://opensource-demo.orangehrmlive.com/web/index.php/auth/login,HTTP/1.1,default,,200,,tls1.3,https://opensource-demo.orangehrmlive.com/web/index.php/auth/login,,
http_req_connecting,1753176959,0.000000,,,,true,,GET,https://opensource-demo.orangehrmlive.com/web/index.php/auth/login,HTTP/1.1,default,,200,,tls1.3,https://opensource-demo.orangehrmlive.com/web/index.php/auth/login,,
http_req_tls_handshaking,1753176959,0.000000,,,,true,,GET,https://opensource-demo.orangehrmlive.com/web/index.php/auth/login,HTTP/1.1,default,,200,,tls1.3,https://opensource-demo.orangehrmlive.com/web/index.php/auth/login,,
http_req_sending,1753176959,0.000000,,,,true,,GET,https://opensource-demo.orangehrmlive.com/web/index.php/auth/login,HTTP/1.1,default,,200,,tls1.3,https://opensource-demo.orangehrmlive.com/web/index.php/auth/login,,
http_req_waiting,1753176959,1065.681100,,,,true,,GET,https://opensource-demo.orangehrmlive.com/web/index.php/auth/login,HTTP/1.1,default,,200,,tls1.3,https://opensource-demo.orangehrmlive.com/web/index.php/auth/login,,
http_req_receiving,1753176959,0.649100,,,,true,,GET,https://opensource-demo.orangehrmlive.com/web/index.php/auth/login,HTTP/1.1,default,,200,,tls1.3,https://opensource-demo.orangehrmlive.com/web/index.php/auth/login,,
http_req_failed,1753176959,0.000000,,,,true,,GET,https://opensource-demo.orangehrmlive.com/web/index.php/auth/login,HTTP/1.1,default,,200,,tls1.3,https://opensource-demo.orangehrmlive.com/web/index.php/auth/login,,
checks,1753176959,1.000000,status is 200 or redirect,,,,,,,,default,,,,,,,
checks,1753176959,1.000000,response is not empty,,,,,,,,default,,,,,,,
http_reqs,1753176959,1.000000,,,,true,,GET,https://opensource-demo.orangehrmlive.com/web/index.php/auth/login,HTTP/1.1,default,,200,,tls1.3,https://opensource-demo.orangehrmlive.com/web/index.php/auth/login,,
http_req_duration,1753176959,438.329000,,,,true,,GET,https://opensource-demo.orangehrmlive.com/web/index.php/auth/login,HTTP/1.1,default,,200,,tls1.3,https://opensource-demo.orangehrmlive.com/web/index.php/auth/login,,
http_req_blocked,1753176959,0.000000,,,,true,,GET,https://opensource-demo.orangehrmlive.com/web/index.php/auth/login,HTTP/1.1,default,,200,,tls1.3,https://opensource-demo.orangehrmlive.com/web/index.php/auth/login,,
http_req_connecting,1753176959,0.000000,,,,true,,GET,https://opensource-demo.orangehrmlive.com/web/index.php/auth/login,HTTP/1.1,default,,200,,tls1.3,https://opensource-demo.orangehrmlive.com/web/index.php/auth/login,,
http_req_tls_handshaking,1753176959,0.000000,,,,true,,GET,https://opensource-demo.orangehrmlive.com/web/index.php/auth/login,HTTP/1.1,default,,200,,tls1.3,https://opensource-demo.orangehrmlive.com/web/index.php/auth/login,,
http_req_sending,1753176959,0.000000,,,,true,,GET,https://opensource-demo.orangehrmlive.com/web/index.php/auth/login,HTTP/1.1,default,,200,,tls1.3,https://opensource-demo.orangehrmlive.com/web/index.php/auth/login,,
http_req_waiting,1753176959,438.329000,,,,true,,GET,https://opensource-demo.orangehrmlive.com/web/index.php/auth/login,HTTP/1.1,default,,200,,tls1.3,https://opensource-demo.orangehrmlive.com/web/index.php/auth/login,,
http_req_receiving,1753176959,0.000000,,,,true,,GET,https://opensource-demo.orangehrmlive.com/web/index.php/auth/login,HTTP/1.1,default,,200,,tls1.3,https://opensource-demo.orangehrmlive.com/web/index.php/auth/login,,
http_req_failed,1753176959,0.000000,,,,true,,GET,https://opensource-demo.orangehrmlive.com/web/index.php/auth/login,HTTP/1.1,default,,200,,tls1.3,https://opensource-demo.orangehrmlive.com/web/index.php/auth/login,,
checks,1753176959,1.000000,status is 200 or redirect,,,,,,,,default,,,,,,,
checks,1753176959,1.000000,response is not empty,,,,,,,,default,,,,,,,
http_reqs,1753176959,1.000000,,,,true,,POST,https://opensource-demo.orangehrmlive.com/web/index.php/auth/validate,HTTP/1.1,default,,302,,tls1.3,https://opensource-demo.orangehrmlive.com/web/index.php/auth/validate,,
http_req_duration,1753176959,744.434200,,,,true,,POST,https://opensource-demo.orangehrmlive.com/web/index.php/auth/validate,HTTP/1.1,default,,302,,tls1.3,https://opensource-demo.orangehrmlive.com/web/index.php/auth/validate,,
http_req_blocked,1753176959,0.000000,,,,true,,POST,https://opensource-demo.orangehrmlive.com/web/index.php/auth/validate,HTTP/1.1,default,,302,,tls1.3,https://opensource-demo.orangehrmlive.com/web/index.php/auth/validate,,
http_req_connecting,1753176959,0.000000,,,,true,,POST,https://opensource-demo.orangehrmlive.com/web/index.php/auth/validate,HTTP/1.1,default,,302,,tls1.3,https://opensource-demo.orangehrmlive.com/web/index.php/auth/validate,,
http_req_tls_handshaking,1753176959,0.000000,,,,true,,POST,https://opensource-demo.orangehrmlive.com/web/index.php/auth/validate,HTTP/1.1,default,,302,,tls1.3,https://opensource-demo.orangehrmlive.com/web/index.php/auth/validate,,
http_req_sending,1753176959,0.000000,,,,true,,POST,https://opensource-demo.orangehrmlive.com/web/index.php/auth/validate,HTTP/1.1,default,,302,,tls1.3,https://opensource-demo.orangehrmlive.com/web/index.php/auth/validate,,
http_req_waiting,1753176959,743.970500,,,,true,,POST,https://opensource-demo.orangehrmlive.com/web/index.php/auth/validate,HTTP/1.1,default,,302,,tls1.3,https://opensource-demo.orangehrmlive.com/web/index.php/auth/validate,,
http_req_receiving,1753176959,0.463700,,,,true,,POST,https://opensource-demo.orangehrmlive.com/web/index.php/auth/validate,HTTP/1.1,default,,302,,tls1.3,https://opensource-demo.orangehrmlive.com/web/index.php/auth/validate,,
http_req_failed,1753176959,0.000000,,,,true,,POST,https://opensource-demo.orangehrmlive.com/web/index.php/auth/validate,HTTP/1.1,default,,302,,tls1.3,https://opensource-demo.orangehrmlive.com/web/index.php/auth/validate,,
data_sent,1753176959,526.000000,,,,,,,,,default,,,,,,,
data_received,1753176959,7111.000000,,,,,,,,,default,,,,,,,
iteration_duration,1753176959,2689.991600,,,,,,,,,default,,,,,,,
iterations,1753176959,1.000000,,,,,,,,,default,,,,,,,
total_iterations,1753176959,1.000000,,,,,,,,,default,,,,,,,
http_reqs,1753176959,1.000000,,,,true,,POST,https://opensource-demo.orangehrmlive.com/web/index.php/auth/validate,HTTP/1.1,default,,302,,tls1.3,https://opensource-demo.orangehrmlive.com/web/index.php/auth/validate,,
http_req_duration,1753176959,915.217600,,,,true,,POST,https://opensource-demo.orangehrmlive.com/web/index.php/auth/validate,HTTP/1.1,default,,302,,tls1.3,https://opensource-demo.orangehrmlive.com/web/index.php/auth/validate,,
http_req_blocked,1753176959,0.000000,,,,true,,POST,https://opensource-demo.orangehrmlive.com/web/index.php/auth/validate,HTTP/1.1,default,,302,,tls1.3,https://opensource-demo.orangehrmlive.com/web/index.php/auth/validate,,
http_req_connecting,1753176959,0.000000,,,,true,,POST,https://opensource-demo.orangehrmlive.com/web/index.php/auth/validate,HTTP/1.1,default,,302,,tls1.3,https://opensource-demo.orangehrmlive.com/web/index.php/auth/validate,,
http_req_tls_handshaking,1753176959,0.000000,,,,true,,POST,https://opensource-demo.orangehrmlive.com/web/index.php/auth/validate,HTTP/1.1,default,,302,,tls1.3,https://opensource-demo.orangehrmlive.com/web/index.php/auth/validate,,
http_req_sending,1753176959,0.795500,,,,true,,POST,https://opensource-demo.orangehrmlive.com/web/index.php/auth/validate,HTTP/1.1,default,,302,,tls1.3,https://opensource-demo.orangehrmlive.com/web/index.php/auth/validate,,
http_req_waiting,1753176959,913.963400,,,,true,,POST,https://opensource-demo.orangehrmlive.com/web/index.php/auth/validate,HTTP/1.1,default,,302,,tls1.3,https://opensource-demo.orangehrmlive.com/web/index.php/auth/validate,,
http_req_receiving,1753176959,0.458700,,,,true,,POST,https://opensource-demo.orangehrmlive.com/web/index.php/auth/validate,HTTP/1.1,default,,302,,tls1.3,https://opensource-demo.orangehrmlive.com/web/index.php/auth/validate,,
http_req_failed,1753176959,0.000000,,,,true,,POST,https://opensource-demo.orangehrmlive.com/web/index.php/auth/validate,HTTP/1.1,default,,302,,tls1.3,https://opensource-demo.orangehrmlive.com/web/index.php/auth/validate,,
data_sent,1753176960,526.000000,,,,,,,,,default,,,,,,,
data_received,1753176960,7113.000000,,,,,,,,,default,,,,,,,
iteration_duration,1753176960,2675.896800,,,,,,,,,default,,,,,,,
iterations,1753176960,1.000000,,,,,,,,,default,,,,,,,
total_iterations,1753176960,1.000000,,,,,,,,,default,,,,,,,
http_reqs,1753176960,1.000000,,,,true,,GET,https://opensource-demo.orangehrmlive.com/web/index.php/auth/login,HTTP/1.1,default,,200,,tls1.3,https://opensource-demo.orangehrmlive.com/web/index.php/auth/login,,
http_req_duration,1753176960,1140.134500,,,,true,,GET,https://opensource-demo.orangehrmlive.com/web/index.php/auth/login,HTTP/1.1,default,,200,,tls1.3,https://opensource-demo.orangehrmlive.com/web/index.php/auth/login,,
http_req_blocked,1753176960,0.000000,,,,true,,GET,https://opensource-demo.orangehrmlive.com/web/index.php/auth/login,HTTP/1.1,default,,200,,tls1.3,https://opensource-demo.orangehrmlive.com/web/index.php/auth/login,,
http_req_connecting,1753176960,0.000000,,,,true,,GET,https://opensource-demo.orangehrmlive.com/web/index.php/auth/login,HTTP/1.1,default,,200,,tls1.3,https://opensource-demo.orangehrmlive.com/web/index.php/auth/login,,
http_req_tls_handshaking,1753176960,0.000000,,,,true,,GET,https://opensource-demo.orangehrmlive.com/web/index.php/auth/login,HTTP/1.1,default,,200,,tls1.3,https://opensource-demo.orangehrmlive.com/web/index.php/auth/login,,
http_req_sending,1753176960,0.000000,,,,true,,GET,https://opensource-demo.orangehrmlive.com/web/index.php/auth/login,HTTP/1.1,default,,200,,tls1.3,https://opensource-demo.orangehrmlive.com/web/index.php/auth/login,,
http_req_waiting,1753176960,1139.592200,,,,true,,GET,https://opensource-demo.orangehrmlive.com/web/index.php/auth/login,HTTP/1.1,default,,200,,tls1.3,https://opensource-demo.orangehrmlive.com/web/index.php/auth/login,,
http_req_receiving,1753176960,0.542300,,,,true,,GET,https://opensource-demo.orangehrmlive.com/web/index.php/auth/login,HTTP/1.1,default,,200,,tls1.3,https://opensource-demo.orangehrmlive.com/web/index.php/auth/login,,
http_req_failed,1753176960,0.000000,,,,true,,GET,https://opensource-demo.orangehrmlive.com/web/index.php/auth/login,HTTP/1.1,default,,200,,tls1.3,https://opensource-demo.orangehrmlive.com/web/index.php/auth/login,,
checks,1753176960,1.000000,status is 200 or redirect,,,,,,,,default,,,,,,,
checks,1753176960,1.000000,response is not empty,,,,,,,,default,,,,,,,
http_reqs,1753176960,1.000000,,,,true,,POST,https://opensource-demo.orangehrmlive.com/web/index.php/auth/validate,HTTP/1.1,default,,302,,tls1.3,https://opensource-demo.orangehrmlive.com/web/index.php/auth/validate,,
http_req_duration,1753176960,499.492500,,,,true,,POST,https://opensource-demo.orangehrmlive.com/web/index.php/auth/validate,HTTP/1.1,default,,302,,tls1.3,https://opensource-demo.orangehrmlive.com/web/index.php/auth/validate,,
http_req_blocked,1753176960,0.000000,,,,true,,POST,https://opensource-demo.orangehrmlive.com/web/index.php/auth/validate,HTTP/1.1,default,,302,,tls1.3,https://opensource-demo.orangehrmlive.com/web/index.php/auth/validate,,
http_req_connecting,1753176960,0.000000,,,,true,,POST,https://opensource-demo.orangehrmlive.com/web/index.php/auth/validate,HTTP/1.1,default,,302,,tls1.3,https://opensource-demo.orangehrmlive.com/web/index.php/auth/validate,,
http_req_tls_handshaking,1753176960,0.000000,,,,true,,POST,https://opensource-demo.orangehrmlive.com/web/index.php/auth/validate,HTTP/1.1,default,,302,,tls1.3,https://opensource-demo.orangehrmlive.com/web/index.php/auth/validate,,
http_req_sending,1753176960,0.000000,,,,true,,POST,https://opensource-demo.orangehrmlive.com/web/index.php/auth/validate,HTTP/1.1,default,,302,,tls1.3,https://opensource-demo.orangehrmlive.com/web/index.php/auth/validate,,
http_req_waiting,1753176960,498.812800,,,,true,,POST,https://opensource-demo.orangehrmlive.com/web/index.php/auth/validate,HTTP/1.1,default,,302,,tls1.3,https://opensource-demo.orangehrmlive.com/web/index.php/auth/validate,,
http_req_receiving,1753176960,0.679700,,,,true,,POST,https://opensource-demo.orangehrmlive.com/web/index.php/auth/validate,HTTP/1.1,default,,302,,tls1.3,https://opensource-demo.orangehrmlive.com/web/index.php/auth/validate,,
http_req_failed,1753176960,0.000000,,,,true,,POST,https://opensource-demo.orangehrmlive.com/web/index.php/auth/validate,HTTP/1.1,default,,302,,tls1.3,https://opensource-demo.orangehrmlive.com/web/index.php/auth/validate,,
vus,1753176960,10.000000,,,,,,,,,,,,,,,,
vus_max,1753176960,10.000000,,,,,,,,,,,,,,,,
http_reqs,1753176960,1.000000,,,,true,,POST,https://opensource-demo.orangehrmlive.com/web/index.php/auth/validate,HTTP/1.1,default,,302,,tls1.3,https://opensource-demo.orangehrmlive.com/web/index.php/auth/validate,,
http_req_duration,1753176960,898.602400,,,,true,,POST,https://opensource-demo.orangehrmlive.com/web/index.php/auth/validate,HTTP/1.1,default,,302,,tls1.3,https://opensource-demo.orangehrmlive.com/web/index.php/auth/validate,,
http_req_blocked,1753176960,0.000000,,,,true,,POST,https://opensource-demo.orangehrmlive.com/web/index.php/auth/validate,HTTP/1.1,default,,302,,tls1.3,https://opensource-demo.orangehrmlive.com/web/index.php/auth/validate,,
http_req_connecting,1753176960,0.000000,,,,true,,POST,https://opensource-demo.orangehrmlive.com/web/index.php/auth/validate,HTTP/1.1,default,,302,,tls1.3,https://opensource-demo.orangehrmlive.com/web/index.php/auth/validate,,
http_req_tls_handshaking,1753176960,0.000000,,,,true,,POST,https://opensource-demo.orangehrmlive.com/web/index.php/auth/validate,HTTP/1.1,default,,302,,tls1.3,https://opensource-demo.orangehrmlive.com/web/index.php/auth/validate,,
http_req_sending,1753176960,0.000000,,,,true,,POST,https://opensource-demo.orangehrmlive.com/web/index.php/auth/validate,HTTP/1.1,default,,302,,tls1.3,https://opensource-demo.orangehrmlive.com/web/index.php/auth/validate,,
http_req_waiting,1753176960,898.602400,,,,true,,POST,https://opensource-demo.orangehrmlive.com/web/index.php/auth/validate,HTTP/1.1,default,,302,,tls1.3,https://opensource-demo.orangehrmlive.com/web/index.php/auth/validate,,
http_req_receiving,1753176960,0.000000,,,,true,,POST,https://opensource-demo.orangehrmlive.com/web/index.php/auth/validate,HTTP/1.1,default,,302,,tls1.3,https://opensource-demo.orangehrmlive.com/web/index.php/auth/validate,,
http_req_failed,1753176960,0.000000,,,,true,,POST,https://opensource-demo.orangehrmlive.com/web/index.php/auth/validate,HTTP/1.1,default,,302,,tls1.3,https://opensource-demo.orangehrmlive.com/web/index.php/auth/validate,,
data_sent,1753176960,532.000000,,,,,,,,,default,,,,,,,
data_received,1753176960,7127.000000,,,,,,,,,default,,,,,,,
iteration_duration,1753176960,2767.746200,,,,,,,,,default,,,,,,,
iterations,1753176960,1.000000,,,,,,,,,default,,,,,,,
total_iterations,1753176960,1.000000,,,,,,,,,default,,,,,,,
http_reqs,1753176960,1.000000,,,,true,,GET,https://opensource-demo.orangehrmlive.com/web/index.php/auth/login,HTTP/1.1,default,,200,,tls1.3,https://opensource-demo.orangehrmlive.com/web/index.php/auth/login,,
http_req_duration,1753176960,855.647700,,,,true,,GET,https://opensource-demo.orangehrmlive.com/web/index.php/auth/login,HTTP/1.1,default,,200,,tls1.3,https://opensource-demo.orangehrmlive.com/web/index.php/auth/login,,
http_req_blocked,1753176960,0.000000,,,,true,,GET,https://opensource-demo.orangehrmlive.com/web/index.php/auth/login,HTTP/1.1,default,,200,,tls1.3,https://opensource-demo.orangehrmlive.com/web/index.php/auth/login,,
http_req_connecting,1753176960,0.000000,,,,true,,GET,https://opensource-demo.orangehrmlive.com/web/index.php/auth/login,HTTP/1.1,default,,200,,tls1.3,https://opensource-demo.orangehrmlive.com/web/index.php/auth/login,,
http_req_tls_handshaking,1753176960,0.000000,,,,true,,GET,https://opensource-demo.orangehrmlive.com/web/index.php/auth/login,HTTP/1.1,default,,200,,tls1.3,https://opensource-demo.orangehrmlive.com/web/index.php/auth/login,,
http_req_sending,1753176960,0.000000,,,,true,,GET,https://opensource-demo.orangehrmlive.com/web/index.php/auth/login,HTTP/1.1,default,,200,,tls1.3,https://opensource-demo.orangehrmlive.com/web/index.php/auth/login,,
http_req_waiting,1753176960,855.064700,,,,true,,GET,https://opensource-demo.orangehrmlive.com/web/index.php/auth/login,HTTP/1.1,default,,200,,tls1.3,https://opensource-demo.orangehrmlive.com/web/index.php/auth/login,,
http_req_receiving,1753176960,0.583000,,,,true,,GET,https://opensource-demo.orangehrmlive.com/web/index.php/auth/login,HTTP/1.1,default,,200,,tls1.3,https://opensource-demo.orangehrmlive.com/web/index.php/auth/login,,
http_req_failed,1753176960,0.000000,,,,true,,GET,https://opensource-demo.orangehrmlive.com/web/index.php/auth/login,HTTP/1.1,default,,200,,tls1.3,https://opensource-demo.orangehrmlive.com/web/index.php/auth/login,,
checks,1753176960,1.000000,status is 200 or redirect,,,,,,,,default,,,,,,,
checks,1753176960,1.000000,response is not empty,,,,,,,,default,,,,,,,
data_sent,1753176960,526.000000,,,,,,,,,default,,,,,,,
data_received,1753176960,7103.000000,,,,,,,,,default,,,,,,,
iteration_duration,1753176960,2921.390200,,,,,,,,,default,,,,,,,
iterations,1753176960,1.000000,,,,,,,,,default,,,,,,,
total_iterations,1753176960,1.000000,,,,,,,,,default,,,,,,,
data_sent,1753176960,526.000000,,,,,,,,,default,,,,,,,
data_received,1753176960,7120.000000,,,,,,,,,default,,,,,,,
iteration_duration,1753176960,2191.984000,,,,,,,,,default,,,,,,,
iterations,1753176960,1.000000,,,,,,,,,default,,,,,,,
total_iterations,1753176960,1.000000,,,,,,,,,default,,,,,,,
http_reqs,1753176960,1.000000,,,,true,,GET,https://opensource-demo.orangehrmlive.com/web/index.php/auth/login,HTTP/1.1,default,,200,,tls1.3,https://opensource-demo.orangehrmlive.com/web/index.php/auth/login,,
http_req_duration,1753176960,1043.010400,,,,true,,GET,https://opensource-demo.orangehrmlive.com/web/index.php/auth/login,HTTP/1.1,default,,200,,tls1.3,https://opensource-demo.orangehrmlive.com/web/index.php/auth/login,,
http_req_blocked,1753176960,0.000000,,,,true,,GET,https://opensource-demo.orangehrmlive.com/web/index.php/auth/login,HTTP/1.1,default,,200,,tls1.3,https://opensource-demo.orangehrmlive.com/web/index.php/auth/login,,
http_req_connecting,1753176960,0.000000,,,,true,,GET,https://opensource-demo.orangehrmlive.com/web/index.php/auth/login,HTTP/1.1,default,,200,,tls1.3,https://opensource-demo.orangehrmlive.com/web/index.php/auth/login,,
http_req_tls_handshaking,1753176960,0.000000,,,,true,,GET,https://opensource-demo.orangehrmlive.com/web/index.php/auth/login,HTTP/1.1,default,,200,,tls1.3,https://opensource-demo.orangehrmlive.com/web/index.php/auth/login,,
http_req_sending,1753176960,0.000000,,,,true,,GET,https://opensource-demo.orangehrmlive.com/web/index.php/auth/login,HTTP/1.1,default,,200,,tls1.3,https://opensource-demo.orangehrmlive.com/web/index.php/auth/login,,
http_req_waiting,1753176960,1042.614200,,,,true,,GET,https://opensource-demo.orangehrmlive.com/web/index.php/auth/login,HTTP/1.1,default,,200,,tls1.3,https://opensource-demo.orangehrmlive.com/web/index.php/auth/login,,
http_req_receiving,1753176960,0.396200,,,,true,,GET,https://opensource-demo.orangehrmlive.com/web/index.php/auth/login,HTTP/1.1,default,,200,,tls1.3,https://opensource-demo.orangehrmlive.com/web/index.php/auth/login,,
http_req_failed,1753176960,0.000000,,,,true,,GET,https://opensource-demo.orangehrmlive.com/web/index.php/auth/login,HTTP/1.1,default,,200,,tls1.3,https://opensource-demo.orangehrmlive.com/web/index.php/auth/login,,
checks,1753176960,1.000000,status is 200 or redirect,,,,,,,,default,,,,,,,
checks,1753176960,1.000000,response is not empty,,,,,,,,default,,,,,,,
http_reqs,1753176960,1.000000,,,,true,,GET,https://opensource-demo.orangehrmlive.com/web/index.php/auth/login,HTTP/1.1,default,,200,,tls1.3,https://opensource-demo.orangehrmlive.com/web/index.php/auth/login,,
http_req_duration,1753176960,1146.967200,,,,true,,GET,https://opensource-demo.orangehrmlive.com/web/index.php/auth/login,HTTP/1.1,default,,200,,tls1.3,https://opensource-demo.orangehrmlive.com/web/index.php/auth/login,,
http_req_blocked,1753176960,0.000000,,,,true,,GET,https://opensource-demo.orangehrmlive.com/web/index.php/auth/login,HTTP/1.1,default,,200,,tls1.3,https://opensource-demo.orangehrmlive.com/web/index.php/auth/login,,
http_req_connecting,1753176960,0.000000,,,,true,,GET,https://opensource-demo.orangehrmlive.com/web/index.php/auth/login,HTTP/1.1,default,,200,,tls1.3,https://opensource-demo.orangehrmlive.com/web/index.php/auth/login,,
http_req_tls_handshaking,1753176960,0.000000,,,,true,,GET,https://opensource-demo.orangehrmlive.com/web/index.php/auth/login,HTTP/1.1,default,,200,,tls1.3,https://opensource-demo.orangehrmlive.com/web/index.php/auth/login,,
http_req_sending,1753176960,0.000000,,,,true,,GET,https://opensource-demo.orangehrmlive.com/web/index.php/auth/login,HTTP/1.1,default,,200,,tls1.3,https://opensource-demo.orangehrmlive.com/web/index.php/auth/login,,
http_req_waiting,1753176960,1146.967200,,,,true,,GET,https://opensource-demo.orangehrmlive.com/web/index.php/auth/login,HTTP/1.1,default,,200,,tls1.3,https://opensource-demo.orangehrmlive.com/web/index.php/auth/login,,
http_req_receiving,1753176960,0.000000,,,,true,,GET,https://opensource-demo.orangehrmlive.com/web/index.php/auth/login,HTTP/1.1,default,,200,,tls1.3,https://opensource-demo.orangehrmlive.com/web/index.php/auth/login,,
http_req_failed,1753176960,0.000000,,,,true,,GET,https://opensource-demo.orangehrmlive.com/web/index.php/auth/login,HTTP/1.1,default,,200,,tls1.3,https://opensource-demo.orangehrmlive.com/web/index.php/auth/login,,
checks,1753176960,1.000000,status is 200 or redirect,,,,,,,,default,,,,,,,
checks,1753176960,1.000000,response is not empty,,,,,,,,default,,,,,,,
http_reqs,1753176961,1.000000,,,,true,,POST,https://opensource-demo.orangehrmlive.com/web/index.php/auth/validate,HTTP/1.1,default,,302,,tls1.3,https://opensource-demo.orangehrmlive.com/web/index.php/auth/validate,,
http_req_duration,1753176961,963.574900,,,,true,,POST,https://opensource-demo.orangehrmlive.com/web/index.php/auth/validate,HTTP/1.1,default,,302,,tls1.3,https://opensource-demo.orangehrmlive.com/web/index.php/auth/validate,,
http_req_blocked,1753176961,0.000000,,,,true,,POST,https://opensource-demo.orangehrmlive.com/web/index.php/auth/validate,HTTP/1.1,default,,302,,tls1.3,https://opensource-demo.orangehrmlive.com/web/index.php/auth/validate,,
http_req_connecting,1753176961,0.000000,,,,true,,POST,https://opensource-demo.orangehrmlive.com/web/index.php/auth/validate,HTTP/1.1,default,,302,,tls1.3,https://opensource-demo.orangehrmlive.com/web/index.php/auth/validate,,
http_req_tls_handshaking,1753176961,0.000000,,,,true,,POST,https://opensource-demo.orangehrmlive.com/web/index.php/auth/validate,HTTP/1.1,default,,302,,tls1.3,https://opensource-demo.orangehrmlive.com/web/index.php/auth/validate,,
http_req_sending,1753176961,0.000000,,,,true,,POST,https://opensource-demo.orangehrmlive.com/web/index.php/auth/validate,HTTP/1.1,default,,302,,tls1.3,https://opensource-demo.orangehrmlive.com/web/index.php/auth/validate,,
http_req_waiting,1753176961,963.574900,,,,true,,POST,https://opensource-demo.orangehrmlive.com/web/index.php/auth/validate,HTTP/1.1,default,,302,,tls1.3,https://opensource-demo.orangehrmlive.com/web/index.php/auth/validate,,
http_req_receiving,1753176961,0.000000,,,,true,,POST,https://opensource-demo.orangehrmlive.com/web/index.php/auth/validate,HTTP/1.1,default,,302,,tls1.3,https://opensource-demo.orangehrmlive.com/web/index.php/auth/validate,,
http_req_failed,1753176961,0.000000,,,,true,,POST,https://opensource-demo.orangehrmlive.com/web/index.php/auth/validate,HTTP/1.1,default,,302,,tls1.3,https://opensource-demo.orangehrmlive.com/web/index.php/auth/validate,,
http_reqs,1753176961,1.000000,,,,true,,POST,https://opensource-demo.orangehrmlive.com/web/index.php/auth/validate,HTTP/1.1,default,,302,,tls1.3,https://opensource-demo.orangehrmlive.com/web/index.php/auth/validate,,
http_req_duration,1753176961,586.348800,,,,true,,POST,https://opensource-demo.orangehrmlive.com/web/index.php/auth/validate,HTTP/1.1,default,,302,,tls1.3,https://opensource-demo.orangehrmlive.com/web/index.php/auth/validate,,
http_req_blocked,1753176961,0.000000,,,,true,,POST,https://opensource-demo.orangehrmlive.com/web/index.php/auth/validate,HTTP/1.1,default,,302,,tls1.3,https://opensource-demo.orangehrmlive.com/web/index.php/auth/validate,,
http_req_connecting,1753176961,0.000000,,,,true,,POST,https://opensource-demo.orangehrmlive.com/web/index.php/auth/validate,HTTP/1.1,default,,302,,tls1.3,https://opensource-demo.orangehrmlive.com/web/index.php/auth/validate,,
http_req_tls_handshaking,1753176961,0.000000,,,,true,,POST,https://opensource-demo.orangehrmlive.com/web/index.php/auth/validate,HTTP/1.1,default,,302,,tls1.3,https://opensource-demo.orangehrmlive.com/web/index.php/auth/validate,,
http_req_sending,1753176961,0.000000,,,,true,,POST,https://opensource-demo.orangehrmlive.com/web/index.php/auth/validate,HTTP/1.1,default,,302,,tls1.3,https://opensource-demo.orangehrmlive.com/web/index.php/auth/validate,,
http_req_waiting,1753176961,585.414300,,,,true,,POST,https://opensource-demo.orangehrmlive.com/web/index.php/auth/validate,HTTP/1.1,default,,302,,tls1.3,https://opensource-demo.orangehrmlive.com/web/index.php/auth/validate,,
http_req_receiving,1753176961,0.934500,,,,true,,POST,https://opensource-demo.orangehrmlive.com/web/index.php/auth/validate,HTTP/1.1,default,,302,,tls1.3,https://opensource-demo.orangehrmlive.com/web/index.php/auth/validate,,
http_req_failed,1753176961,0.000000,,,,true,,POST,https://opensource-demo.orangehrmlive.com/web/index.php/auth/validate,HTTP/1.1,default,,302,,tls1.3,https://opensource-demo.orangehrmlive.com/web/index.php/auth/validate,,
data_sent,1753176961,526.000000,,,,,,,,,default,,,,,,,
data_received,1753176961,7125.000000,,,,,,,,,default,,,,,,,
iteration_duration,1753176961,3050.481000,,,,,,,,,default,,,,,,,
iterations,1753176961,1.000000,,,,,,,,,default,,,,,,,
total_iterations,1753176961,1.000000,,,,,,,,,default,,,,,,,
vus,1753176961,10.000000,,,,,,,,,,,,,,,,
vus_max,1753176961,10.000000,,,,,,,,,,,,,,,,
http_reqs,1753176961,1.000000,,,,true,,GET,https://opensource-demo.orangehrmlive.com/web/index.php/auth/login,HTTP/1.1,default,,200,,tls1.3,https://opensource-demo.orangehrmlive.com/web/index.php/auth/login,,
http_req_duration,1753176961,958.846300,,,,true,,GET,https://opensource-demo.orangehrmlive.com/web/index.php/auth/login,HTTP/1.1,default,,200,,tls1.3,https://opensource-demo.orangehrmlive.com/web/index.php/auth/login,,
http_req_blocked,1753176961,0.000000,,,,true,,GET,https://opensource-demo.orangehrmlive.com/web/index.php/auth/login,HTTP/1.1,default,,200,,tls1.3,https://opensource-demo.orangehrmlive.com/web/index.php/auth/login,,
http_req_connecting,1753176961,0.000000,,,,true,,GET,https://opensource-demo.orangehrmlive.com/web/index.php/auth/login,HTTP/1.1,default,,200,,tls1.3,https://opensource-demo.orangehrmlive.com/web/index.php/auth/login,,
http_req_tls_handshaking,1753176961,0.000000,,,,true,,GET,https://opensource-demo.orangehrmlive.com/web/index.php/auth/login,HTTP/1.1,default,,200,,tls1.3,https://opensource-demo.orangehrmlive.com/web/index.php/auth/login,,
http_req_sending,1753176961,0.000000,,,,true,,GET,https://opensource-demo.orangehrmlive.com/web/index.php/auth/login,HTTP/1.1,default,,200,,tls1.3,https://opensource-demo.orangehrmlive.com/web/index.php/auth/login,,
http_req_waiting,1753176961,958.846300,,,,true,,GET,https://opensource-demo.orangehrmlive.com/web/index.php/auth/login,HTTP/1.1,default,,200,,tls1.3,https://opensource-demo.orangehrmlive.com/web/index.php/auth/login,,
http_req_receiving,1753176961,0.000000,,,,true,,GET,https://opensource-demo.orangehrmlive.com/web/index.php/auth/login,HTTP/1.1,default,,200,,tls1.3,https://opensource-demo.orangehrmlive.com/web/index.php/auth/login,,
http_req_failed,1753176961,0.000000,,,,true,,GET,https://opensource-demo.orangehrmlive.com/web/index.php/auth/login,HTTP/1.1,default,,200,,tls1.3,https://opensource-demo.orangehrmlive.com/web/index.php/auth/login,,
checks,1753176961,1.000000,status is 200 or redirect,,,,,,,,default,,,,,,,
checks,1753176961,1.000000,response is not empty,,,,,,,,default,,,,,,,
data_sent,1753176961,528.000000,,,,,,,,,default,,,,,,,
data_received,1753176961,7119.000000,,,,,,,,,default,,,,,,,
iteration_duration,1753176961,2763.252600,,,,,,,,,default,,,,,,,
iterations,1753176961,1.000000,,,,,,,,,default,,,,,,,
total_iterations,1753176961,1.000000,,,,,,,,,default,,,,,,,
http_reqs,1753176961,1.000000,,,,true,,GET,https://opensource-demo.orangehrmlive.com/web/index.php/auth/login,HTTP/1.1,default,,200,,tls1.3,https://opensource-demo.orangehrmlive.com/web/index.php/auth/login,,
http_req_duration,1753176961,1267.320500,,,,true,,GET,https://opensource-demo.orangehrmlive.com/web/index.php/auth/login,HTTP/1.1,default,,200,,tls1.3,https://opensource-demo.orangehrmlive.com/web/index.php/auth/login,,
http_req_blocked,1753176961,0.000000,,,,true,,GET,https://opensource-demo.orangehrmlive.com/web/index.php/auth/login,HTTP/1.1,default,,200,,tls1.3,https://opensource-demo.orangehrmlive.com/web/index.php/auth/login,,
http_req_connecting,1753176961,0.000000,,,,true,,GET,https://opensource-demo.orangehrmlive.com/web/index.php/auth/login,HTTP/1.1,default,,200,,tls1.3,https://opensource-demo.orangehrmlive.com/web/index.php/auth/login,,
http_req_tls_handshaking,1753176961,0.000000,,,,true,,GET,https://opensource-demo.orangehrmlive.com/web/index.php/auth/login,HTTP/1.1,default,,200,,tls1.3,https://opensource-demo.orangehrmlive.com/web/index.php/auth/login,,
http_req_sending,1753176961,0.000000,,,,true,,GET,https://opensource-demo.orangehrmlive.com/web/index.php/auth/login,HTTP/1.1,default,,200,,tls1.3,https://opensource-demo.orangehrmlive.com/web/index.php/auth/login,,
http_req_waiting,1753176961,1266.919900,,,,true,,GET,https://opensource-demo.orangehrmlive.com/web/index.php/auth/login,HTTP/1.1,default,,200,,tls1.3,https://opensource-demo.orangehrmlive.com/web/index.php/auth/login,,
http_req_receiving,1753176961,0.400600,,,,true,,GET,https://opensource-demo.orangehrmlive.com/web/index.php/auth/login,HTTP/1.1,default,,200,,tls1.3,https://opensource-demo.orangehrmlive.com/web/index.php/auth/login,,
http_req_failed,1753176961,0.000000,,,,true,,GET,https://opensource-demo.orangehrmlive.com/web/index.php/auth/login,HTTP/1.1,default,,200,,tls1.3,https://opensource-demo.orangehrmlive.com/web/index.php/auth/login,,
checks,1753176961,1.000000,status is 200 or redirect,,,,,,,,default,,,,,,,
checks,1753176961,1.000000,response is not empty,,,,,,,,default,,,,,,,
http_reqs,1753176961,1.000000,,,,true,,POST,https://opensource-demo.orangehrmlive.com/web/index.php/auth/validate,HTTP/1.1,default,,302,,tls1.3,https://opensource-demo.orangehrmlive.com/web/index.php/auth/validate,,
http_req_duration,1753176961,871.669200,,,,true,,POST,https://opensource-demo.orangehrmlive.com/web/index.php/auth/validate,HTTP/1.1,default,,302,,tls1.3,https://opensource-demo.orangehrmlive.com/web/index.php/auth/validate,,
http_req_blocked,1753176961,0.000000,,,,true,,POST,https://opensource-demo.orangehrmlive.com/web/index.php/auth/validate,HTTP/1.1,default,,302,,tls1.3,https://opensource-demo.orangehrmlive.com/web/index.php/auth/validate,,
http_req_connecting,1753176961,0.000000,,,,true,,POST,https://opensource-demo.orangehrmlive.com/web/index.php/auth/validate,HTTP/1.1,default,,302,,tls1.3,https://opensource-demo.orangehrmlive.com/web/index.php/auth/validate,,
http_req_tls_handshaking,1753176961,0.000000,,,,true,,POST,https://opensource-demo.orangehrmlive.com/web/index.php/auth/validate,HTTP/1.1,default,,302,,tls1.3,https://opensource-demo.orangehrmlive.com/web/index.php/auth/validate,,
http_req_sending,1753176961,0.000000,,,,true,,POST,https://opensource-demo.orangehrmlive.com/web/index.php/auth/validate,HTTP/1.1,default,,302,,tls1.3,https://opensource-demo.orangehrmlive.com/web/index.php/auth/validate,,
http_req_waiting,1753176961,870.159500,,,,true,,POST,https://opensource-demo.orangehrmlive.com/web/index.php/auth/validate,HTTP/1.1,default,,302,,tls1.3,https://opensource-demo.orangehrmlive.com/web/index.php/auth/validate,,
http_req_receiving,1753176961,1.509700,,,,true,,POST,https://opensource-demo.orangehrmlive.com/web/index.php/auth/validate,HTTP/1.1,default,,302,,tls1.3,https://opensource-demo.orangehrmlive.com/web/index.php/auth/validate,,
http_req_failed,1753176961,0.000000,,,,true,,POST,https://opensource-demo.orangehrmlive.com/web/index.php/auth/validate,HTTP/1.1,default,,302,,tls1.3,https://opensource-demo.orangehrmlive.com/web/index.php/auth/validate,,
http_reqs,1753176961,1.000000,,,,true,,POST,https://opensource-demo.orangehrmlive.com/web/index.php/auth/validate,HTTP/1.1,default,,302,,tls1.3,https://opensource-demo.orangehrmlive.com/web/index.php/auth/validate,,
http_req_duration,1753176961,1088.422500,,,,true,,POST,https://opensource-demo.orangehrmlive.com/web/index.php/auth/validate,HTTP/1.1,default,,302,,tls1.3,https://opensource-demo.orangehrmlive.com/web/index.php/auth/validate,,
http_req_blocked,1753176961,0.000000,,,,true,,POST,https://opensource-demo.orangehrmlive.com/web/index.php/auth/validate,HTTP/1.1,default,,302,,tls1.3,https://opensource-demo.orangehrmlive.com/web/index.php/auth/validate,,
http_req_connecting,1753176961,0.000000,,,,true,,POST,https://opensource-demo.orangehrmlive.com/web/index.php/auth/validate,HTTP/1.1,default,,302,,tls1.3,https://opensource-demo.orangehrmlive.com/web/index.php/auth/validate,,
http_req_tls_handshaking,1753176961,0.000000,,,,true,,POST,https://opensource-demo.orangehrmlive.com/web/index.php/auth/validate,HTTP/1.1,default,,302,,tls1.3,https://opensource-demo.orangehrmlive.com/web/index.php/auth/validate,,
http_req_sending,1753176961,0.000000,,,,true,,POST,https://opensource-demo.orangehrmlive.com/web/index.php/auth/validate,HTTP/1.1,default,,302,,tls1.3,https://opensource-demo.orangehrmlive.com/web/index.php/auth/validate,,
http_req_waiting,1753176961,1087.561100,,,,true,,POST,https://opensource-demo.orangehrmlive.com/web/index.php/auth/validate,HTTP/1.1,default,,302,,tls1.3,https://opensource-demo.orangehrmlive.com/web/index.php/auth/validate,,
http_req_receiving,1753176961,0.861400,,,,true,,POST,https://opensource-demo.orangehrmlive.com/web/index.php/auth/validate,HTTP/1.1,default,,302,,tls1.3,https://opensource-demo.orangehrmlive.com/web/index.php/auth/validate,,
http_req_failed,1753176961,0.000000,,,,true,,POST,https://opensource-demo.orangehrmlive.com/web/index.php/auth/validate,HTTP/1.1,default,,302,,tls1.3,https://opensource-demo.orangehrmlive.com/web/index.php/auth/validate,,
data_sent,1753176961,528.000000,,,,,,,,,default,,,,,,,
data_received,1753176961,7126.000000,,,,,,,,,default,,,,,,,
iteration_duration,1753176961,2958.310200,,,,,,,,,default,,,,,,,
iterations,1753176961,1.000000,,,,,,,,,default,,,,,,,
total_iterations,1753176961,1.000000,,,,,,,,,default,,,,,,,
data_sent,1753176961,526.000000,,,,,,,,,default,,,,,,,
data_received,1753176961,7127.000000,,,,,,,,,default,,,,,,,
iteration_duration,1753176961,2892.170700,,,,,,,,,default,,,,,,,
iterations,1753176961,1.000000,,,,,,,,,default,,,,,,,
total_iterations,1753176961,1.000000,,,,,,,,,default,,,,,,,
http_reqs,1753176962,1.000000,,,,true,,GET,https://opensource-demo.orangehrmlive.com/web/index.php/auth/login,HTTP/1.1,default,,200,,tls1.3,https://opensource-demo.orangehrmlive.com/web/index.php/auth/login,,
http_req_duration,1753176962,1099.038400,,,,true,,GET,https://opensource-demo.orangehrmlive.com/web/index.php/auth/login,HTTP/1.1,default,,200,,tls1.3,https://opensource-demo.orangehrmlive.com/web/index.php/auth/login,,
http_req_blocked,1753176962,0.000000,,,,true,,GET,https://opensource-demo.orangehrmlive.com/web/index.php/auth/login,HTTP/1.1,default,,200,,tls1.3,https://opensource-demo.orangehrmlive.com/web/index.php/auth/login,,
http_req_connecting,1753176962,0.000000,,,,true,,GET,https://opensource-demo.orangehrmlive.com/web/index.php/auth/login,HTTP/1.1,default,,200,,tls1.3,https://opensource-demo.orangehrmlive.com/web/index.php/auth/login,,
http_req_tls_handshaking,1753176962,0.000000,,,,true,,GET,https://opensource-demo.orangehrmlive.com/web/index.php/auth/login,HTTP/1.1,default,,200,,tls1.3,https://opensource-demo.orangehrmlive.com/web/index.php/auth/login,,
http_req_sending,1753176962,0.000000,,,,true,,GET,https://opensource-demo.orangehrmlive.com/web/index.php/auth/login,HTTP/1.1,default,,200,,tls1.3,https://opensource-demo.orangehrmlive.com/web/index.php/auth/login,,
http_req_waiting,1753176962,1099.038400,,,,true,,GET,https://opensource-demo.orangehrmlive.com/web/index.php/auth/login,HTTP/1.1,default,,200,,tls1.3,https://opensource-demo.orangehrmlive.com/web/index.php/auth/login,,
http_req_receiving,1753176962,0.000000,,,,true,,GET,https://opensource-demo.orangehrmlive.com/web/index.php/auth/login,HTTP/1.1,default,,200,,tls1.3,https://opensource-demo.orangehrmlive.com/web/index.php/auth/login,,
http_req_failed,1753176962,0.000000,,,,true,,GET,https://opensource-demo.orangehrmlive.com/web/index.php/auth/login,HTTP/1.1,default,,200,,tls1.3,https://opensource-demo.orangehrmlive.com/web/index.php/auth/login,,
checks,1753176962,1.000000,status is 200 or redirect,,,,,,,,default,,,,,,,
checks,1753176962,1.000000,response is not empty,,,,,,,,default,,,,,,,
vus,1753176962,10.000000,,,,,,,,,,,,,,,,
vus_max,1753176962,10.000000,,,,,,,,,,,,,,,,
data_sent,1753176962,528.000000,,,,,,,,,default,,,,,,,
data_received,1753176962,7127.000000,,,,,,,,,default,,,,,,,
iteration_duration,1753176962,2858.261400,,,,,,,,,default,,,,,,,
iterations,1753176962,1.000000,,,,,,,,,default,,,,,,,
total_iterations,1753176962,1.000000,,,,,,,,,default,,,,,,,
http_reqs,1753176962,1.000000,,,,true,,POST,https://opensource-demo.orangehrmlive.com/web/index.php/auth/validate,HTTP/1.1,default,,302,,tls1.3,https://opensource-demo.orangehrmlive.com/web/index.php/auth/validate,,
http_req_duration,1753176962,1356.868400,,,,true,,POST,https://opensource-demo.orangehrmlive.com/web/index.php/auth/validate,HTTP/1.1,default,,302,,tls1.3,https://opensource-demo.orangehrmlive.com/web/index.php/auth/validate,,
http_req_blocked,1753176962,0.000000,,,,true,,POST,https://opensource-demo.orangehrmlive.com/web/index.php/auth/validate,HTTP/1.1,default,,302,,tls1.3,https://opensource-demo.orangehrmlive.com/web/index.php/auth/validate,,
http_req_connecting,1753176962,0.000000,,,,true,,POST,https://opensource-demo.orangehrmlive.com/web/index.php/auth/validate,HTTP/1.1,default,,302,,tls1.3,https://opensource-demo.orangehrmlive.com/web/index.php/auth/validate,,
http_req_tls_handshaking,1753176962,0.000000,,,,true,,POST,https://opensource-demo.orangehrmlive.com/web/index.php/auth/validate,HTTP/1.1,default,,302,,tls1.3,https://opensource-demo.orangehrmlive.com/web/index.php/auth/validate,,
http_req_sending,1753176962,0.688300,,,,true,,POST,https://opensource-demo.orangehrmlive.com/web/index.php/auth/validate,HTTP/1.1,default,,302,,tls1.3,https://opensource-demo.orangehrmlive.com/web/index.php/auth/validate,,
http_req_waiting,1753176962,1355.762600,,,,true,,POST,https://opensource-demo.orangehrmlive.com/web/index.php/auth/validate,HTTP/1.1,default,,302,,tls1.3,https://opensource-demo.orangehrmlive.com/web/index.php/auth/validate,,
http_req_receiving,1753176962,0.417500,,,,true,,POST,https://opensource-demo.orangehrmlive.com/web/index.php/auth/validate,HTTP/1.1,default,,302,,tls1.3,https://opensource-demo.orangehrmlive.com/web/index.php/auth/validate,,
http_req_failed,1753176962,0.000000,,,,true,,POST,https://opensource-demo.orangehrmlive.com/web/index.php/auth/validate,HTTP/1.1,default,,302,,tls1.3,https://opensource-demo.orangehrmlive.com/web/index.php/auth/validate,,
data_sent,1753176962,528.000000,,,,,,,,,default,,,,,,,
data_received,1753176962,7100.000000,,,,,,,,,default,,,,,,,
iteration_duration,1753176962,2768.168300,,,,,,,,,default,,,,,,,
iterations,1753176962,1.000000,,,,,,,,,default,,,,,,,
total_iterations,1753176962,1.000000,,,,,,,,,default,,,,,,,
http_reqs,1753176962,1.000000,,,,true,,GET,https://opensource-demo.orangehrmlive.com/web/index.php/auth/login,HTTP/1.1,default,,200,,tls1.3,https://opensource-demo.orangehrmlive.com/web/index.php/auth/login,,
http_req_duration,1753176962,1466.800700,,,,true,,GET,https://opensource-demo.orangehrmlive.com/web/index.php/auth/login,HTTP/1.1,default,,200,,tls1.3,https://opensource-demo.orangehrmlive.com/web/index.php/auth/login,,
http_req_blocked,1753176962,0.000000,,,,true,,GET,https://opensource-demo.orangehrmlive.com/web/index.php/auth/login,HTTP/1.1,default,,200,,tls1.3,https://opensource-demo.orangehrmlive.com/web/index.php/auth/login,,
http_req_connecting,1753176962,0.000000,,,,true,,GET,https://opensource-demo.orangehrmlive.com/web/index.php/auth/login,HTTP/1.1,default,,200,,tls1.3,https://opensource-demo.orangehrmlive.com/web/index.php/auth/login,,
http_req_tls_handshaking,1753176962,0.000000,,,,true,,GET,https://opensource-demo.orangehrmlive.com/web/index.php/auth/login,HTTP/1.1,default,,200,,tls1.3,https://opensource-demo.orangehrmlive.com/web/index.php/auth/login,,
http_req_sending,1753176962,0.000000,,,,true,,GET,https://opensource-demo.orangehrmlive.com/web/index.php/auth/login,HTTP/1.1,default,,200,,tls1.3,https://opensource-demo.orangehrmlive.com/web/index.php/auth/login,,
http_req_waiting,1753176962,1466.800700,,,,true,,GET,https://opensource-demo.orangehrmlive.com/web/index.php/auth/login,HTTP/1.1,default,,200,,tls1.3,https://opensource-demo.orangehrmlive.com/web/index.php/auth/login,,
http_req_receiving,1753176962,0.000000,,,,true,,GET,https://opensource-demo.orangehrmlive.com/web/index.php/auth/login,HTTP/1.1,default,,200,,tls1.3,https://opensource-demo.orangehrmlive.com/web/index.php/auth/login,,
http_req_failed,1753176962,0.000000,,,,true,,GET,https://opensource-demo.orangehrmlive.com/web/index.php/auth/login,HTTP/1.1,default,,200,,tls1.3,https://opensource-demo.orangehrmlive.com/web/index.php/auth/login,,
checks,1753176962,1.000000,status is 200 or redirect,,,,,,,,default,,,,,,,
checks,1753176962,1.000000,response is not empty,,,,,,,,default,,,,,,,
http_reqs,1753176962,1.000000,,,,true,,GET,https://opensource-demo.orangehrmlive.com/web/index.php/auth/login,HTTP/1.1,default,,200,,tls1.3,https://opensource-demo.orangehrmlive.com/web/index.php/auth/login,,
http_req_duration,1753176962,1108.617500,,,,true,,GET,https://opensource-demo.orangehrmlive.com/web/index.php/auth/login,HTTP/1.1,default,,200,,tls1.3,https://opensource-demo.orangehrmlive.com/web/index.php/auth/login,,
http_req_blocked,1753176962,0.000000,,,,true,,GET,https://opensource-demo.orangehrmlive.com/web/index.php/auth/login,HTTP/1.1,default,,200,,tls1.3,https://opensource-demo.orangehrmlive.com/web/index.php/auth/login,,
http_req_connecting,1753176962,0.000000,,,,true,,GET,https://opensource-demo.orangehrmlive.com/web/index.php/auth/login,HTTP/1.1,default,,200,,tls1.3,https://opensource-demo.orangehrmlive.com/web/index.php/auth/login,,
http_req_tls_handshaking,1753176962,0.000000,,,,true,,GET,https://opensource-demo.orangehrmlive.com/web/index.php/auth/login,HTTP/1.1,default,,200,,tls1.3,https://opensource-demo.orangehrmlive.com/web/index.php/auth/login,,
http_req_sending,1753176962,0.000000,,,,true,,GET,https://opensource-demo.orangehrmlive.com/web/index.php/auth/login,HTTP/1.1,default,,200,,tls1.3,https://opensource-demo.orangehrmlive.com/web/index.php/auth/login,,
http_req_waiting,1753176962,1108.037200,,,,true,,GET,https://opensource-demo.orangehrmlive.com/web/index.php/auth/login,HTTP/1.1,default,,200,,tls1.3,https://opensource-demo.orangehrmlive.com/web/index.php/auth/login,,
http_req_receiving,1753176962,0.580300,,,,true,,GET,https://opensource-demo.orangehrmlive.com/web/index.php/auth/login,HTTP/1.1,default,,200,,tls1.3,https://opensource-demo.orangehrmlive.com/web/index.php/auth/login,,
http_req_failed,1753176962,0.000000,,,,true,,GET,https://opensource-demo.orangehrmlive.com/web/index.php/auth/login,HTTP/1.1,default,,200,,tls1.3,https://opensource-demo.orangehrmlive.com/web/index.php/auth/login,,
checks,1753176962,1.000000,status is 200 or redirect,,,,,,,,default,,,,,,,
checks,1753176962,1.000000,response is not empty,,,,,,,,default,,,,,,,
data_sent,1753176963,526.000000,,,,,,,,,default,,,,,,,
data_received,1753176963,7122.000000,,,,,,,,,default,,,,,,,
iteration_duration,1753176963,3064.390300,,,,,,,,,default,,,,,,,
iterations,1753176963,1.000000,,,,,,,,,default,,,,,,,
total_iterations,1753176963,1.000000,,,,,,,,,default,,,,,,,
http_reqs,1753176963,1.000000,,,,true,,POST,https://opensource-demo.orangehrmlive.com/web/index.php/auth/validate,HTTP/1.1,default,,302,,tls1.3,https://opensource-demo.orangehrmlive.com/web/index.php/auth/validate,,
http_req_duration,1753176963,1140.692400,,,,true,,POST,https://opensource-demo.orangehrmlive.com/web/index.php/auth/validate,HTTP/1.1,default,,302,,tls1.3,https://opensource-demo.orangehrmlive.com/web/index.php/auth/validate,,
http_req_blocked,1753176963,0.000000,,,,true,,POST,https://opensource-demo.orangehrmlive.com/web/index.php/auth/validate,HTTP/1.1,default,,302,,tls1.3,https://opensource-demo.orangehrmlive.com/web/index.php/auth/validate,,
http_req_connecting,1753176963,0.000000,,,,true,,POST,https://opensource-demo.orangehrmlive.com/web/index.php/auth/validate,HTTP/1.1,default,,302,,tls1.3,https://opensource-demo.orangehrmlive.com/web/index.php/auth/validate,,
http_req_tls_handshaking,1753176963,0.000000,,,,true,,POST,https://opensource-demo.orangehrmlive.com/web/index.php/auth/validate,HTTP/1.1,default,,302,,tls1.3,https://opensource-demo.orangehrmlive.com/web/index.php/auth/validate,,
http_req_sending,1753176963,0.508000,,,,true,,POST,https://opensource-demo.orangehrmlive.com/web/index.php/auth/validate,HTTP/1.1,default,,302,,tls1.3,https://opensource-demo.orangehrmlive.com/web/index.php/auth/validate,,
http_req_waiting,1753176963,1140.184400,,,,true,,POST,https://opensource-demo.orangehrmlive.com/web/index.php/auth/validate,HTTP/1.1,default,,302,,tls1.3,https://opensource-demo.orangehrmlive.com/web/index.php/auth/validate,,
http_req_receiving,1753176963,0.000000,,,,true,,POST,https://opensource-demo.orangehrmlive.com/web/index.php/auth/validate,HTTP/1.1,default,,302,,tls1.3,https://opensource-demo.orangehrmlive.com/web/index.php/auth/validate,,
http_req_failed,1753176963,0.000000,,,,true,,POST,https://opensource-demo.orangehrmlive.com/web/index.php/auth/validate,HTTP/1.1,default,,302,,tls1.3,https://opensource-demo.orangehrmlive.com/web/index.php/auth/validate,,
http_reqs,1753176963,1.000000,,,,true,,POST,https://opensource-demo.orangehrmlive.com/web/index.php/auth/validate,HTTP/1.1,default,,302,,tls1.3,https://opensource-demo.orangehrmlive.com/web/index.php/auth/validate,,
http_req_duration,1753176963,1735.005600,,,,true,,POST,https://opensource-demo.orangehrmlive.com/web/index.php/auth/validate,HTTP/1.1,default,,302,,tls1.3,https://opensource-demo.orangehrmlive.com/web/index.php/auth/validate,,
http_req_blocked,1753176963,0.000000,,,,true,,POST,https://opensource-demo.orangehrmlive.com/web/index.php/auth/validate,HTTP/1.1,default,,302,,tls1.3,https://opensource-demo.orangehrmlive.com/web/index.php/auth/validate,,
http_req_connecting,1753176963,0.000000,,,,true,,POST,https://opensource-demo.orangehrmlive.com/web/index.php/auth/validate,HTTP/1.1,default,,302,,tls1.3,https://opensource-demo.orangehrmlive.com/web/index.php/auth/validate,,
http_req_tls_handshaking,1753176963,0.000000,,,,true,,POST,https://opensource-demo.orangehrmlive.com/web/index.php/auth/validate,HTTP/1.1,default,,302,,tls1.3,https://opensource-demo.orangehrmlive.com/web/index.php/auth/validate,,
http_req_sending,1753176963,0.752300,,,,true,,POST,https://opensource-demo.orangehrmlive.com/web/index.php/auth/validate,HTTP/1.1,default,,302,,tls1.3,https://opensource-demo.orangehrmlive.com/web/index.php/auth/validate,,
http_req_waiting,1753176963,1734.253300,,,,true,,POST,https://opensource-demo.orangehrmlive.com/web/index.php/auth/validate,HTTP/1.1,default,,302,,tls1.3,https://opensource-demo.orangehrmlive.com/web/index.php/auth/validate,,
http_req_receiving,1753176963,0.000000,,,,true,,POST,https://opensource-demo.orangehrmlive.com/web/index.php/auth/validate,HTTP/1.1,default,,302,,tls1.3,https://opensource-demo.orangehrmlive.com/web/index.php/auth/validate,,
http_req_failed,1753176963,0.000000,,,,true,,POST,https://opensource-demo.orangehrmlive.com/web/index.php/auth/validate,HTTP/1.1,default,,302,,tls1.3,https://opensource-demo.orangehrmlive.com/web/index.php/auth/validate,,
vus,1753176963,10.000000,,,,,,,,,,,,,,,,
vus_max,1753176963,10.000000,,,,,,,,,,,,,,,,
http_reqs,1753176963,1.000000,,,,true,,GET,https://opensource-demo.orangehrmlive.com/web/index.php/auth/login,HTTP/1.1,default,,200,,tls1.3,https://opensource-demo.orangehrmlive.com/web/index.php/auth/login,,
http_req_duration,1753176963,1691.512700,,,,true,,GET,https://opensource-demo.orangehrmlive.com/web/index.php/auth/login,HTTP/1.1,default,,200,,tls1.3,https://opensource-demo.orangehrmlive.com/web/index.php/auth/login,,
http_req_blocked,1753176963,0.000000,,,,true,,GET,https://opensource-demo.orangehrmlive.com/web/index.php/auth/login,HTTP/1.1,default,,200,,tls1.3,https://opensource-demo.orangehrmlive.com/web/index.php/auth/login,,
http_req_connecting,1753176963,0.000000,,,,true,,GET,https://opensource-demo.orangehrmlive.com/web/index.php/auth/login,HTTP/1.1,default,,200,,tls1.3,https://opensource-demo.orangehrmlive.com/web/index.php/auth/login,,
http_req_tls_handshaking,1753176963,0.000000,,,,true,,GET,https://opensource-demo.orangehrmlive.com/web/index.php/auth/login,HTTP/1.1,default,,200,,tls1.3,https://opensource-demo.orangehrmlive.com/web/index.php/auth/login,,
http_req_sending,1753176963,0.000000,,,,true,,GET,https://opensource-demo.orangehrmlive.com/web/index.php/auth/login,HTTP/1.1,default,,200,,tls1.3,https://opensource-demo.orangehrmlive.com/web/index.php/auth/login,,
http_req_waiting,1753176963,1690.949900,,,,true,,GET,https://opensource-demo.orangehrmlive.com/web/index.php/auth/login,HTTP/1.1,default,,200,,tls1.3,https://opensource-demo.orangehrmlive.com/web/index.php/auth/login,,
http_req_receiving,1753176963,0.562800,,,,true,,GET,https://opensource-demo.orangehrmlive.com/web/index.php/auth/login,HTTP/1.1,default,,200,,tls1.3,https://opensource-demo.orangehrmlive.com/web/index.php/auth/login,,
http_req_failed,1753176963,0.000000,,,,true,,GET,https://opensource-demo.orangehrmlive.com/web/index.php/auth/login,HTTP/1.1,default,,200,,tls1.3,https://opensource-demo.orangehrmlive.com/web/index.php/auth/login,,
checks,1753176963,1.000000,status is 200 or redirect,,,,,,,,default,,,,,,,
checks,1753176963,1.000000,response is not empty,,,,,,,,default,,,,,,,
data_sent,1753176963,526.000000,,,,,,,,,default,,,,,,,
data_received,1753176963,7124.000000,,,,,,,,,default,,,,,,,
iteration_duration,1753176963,3054.434500,,,,,,,,,default,,,,,,,
iterations,1753176963,1.000000,,,,,,,,,default,,,,,,,
total_iterations,1753176963,1.000000,,,,,,,,,default,,,,,,,
data_sent,1753176963,526.000000,,,,,,,,,default,,,,,,,
data_received,1753176963,7104.000000,,,,,,,,,default,,,,,,,
iteration_duration,1753176963,2981.284500,,,,,,,,,default,,,,,,,
iterations,1753176963,1.000000,,,,,,,,,default,,,,,,,
total_iterations,1753176963,1.000000,,,,,,,,,default,,,,,,,
http_reqs,1753176963,1.000000,,,,true,,POST,https://opensource-demo.orangehrmlive.com/web/index.php/auth/validate,HTTP/1.1,default,,302,,tls1.3,https://opensource-demo.orangehrmlive.com/web/index.php/auth/validate,,
http_req_duration,1753176963,1988.631400,,,,true,,POST,https://opensource-demo.orangehrmlive.com/web/index.php/auth/validate,HTTP/1.1,default,,302,,tls1.3,https://opensource-demo.orangehrmlive.com/web/index.php/auth/validate,,
http_req_blocked,1753176963,0.000000,,,,true,,POST,https://opensource-demo.orangehrmlive.com/web/index.php/auth/validate,HTTP/1.1,default,,302,,tls1.3,https://opensource-demo.orangehrmlive.com/web/index.php/auth/validate,,
http_req_connecting,1753176963,0.000000,,,,true,,POST,https://opensource-demo.orangehrmlive.com/web/index.php/auth/validate,HTTP/1.1,default,,302,,tls1.3,https://opensource-demo.orangehrmlive.com/web/index.php/auth/validate,,
http_req_tls_handshaking,1753176963,0.000000,,,,true,,POST,https://opensource-demo.orangehrmlive.com/web/index.php/auth/validate,HTTP/1.1,default,,302,,tls1.3,https://opensource-demo.orangehrmlive.com/web/index.php/auth/validate,,
http_req_sending,1753176963,0.000000,,,,true,,POST,https://opensource-demo.orangehrmlive.com/web/index.php/auth/validate,HTTP/1.1,default,,302,,tls1.3,https://opensource-demo.orangehrmlive.com/web/index.php/auth/validate,,
http_req_waiting,1753176963,1988.244200,,,,true,,POST,https://opensource-demo.orangehrmlive.com/web/index.php/auth/validate,HTTP/1.1,default,,302,,tls1.3,https://opensource-demo.orangehrmlive.com/web/index.php/auth/validate,,
http_req_receiving,1753176963,0.387200,,,,true,,POST,https://opensource-demo.orangehrmlive.com/web/index.php/auth/validate,HTTP/1.1,default,,302,,tls1.3,https://opensource-demo.orangehrmlive.com/web/index.php/auth/validate,,
http_req_failed,1753176963,0.000000,,,,true,,POST,https://opensource-demo.orangehrmlive.com/web/index.php/auth/validate,HTTP/1.1,default,,302,,tls1.3,https://opensource-demo.orangehrmlive.com/web/index.php/auth/validate,,
http_reqs,1753176963,1.000000,,,,true,,GET,https://opensource-demo.orangehrmlive.com/web/index.php/auth/login,HTTP/1.1,default,,200,,tls1.3,https://opensource-demo.orangehrmlive.com/web/index.php/auth/login,,
http_req_duration,1753176963,845.090700,,,,true,,GET,https://opensource-demo.orangehrmlive.com/web/index.php/auth/login,HTTP/1.1,default,,200,,tls1.3,https://opensource-demo.orangehrmlive.com/web/index.php/auth/login,,
http_req_blocked,1753176963,0.000000,,,,true,,GET,https://opensource-demo.orangehrmlive.com/web/index.php/auth/login,HTTP/1.1,default,,200,,tls1.3,https://opensource-demo.orangehrmlive.com/web/index.php/auth/login,,
http_req_connecting,1753176963,0.000000,,,,true,,GET,https://opensource-demo.orangehrmlive.com/web/index.php/auth/login,HTTP/1.1,default,,200,,tls1.3,https://opensource-demo.orangehrmlive.com/web/index.php/auth/login,,
http_req_tls_handshaking,1753176963,0.000000,,,,true,,GET,https://opensource-demo.orangehrmlive.com/web/index.php/auth/login,HTTP/1.1,default,,200,,tls1.3,https://opensource-demo.orangehrmlive.com/web/index.php/auth/login,,
http_req_sending,1753176963,0.000000,,,,true,,GET,https://opensource-demo.orangehrmlive.com/web/index.php/auth/login,HTTP/1.1,default,,200,,tls1.3,https://opensource-demo.orangehrmlive.com/web/index.php/auth/login,,
http_req_waiting,1753176963,845.090700,,,,true,,GET,https://opensource-demo.orangehrmlive.com/web/index.php/auth/login,HTTP/1.1,default,,200,,tls1.3,https://opensource-demo.orangehrmlive.com/web/index.php/auth/login,,
http_req_receiving,1753176963,0.000000,,,,true,,GET,https://opensource-demo.orangehrmlive.com/web/index.php/auth/login,HTTP/1.1,default,,200,,tls1.3,https://opensource-demo.orangehrmlive.com/web/index.php/auth/login,,
http_req_failed,1753176963,0.000000,,,,true,,GET,https://opensource-demo.orangehrmlive.com/web/index.php/auth/login,HTTP/1.1,default,,200,,tls1.3,https://opensource-demo.orangehrmlive.com/web/index.php/auth/login,,
checks,1753176963,1.000000,status is 200 or redirect,,,,,,,,default,,,,,,,
checks,1753176963,1.000000,response is not empty,,,,,,,,default,,,,,,,
http_reqs,1753176964,1.000000,,,,true,,POST,https://opensource-demo.orangehrmlive.com/web/index.php/auth/validate,HTTP/1.1,default,,302,,tls1.3,https://opensource-demo.orangehrmlive.com/web/index.php/auth/validate,,
http_req_duration,1753176964,1411.522500,,,,true,,POST,https://opensource-demo.orangehrmlive.com/web/index.php/auth/validate,HTTP/1.1,default,,302,,tls1.3,https://opensource-demo.orangehrmlive.com/web/index.php/auth/validate,,
http_req_blocked,1753176964,0.000000,,,,true,,POST,https://opensource-demo.orangehrmlive.com/web/index.php/auth/validate,HTTP/1.1,default,,302,,tls1.3,https://opensource-demo.orangehrmlive.com/web/index.php/auth/validate,,
http_req_connecting,1753176964,0.000000,,,,true,,POST,https://opensource-demo.orangehrmlive.com/web/index.php/auth/validate,HTTP/1.1,default,,302,,tls1.3,https://opensource-demo.orangehrmlive.com/web/index.php/auth/validate,,
http_req_tls_handshaking,1753176964,0.000000,,,,true,,POST,https://opensource-demo.orangehrmlive.com/web/index.php/auth/validate,HTTP/1.1,default,,302,,tls1.3,https://opensource-demo.orangehrmlive.com/web/index.php/auth/validate,,
http_req_sending,1753176964,0.000000,,,,true,,POST,https://opensource-demo.orangehrmlive.com/web/index.php/auth/validate,HTTP/1.1,default,,302,,tls1.3,https://opensource-demo.orangehrmlive.com/web/index.php/auth/validate,,
http_req_waiting,1753176964,1410.696900,,,,true,,POST,https://opensource-demo.orangehrmlive.com/web/index.php/auth/validate,HTTP/1.1,default,,302,,tls1.3,https://opensource-demo.orangehrmlive.com/web/index.php/auth/validate,,
http_req_receiving,1753176964,0.825600,,,,true,,POST,https://opensource-demo.orangehrmlive.com/web/index.php/auth/validate,HTTP/1.1,default,,302,,tls1.3,https://opensource-demo.orangehrmlive.com/web/index.php/auth/validate,,
http_req_failed,1753176964,0.000000,,,,true,,POST,https://opensource-demo.orangehrmlive.com/web/index.php/auth/validate,HTTP/1.1,default,,302,,tls1.3,https://opensource-demo.orangehrmlive.com/web/index.php/auth/validate,,
http_reqs,1753176964,1.000000,,,,true,,POST,https://opensource-demo.orangehrmlive.com/web/index.php/auth/validate,HTTP/1.1,default,,302,,tls1.3,https://opensource-demo.orangehrmlive.com/web/index.php/auth/validate,,
http_req_duration,1753176964,1705.986400,,,,true,,POST,https://opensource-demo.orangehrmlive.com/web/index.php/auth/validate,HTTP/1.1,default,,302,,tls1.3,https://opensource-demo.orangehrmlive.com/web/index.php/auth/validate,,
http_req_blocked,1753176964,0.000000,,,,true,,POST,https://opensource-demo.orangehrmlive.com/web/index.php/auth/validate,HTTP/1.1,default,,302,,tls1.3,https://opensource-demo.orangehrmlive.com/web/index.php/auth/validate,,
http_req_connecting,1753176964,0.000000,,,,true,,POST,https://opensource-demo.orangehrmlive.com/web/index.php/auth/validate,HTTP/1.1,default,,302,,tls1.3,https://opensource-demo.orangehrmlive.com/web/index.php/auth/validate,,
http_req_tls_handshaking,1753176964,0.000000,,,,true,,POST,https://opensource-demo.orangehrmlive.com/web/index.php/auth/validate,HTTP/1.1,default,,302,,tls1.3,https://opensource-demo.orangehrmlive.com/web/index.php/auth/validate,,
http_req_sending,1753176964,0.000000,,,,true,,POST,https://opensource-demo.orangehrmlive.com/web/index.php/auth/validate,HTTP/1.1,default,,302,,tls1.3,https://opensource-demo.orangehrmlive.com/web/index.php/auth/validate,,
http_req_waiting,1753176964,1705.986400,,,,true,,POST,https://opensource-demo.orangehrmlive.com/web/index.php/auth/validate,HTTP/1.1,default,,302,,tls1.3,https://opensource-demo.orangehrmlive.com/web/index.php/auth/validate,,
http_req_receiving,1753176964,0.000000,,,,true,,POST,https://opensource-demo.orangehrmlive.com/web/index.php/auth/validate,HTTP/1.1,default,,302,,tls1.3,https://opensource-demo.orangehrmlive.com/web/index.php/auth/validate,,
http_req_failed,1753176964,0.000000,,,,true,,POST,https://opensource-demo.orangehrmlive.com/web/index.php/auth/validate,HTTP/1.1,default,,302,,tls1.3,https://opensource-demo.orangehrmlive.com/web/index.php/auth/validate,,
vus,1753176964,10.000000,,,,,,,,,,,,,,,,
vus_max,1753176964,10.000000,,,,,,,,,,,,,,,,
data_sent,1753176964,526.000000,,,,,,,,,default,,,,,,,
data_received,1753176964,7120.000000,,,,,,,,,default,,,,,,,
iteration_duration,1753176964,3781.008500,,,,,,,,,default,,,,,,,
iterations,1753176964,1.000000,,,,,,,,,default,,,,,,,
total_iterations,1753176964,1.000000,,,,,,,,,default,,,,,,,
http_reqs,1753176964,1.000000,,,,true,,POST,https://opensource-demo.orangehrmlive.com/web/index.php/auth/validate,HTTP/1.1,default,,302,,tls1.3,https://opensource-demo.orangehrmlive.com/web/index.php/auth/validate,,
http_req_duration,1753176964,1525.020300,,,,true,,POST,https://opensource-demo.orangehrmlive.com/web/index.php/auth/validate,HTTP/1.1,default,,302,,tls1.3,https://opensource-demo.orangehrmlive.com/web/index.php/auth/validate,,
http_req_blocked,1753176964,0.000000,,,,true,,POST,https://opensource-demo.orangehrmlive.com/web/index.php/auth/validate,HTTP/1.1,default,,302,,tls1.3,https://opensource-demo.orangehrmlive.com/web/index.php/auth/validate,,
http_req_connecting,1753176964,0.000000,,,,true,,POST,https://opensource-demo.orangehrmlive.com/web/index.php/auth/validate,HTTP/1.1,default,,302,,tls1.3,https://opensource-demo.orangehrmlive.com/web/index.php/auth/validate,,
http_req_tls_handshaking,1753176964,0.000000,,,,true,,POST,https://opensource-demo.orangehrmlive.com/web/index.php/auth/validate,HTTP/1.1,default,,302,,tls1.3,https://opensource-demo.orangehrmlive.com/web/index.php/auth/validate,,
http_req_sending,1753176964,0.000000,,,,true,,POST,https://opensource-demo.orangehrmlive.com/web/index.php/auth/validate,HTTP/1.1,default,,302,,tls1.3,https://opensource-demo.orangehrmlive.com/web/index.php/auth/validate,,
http_req_waiting,1753176964,1524.302300,,,,true,,POST,https://opensource-demo.orangehrmlive.com/web/index.php/auth/validate,HTTP/1.1,default,,302,,tls1.3,https://opensource-demo.orangehrmlive.com/web/index.php/auth/validate,,
http_req_receiving,1753176964,0.718000,,,,true,,POST,https://opensource-demo.orangehrmlive.com/web/index.php/auth/validate,HTTP/1.1,default,,302,,tls1.3,https://opensource-demo.orangehrmlive.com/web/index.php/auth/validate,,
http_req_failed,1753176964,0.000000,,,,true,,POST,https://opensource-demo.orangehrmlive.com/web/index.php/auth/validate,HTTP/1.1,default,,302,,tls1.3,https://opensource-demo.orangehrmlive.com/web/index.php/auth/validate,,
http_reqs,1753176964,1.000000,,,,true,,GET,https://opensource-demo.orangehrmlive.com/web/index.php/auth/login,HTTP/1.1,default,,200,,tls1.3,https://opensource-demo.orangehrmlive.com/web/index.php/auth/login,,
http_req_duration,1753176964,2060.031600,,,,true,,GET,https://opensource-demo.orangehrmlive.com/web/index.php/auth/login,HTTP/1.1,default,,200,,tls1.3,https://opensource-demo.orangehrmlive.com/web/index.php/auth/login,,
http_req_blocked,1753176964,0.000000,,,,true,,GET,https://opensource-demo.orangehrmlive.com/web/index.php/auth/login,HTTP/1.1,default,,200,,tls1.3,https://opensource-demo.orangehrmlive.com/web/index.php/auth/login,,
http_req_connecting,1753176964,0.000000,,,,true,,GET,https://opensource-demo.orangehrmlive.com/web/index.php/auth/login,HTTP/1.1,default,,200,,tls1.3,https://opensource-demo.orangehrmlive.com/web/index.php/auth/login,,
http_req_tls_handshaking,1753176964,0.000000,,,,true,,GET,https://opensource-demo.orangehrmlive.com/web/index.php/auth/login,HTTP/1.1,default,,200,,tls1.3,https://opensource-demo.orangehrmlive.com/web/index.php/auth/login,,
http_req_sending,1753176964,0.000000,,,,true,,GET,https://opensource-demo.orangehrmlive.com/web/index.php/auth/login,HTTP/1.1,default,,200,,tls1.3,https://opensource-demo.orangehrmlive.com/web/index.php/auth/login,,
http_req_waiting,1753176964,2059.523300,,,,true,,GET,https://opensource-demo.orangehrmlive.com/web/index.php/auth/login,HTTP/1.1,default,,200,,tls1.3,https://opensource-demo.orangehrmlive.com/web/index.php/auth/login,,
http_req_receiving,1753176964,0.508300,,,,true,,GET,https://opensource-demo.orangehrmlive.com/web/index.php/auth/login,HTTP/1.1,default,,200,,tls1.3,https://opensource-demo.orangehrmlive.com/web/index.php/auth/login,,
http_req_failed,1753176964,0.000000,,,,true,,GET,https://opensource-demo.orangehrmlive.com/web/index.php/auth/login,HTTP/1.1,default,,200,,tls1.3,https://opensource-demo.orangehrmlive.com/web/index.php/auth/login,,
checks,1753176964,1.000000,status is 200 or redirect,,,,,,,,default,,,,,,,
checks,1753176964,1.000000,response is not empty,,,,,,,,default,,,,,,,
http_reqs,1753176964,1.000000,,,,true,,POST,https://opensource-demo.orangehrmlive.com/web/index.php/auth/validate,HTTP/1.1,default,,302,,tls1.3,https://opensource-demo.orangehrmlive.com/web/index.php/auth/validate,,
http_req_duration,1753176964,1212.931500,,,,true,,POST,https://opensource-demo.orangehrmlive.com/web/index.php/auth/validate,HTTP/1.1,default,,302,,tls1.3,https://opensource-demo.orangehrmlive.com/web/index.php/auth/validate,,
http_req_blocked,1753176964,0.000000,,,,true,,POST,https://opensource-demo.orangehrmlive.com/web/index.php/auth/validate,HTTP/1.1,default,,302,,tls1.3,https://opensource-demo.orangehrmlive.com/web/index.php/auth/validate,,
http_req_connecting,1753176964,0.000000,,,,true,,POST,https://opensource-demo.orangehrmlive.com/web/index.php/auth/validate,HTTP/1.1,default,,302,,tls1.3,https://opensource-demo.orangehrmlive.com/web/index.php/auth/validate,,
http_req_tls_handshaking,1753176964,0.000000,,,,true,,POST,https://opensource-demo.orangehrmlive.com/web/index.php/auth/validate,HTTP/1.1,default,,302,,tls1.3,https://opensource-demo.orangehrmlive.com/web/index.php/auth/validate,,
http_req_sending,1753176964,0.000000,,,,true,,POST,https://opensource-demo.orangehrmlive.com/web/index.php/auth/validate,HTTP/1.1,default,,302,,tls1.3,https://opensource-demo.orangehrmlive.com/web/index.php/auth/validate,,
http_req_waiting,1753176964,1212.931500,,,,true,,POST,https://opensource-demo.orangehrmlive.com/web/index.php/auth/validate,HTTP/1.1,default,,302,,tls1.3,https://opensource-demo.orangehrmlive.com/web/index.php/auth/validate,,
http_req_receiving,1753176964,0.000000,,,,true,,POST,https://opensource-demo.orangehrmlive.com/web/index.php/auth/validate,HTTP/1.1,default,,302,,tls1.3,https://opensource-demo.orangehrmlive.com/web/index.php/auth/validate,,
http_req_failed,1753176964,0.000000,,,,true,,POST,https://opensource-demo.orangehrmlive.com/web/index.php/auth/validate,HTTP/1.1,default,,302,,tls1.3,https://opensource-demo.orangehrmlive.com/web/index.php/auth/validate,,
http_reqs,1753176964,1.000000,,,,true,,GET,https://opensource-demo.orangehrmlive.com/web/index.php/auth/login,HTTP/1.1,default,,200,,tls1.3,https://opensource-demo.orangehrmlive.com/web/index.php/auth/login,,
http_req_duration,1753176964,1608.611600,,,,true,,GET,https://opensource-demo.orangehrmlive.com/web/index.php/auth/login,HTTP/1.1,default,,200,,tls1.3,https://opensource-demo.orangehrmlive.com/web/index.php/auth/login,,
http_req_blocked,1753176964,0.000000,,,,true,,GET,https://opensource-demo.orangehrmlive.com/web/index.php/auth/login,HTTP/1.1,default,,200,,tls1.3,https://opensource-demo.orangehrmlive.com/web/index.php/auth/login,,
http_req_connecting,1753176964,0.000000,,,,true,,GET,https://opensource-demo.orangehrmlive.com/web/index.php/auth/login,HTTP/1.1,default,,200,,tls1.3,https://opensource-demo.orangehrmlive.com/web/index.php/auth/login,,
http_req_tls_handshaking,1753176964,0.000000,,,,true,,GET,https://opensource-demo.orangehrmlive.com/web/index.php/auth/login,HTTP/1.1,default,,200,,tls1.3,https://opensource-demo.orangehrmlive.com/web/index.php/auth/login,,
http_req_sending,1753176964,0.000000,,,,true,,GET,https://opensource-demo.orangehrmlive.com/web/index.php/auth/login,HTTP/1.1,default,,200,,tls1.3,https://opensource-demo.orangehrmlive.com/web/index.php/auth/login,,
http_req_waiting,1753176964,1608.611600,,,,true,,GET,https://opensource-demo.orangehrmlive.com/web/index.php/auth/login,HTTP/1.1,default,,200,,tls1.3,https://opensource-demo.orangehrmlive.com/web/index.php/auth/login,,
http_req_receiving,1753176964,0.000000,,,,true,,GET,https://opensource-demo.orangehrmlive.com/web/index.php/auth/login,HTTP/1.1,default,,200,,tls1.3,https://opensource-demo.orangehrmlive.com/web/index.php/auth/login,,
http_req_failed,1753176964,0.000000,,,,true,,GET,https://opensource-demo.orangehrmlive.com/web/index.php/auth/login,HTTP/1.1,default,,200,,tls1.3,https://opensource-demo.orangehrmlive.com/web/index.php/auth/login,,
checks,1753176964,1.000000,status is 200 or redirect,,,,,,,,default,,,,,,,
checks,1753176964,1.000000,response is not empty,,,,,,,,default,,,,,,,
data_sent,1753176964,526.000000,,,,,,,,,default,,,,,,,
data_received,1753176964,7128.000000,,,,,,,,,default,,,,,,,
iteration_duration,1753176964,2987.240400,,,,,,,,,default,,,,,,,
iterations,1753176964,1.000000,,,,,,,,,default,,,,,,,
total_iterations,1753176964,1.000000,,,,,,,,,default,,,,,,,
http_reqs,1753176965,1.000000,,,,true,,GET,https://opensource-demo.orangehrmlive.com/web/index.php/auth/login,HTTP/1.1,default,,200,,tls1.3,https://opensource-demo.orangehrmlive.com/web/index.php/auth/login,,
http_req_duration,1753176965,1000.401900,,,,true,,GET,https://opensource-demo.orangehrmlive.com/web/index.php/auth/login,HTTP/1.1,default,,200,,tls1.3,https://opensource-demo.orangehrmlive.com/web/index.php/auth/login,,
http_req_blocked,1753176965,0.000000,,,,true,,GET,https://opensource-demo.orangehrmlive.com/web/index.php/auth/login,HTTP/1.1,default,,200,,tls1.3,https://opensource-demo.orangehrmlive.com/web/index.php/auth/login,,
http_req_connecting,1753176965,0.000000,,,,true,,GET,https://opensource-demo.orangehrmlive.com/web/index.php/auth/login,HTTP/1.1,default,,200,,tls1.3,https://opensource-demo.orangehrmlive.com/web/index.php/auth/login,,
http_req_tls_handshaking,1753176965,0.000000,,,,true,,GET,https://opensource-demo.orangehrmlive.com/web/index.php/auth/login,HTTP/1.1,default,,200,,tls1.3,https://opensource-demo.orangehrmlive.com/web/index.php/auth/login,,
http_req_sending,1753176965,0.000000,,,,true,,GET,https://opensource-demo.orangehrmlive.com/web/index.php/auth/login,HTTP/1.1,default,,200,,tls1.3,https://opensource-demo.orangehrmlive.com/web/index.php/auth/login,,
http_req_waiting,1753176965,1000.401900,,,,true,,GET,https://opensource-demo.orangehrmlive.com/web/index.php/auth/login,HTTP/1.1,default,,200,,tls1.3,https://opensource-demo.orangehrmlive.com/web/index.php/auth/login,,
http_req_receiving,1753176965,0.000000,,,,true,,GET,https://opensource-demo.orangehrmlive.com/web/index.php/auth/login,HTTP/1.1,default,,200,,tls1.3,https://opensource-demo.orangehrmlive.com/web/index.php/auth/login,,
http_req_failed,1753176965,0.000000,,,,true,,GET,https://opensource-demo.orangehrmlive.com/web/index.php/auth/login,HTTP/1.1,default,,200,,tls1.3,https://opensource-demo.orangehrmlive.com/web/index.php/auth/login,,
checks,1753176965,1.000000,status is 200 or redirect,,,,,,,,default,,,,,,,
checks,1753176965,1.000000,response is not empty,,,,,,,,default,,,,,,,
http_reqs,1753176965,1.000000,,,,true,,POST,https://opensource-demo.orangehrmlive.com/web/index.php/auth/validate,HTTP/1.1,default,,302,,tls1.3,https://opensource-demo.orangehrmlive.com/web/index.php/auth/validate,,
http_req_duration,1753176965,1527.457000,,,,true,,POST,https://opensource-demo.orangehrmlive.com/web/index.php/auth/validate,HTTP/1.1,default,,302,,tls1.3,https://opensource-demo.orangehrmlive.com/web/index.php/auth/validate,,
http_req_blocked,1753176965,0.000000,,,,true,,POST,https://opensource-demo.orangehrmlive.com/web/index.php/auth/validate,HTTP/1.1,default,,302,,tls1.3,https://opensource-demo.orangehrmlive.com/web/index.php/auth/validate,,
http_req_connecting,1753176965,0.000000,,,,true,,POST,https://opensource-demo.orangehrmlive.com/web/index.php/auth/validate,HTTP/1.1,default,,302,,tls1.3,https://opensource-demo.orangehrmlive.com/web/index.php/auth/validate,,
http_req_tls_handshaking,1753176965,0.000000,,,,true,,POST,https://opensource-demo.orangehrmlive.com/web/index.php/auth/validate,HTTP/1.1,default,,302,,tls1.3,https://opensource-demo.orangehrmlive.com/web/index.php/auth/validate,,
http_req_sending,1753176965,0.000000,,,,true,,POST,https://opensource-demo.orangehrmlive.com/web/index.php/auth/validate,HTTP/1.1,default,,302,,tls1.3,https://opensource-demo.orangehrmlive.com/web/index.php/auth/validate,,
http_req_waiting,1753176965,1526.613700,,,,true,,POST,https://opensource-demo.orangehrmlive.com/web/index.php/auth/validate,HTTP/1.1,default,,302,,tls1.3,https://opensource-demo.orangehrmlive.com/web/index.php/auth/validate,,
http_req_receiving,1753176965,0.843300,,,,true,,POST,https://opensource-demo.orangehrmlive.com/web/index.php/auth/validate,HTTP/1.1,default,,302,,tls1.3,https://opensource-demo.orangehrmlive.com/web/index.php/auth/validate,,
http_req_failed,1753176965,0.000000,,,,true,,POST,https://opensource-demo.orangehrmlive.com/web/index.php/auth/validate,HTTP/1.1,default,,302,,tls1.3,https://opensource-demo.orangehrmlive.com/web/index.php/auth/validate,,
http_reqs,1753176965,1.000000,,,,true,,GET,https://opensource-demo.orangehrmlive.com/web/index.php/auth/login,HTTP/1.1,default,,200,,tls1.3,https://opensource-demo.orangehrmlive.com/web/index.php/auth/login,,
http_req_duration,1753176965,1406.155600,,,,true,,GET,https://opensource-demo.orangehrmlive.com/web/index.php/auth/login,HTTP/1.1,default,,200,,tls1.3,https://opensource-demo.orangehrmlive.com/web/index.php/auth/login,,
http_req_blocked,1753176965,0.000000,,,,true,,GET,https://opensource-demo.orangehrmlive.com/web/index.php/auth/login,HTTP/1.1,default,,200,,tls1.3,https://opensource-demo.orangehrmlive.com/web/index.php/auth/login,,
http_req_connecting,1753176965,0.000000,,,,true,,GET,https://opensource-demo.orangehrmlive.com/web/index.php/auth/login,HTTP/1.1,default,,200,,tls1.3,https://opensource-demo.orangehrmlive.com/web/index.php/auth/login,,
http_req_tls_handshaking,1753176965,0.000000,,,,true,,GET,https://opensource-demo.orangehrmlive.com/web/index.php/auth/login,HTTP/1.1,default,,200,,tls1.3,https://opensource-demo.orangehrmlive.com/web/index.php/auth/login,,
http_req_sending,1753176965,0.000000,,,,true,,GET,https://opensource-demo.orangehrmlive.com/web/index.php/auth/login,HTTP/1.1,default,,200,,tls1.3,https://opensource-demo.orangehrmlive.com/web/index.php/auth/login,,
http_req_waiting,1753176965,1406.155600,,,,true,,GET,https://opensource-demo.orangehrmlive.com/web/index.php/auth/login,HTTP/1.1,default,,200,,tls1.3,https://opensource-demo.orangehrmlive.com/web/index.php/auth/login,,
http_req_receiving,1753176965,0.000000,,,,true,,GET,https://opensource-demo.orangehrmlive.com/web/index.php/auth/login,HTTP/1.1,default,,200,,tls1.3,https://opensource-demo.orangehrmlive.com/web/index.php/auth/login,,
http_req_failed,1753176965,0.000000,,,,true,,GET,https://opensource-demo.orangehrmlive.com/web/index.php/auth/login,HTTP/1.1,default,,200,,tls1.3,https://opensource-demo.orangehrmlive.com/web/index.php/auth/login,,
checks,1753176965,1.000000,status is 200 or redirect,,,,,,,,default,,,,,,,
checks,1753176965,1.000000,response is not empty,,,,,,,,default,,,,,,,
vus,1753176965,10.000000,,,,,,,,,,,,,,,,
vus_max,1753176965,10.000000,,,,,,,,,,,,,,,,
http_reqs,1753176965,1.000000,,,,true,,GET,https://opensource-demo.orangehrmlive.com/web/index.php/auth/login,HTTP/1.1,default,,200,,tls1.3,https://opensource-demo.orangehrmlive.com/web/index.php/auth/login,,
http_req_duration,1753176965,1434.603100,,,,true,,GET,https://opensource-demo.orangehrmlive.com/web/index.php/auth/login,HTTP/1.1,default,,200,,tls1.3,https://opensource-demo.orangehrmlive.com/web/index.php/auth/login,,
http_req_blocked,1753176965,0.000000,,,,true,,GET,https://opensource-demo.orangehrmlive.com/web/index.php/auth/login,HTTP/1.1,default,,200,,tls1.3,https://opensource-demo.orangehrmlive.com/web/index.php/auth/login,,
http_req_connecting,1753176965,0.000000,,,,true,,GET,https://opensource-demo.orangehrmlive.com/web/index.php/auth/login,HTTP/1.1,default,,200,,tls1.3,https://opensource-demo.orangehrmlive.com/web/index.php/auth/login,,
http_req_tls_handshaking,1753176965,0.000000,,,,true,,GET,https://opensource-demo.orangehrmlive.com/web/index.php/auth/login,HTTP/1.1,default,,200,,tls1.3,https://opensource-demo.orangehrmlive.com/web/index.php/auth/login,,
http_req_sending,1753176965,0.000000,,,,true,,GET,https://opensource-demo.orangehrmlive.com/web/index.php/auth/login,HTTP/1.1,default,,200,,tls1.3,https://opensource-demo.orangehrmlive.com/web/index.php/auth/login,,
http_req_waiting,1753176965,1433.616200,,,,true,,GET,https://opensource-demo.orangehrmlive.com/web/index.php/auth/login,HTTP/1.1,default,,200,,tls1.3,https://opensource-demo.orangehrmlive.com/web/index.php/auth/login,,
http_req_receiving,1753176965,0.986900,,,,true,,GET,https://opensource-demo.orangehrmlive.com/web/index.php/auth/login,HTTP/1.1,default,,200,,tls1.3,https://opensource-demo.orangehrmlive.com/web/index.php/auth/login,,
http_req_failed,1753176965,0.000000,,,,true,,GET,https://opensource-demo.orangehrmlive.com/web/index.php/auth/login,HTTP/1.1,default,,200,,tls1.3,https://opensource-demo.orangehrmlive.com/web/index.php/auth/login,,
checks,1753176965,1.000000,status is 200 or redirect,,,,,,,,default,,,,,,,
checks,1753176965,1.000000,response is not empty,,,,,,,,default,,,,,,,
http_reqs,1753176965,1.000000,,,,true,,POST,https://opensource-demo.orangehrmlive.com/web/index.php/auth/validate,HTTP/1.1,default,,302,,tls1.3,https://opensource-demo.orangehrmlive.com/web/index.php/auth/validate,,
http_req_duration,1753176965,1116.048900,,,,true,,POST,https://opensource-demo.orangehrmlive.com/web/index.php/auth/validate,HTTP/1.1,default,,302,,tls1.3,https://opensource-demo.orangehrmlive.com/web/index.php/auth/validate,,
http_req_blocked,1753176965,0.000000,,,,true,,POST,https://opensource-demo.orangehrmlive.com/web/index.php/auth/validate,HTTP/1.1,default,,302,,tls1.3,https://opensource-demo.orangehrmlive.com/web/index.php/auth/validate,,
http_req_connecting,1753176965,0.000000,,,,true,,POST,https://opensource-demo.orangehrmlive.com/web/index.php/auth/validate,HTTP/1.1,default,,302,,tls1.3,https://opensource-demo.orangehrmlive.com/web/index.php/auth/validate,,
http_req_tls_handshaking,1753176965,0.000000,,,,true,,POST,https://opensource-demo.orangehrmlive.com/web/index.php/auth/validate,HTTP/1.1,default,,302,,tls1.3,https://opensource-demo.orangehrmlive.com/web/index.php/auth/validate,,
http_req_sending,1753176965,0.000000,,,,true,,POST,https://opensource-demo.orangehrmlive.com/web/index.php/auth/validate,HTTP/1.1,default,,302,,tls1.3,https://opensource-demo.orangehrmlive.com/web/index.php/auth/validate,,
http_req_waiting,1753176965,1115.616300,,,,true,,POST,https://opensource-demo.orangehrmlive.com/web/index.php/auth/validate,HTTP/1.1,default,,302,,tls1.3,https://opensource-demo.orangehrmlive.com/web/index.php/auth/validate,,
http_req_receiving,1753176965,0.432600,,,,true,,POST,https://opensource-demo.orangehrmlive.com/web/index.php/auth/validate,HTTP/1.1,default,,302,,tls1.3,https://opensource-demo.orangehrmlive.com/web/index.php/auth/validate,,
http_req_failed,1753176965,0.000000,,,,true,,POST,https://opensource-demo.orangehrmlive.com/web/index.php/auth/validate,HTTP/1.1,default,,302,,tls1.3,https://opensource-demo.orangehrmlive.com/web/index.php/auth/validate,,
data_sent,1753176965,526.000000,,,,,,,,,default,,,,,,,
data_received,1753176965,7101.000000,,,,,,,,,default,,,,,,,
iteration_duration,1753176965,4417.676500,,,,,,,,,default,,,,,,,
iterations,1753176965,1.000000,,,,,,,,,default,,,,,,,
total_iterations,1753176965,1.000000,,,,,,,,,default,,,,,,,
http_reqs,1753176965,1.000000,,,,true,,GET,https://opensource-demo.orangehrmlive.com/web/index.php/auth/login,HTTP/1.1,default,,200,,tls1.3,https://opensource-demo.orangehrmlive.com/web/index.php/auth/login,,
http_req_duration,1753176965,1235.196100,,,,true,,GET,https://opensource-demo.orangehrmlive.com/web/index.php/auth/login,HTTP/1.1,default,,200,,tls1.3,https://opensource-demo.orangehrmlive.com/web/index.php/auth/login,,
http_req_blocked,1753176965,0.000000,,,,true,,GET,https://opensource-demo.orangehrmlive.com/web/index.php/auth/login,HTTP/1.1,default,,200,,tls1.3,https://opensource-demo.orangehrmlive.com/web/index.php/auth/login,,
http_req_connecting,1753176965,0.000000,,,,true,,GET,https://opensource-demo.orangehrmlive.com/web/index.php/auth/login,HTTP/1.1,default,,200,,tls1.3,https://opensource-demo.orangehrmlive.com/web/index.php/auth/login,,
http_req_tls_handshaking,1753176965,0.000000,,,,true,,GET,https://opensource-demo.orangehrmlive.com/web/index.php/auth/login,HTTP/1.1,default,,200,,tls1.3,https://opensource-demo.orangehrmlive.com/web/index.php/auth/login,,
http_req_sending,1753176965,0.000000,,,,true,,GET,https://opensource-demo.orangehrmlive.com/web/index.php/auth/login,HTTP/1.1,default,,200,,tls1.3,https://opensource-demo.orangehrmlive.com/web/index.php/auth/login,,
http_req_waiting,1753176965,1234.765900,,,,true,,GET,https://opensource-demo.orangehrmlive.com/web/index.php/auth/login,HTTP/1.1,default,,200,,tls1.3,https://opensource-demo.orangehrmlive.com/web/index.php/auth/login,,
http_req_receiving,1753176965,0.430200,,,,true,,GET,https://opensource-demo.orangehrmlive.com/web/index.php/auth/login,HTTP/1.1,default,,200,,tls1.3,https://opensource-demo.orangehrmlive.com/web/index.php/auth/login,,
http_req_failed,1753176965,0.000000,,,,true,,GET,https://opensource-demo.orangehrmlive.com/web/index.php/auth/login,HTTP/1.1,default,,200,,tls1.3,https://opensource-demo.orangehrmlive.com/web/index.php/auth/login,,
checks,1753176965,1.000000,status is 200 or redirect,,,,,,,,default,,,,,,,
checks,1753176965,1.000000,response is not empty,,,,,,,,default,,,,,,,
data_sent,1753176965,529.000000,,,,,,,,,default,,,,,,,
data_received,1753176965,7102.000000,,,,,,,,,default,,,,,,,
iteration_duration,1753176965,4344.622500,,,,,,,,,default,,,,,,,
iterations,1753176965,1.000000,,,,,,,,,default,,,,,,,
total_iterations,1753176965,1.000000,,,,,,,,,default,,,,,,,
data_sent,1753176966,528.000000,,,,,,,,,default,,,,,,,
data_received,1753176966,7099.000000,,,,,,,,,default,,,,,,,
iteration_duration,1753176966,3708.633700,,,,,,,,,default,,,,,,,
iterations,1753176966,1.000000,,,,,,,,,default,,,,,,,
total_iterations,1753176966,1.000000,,,,,,,,,default,,,,,,,
http_reqs,1753176966,1.000000,,,,true,,POST,https://opensource-demo.orangehrmlive.com/web/index.php/auth/validate,HTTP/1.1,default,,302,,tls1.3,https://opensource-demo.orangehrmlive.com/web/index.php/auth/validate,,
http_req_duration,1753176966,1261.518800,,,,true,,POST,https://opensource-demo.orangehrmlive.com/web/index.php/auth/validate,HTTP/1.1,default,,302,,tls1.3,https://opensource-demo.orangehrmlive.com/web/index.php/auth/validate,,
http_req_blocked,1753176966,0.000000,,,,true,,POST,https://opensource-demo.orangehrmlive.com/web/index.php/auth/validate,HTTP/1.1,default,,302,,tls1.3,https://opensource-demo.orangehrmlive.com/web/index.php/auth/validate,,
http_req_connecting,1753176966,0.000000,,,,true,,POST,https://opensource-demo.orangehrmlive.com/web/index.php/auth/validate,HTTP/1.1,default,,302,,tls1.3,https://opensource-demo.orangehrmlive.com/web/index.php/auth/validate,,
http_req_tls_handshaking,1753176966,0.000000,,,,true,,POST,https://opensource-demo.orangehrmlive.com/web/index.php/auth/validate,HTTP/1.1,default,,302,,tls1.3,https://opensource-demo.orangehrmlive.com/web/index.php/auth/validate,,
http_req_sending,1753176966,0.759500,,,,true,,POST,https://opensource-demo.orangehrmlive.com/web/index.php/auth/validate,HTTP/1.1,default,,302,,tls1.3,https://opensource-demo.orangehrmlive.com/web/index.php/auth/validate,,
http_req_waiting,1753176966,1260.215200,,,,true,,POST,https://opensource-demo.orangehrmlive.com/web/index.php/auth/validate,HTTP/1.1,default,,302,,tls1.3,https://opensource-demo.orangehrmlive.com/web/index.php/auth/validate,,
http_req_receiving,1753176966,0.544100,,,,true,,POST,https://opensource-demo.orangehrmlive.com/web/index.php/auth/validate,HTTP/1.1,default,,302,,tls1.3,https://opensource-demo.orangehrmlive.com/web/index.php/auth/validate,,
http_req_failed,1753176966,0.000000,,,,true,,POST,https://opensource-demo.orangehrmlive.com/web/index.php/auth/validate,HTTP/1.1,default,,302,,tls1.3,https://opensource-demo.orangehrmlive.com/web/index.php/auth/validate,,
data_sent,1753176966,526.000000,,,,,,,,,default,,,,,,,
data_received,1753176966,7113.000000,,,,,,,,,default,,,,,,,
iteration_duration,1753176966,4396.003700,,,,,,,,,default,,,,,,,
iterations,1753176966,1.000000,,,,,,,,,default,,,,,,,
total_iterations,1753176966,1.000000,,,,,,,,,default,,,,,,,
vus,1753176966,10.000000,,,,,,,,,,,,,,,,
vus_max,1753176966,10.000000,,,,,,,,,,,,,,,,
data_sent,1753176966,525.000000,,,,,,,,,default,,,,,,,
data_received,1753176966,7118.000000,,,,,,,,,default,,,,,,,
iteration_duration,1753176966,3847.608500,,,,,,,,,default,,,,,,,
iterations,1753176966,1.000000,,,,,,,,,default,,,,,,,
total_iterations,1753176966,1.000000,,,,,,,,,default,,,,,,,
http_reqs,1753176966,1.000000,,,,true,,GET,https://opensource-demo.orangehrmlive.com/web/index.php/auth/login,HTTP/1.1,default,,200,,tls1.3,https://opensource-demo.orangehrmlive.com/web/index.php/auth/login,,
http_req_duration,1753176966,1627.821800,,,,true,,GET,https://opensource-demo.orangehrmlive.com/web/index.php/auth/login,HTTP/1.1,default,,200,,tls1.3,https://opensource-demo.orangehrmlive.com/web/index.php/auth/login,,
http_req_blocked,1753176966,0.000000,,,,true,,GET,https://opensource-demo.orangehrmlive.com/web/index.php/auth/login,HTTP/1.1,default,,200,,tls1.3,https://opensource-demo.orangehrmlive.com/web/index.php/auth/login,,
http_req_connecting,1753176966,0.000000,,,,true,,GET,https://opensource-demo.orangehrmlive.com/web/index.php/auth/login,HTTP/1.1,default,,200,,tls1.3,https://opensource-demo.orangehrmlive.com/web/index.php/auth/login,,
http_req_tls_handshaking,1753176966,0.000000,,,,true,,GET,https://opensource-demo.orangehrmlive.com/web/index.php/auth/login,HTTP/1.1,default,,200,,tls1.3,https://opensource-demo.orangehrmlive.com/web/index.php/auth/login,,
http_req_sending,1753176966,0.000000,,,,true,,GET,https://opensource-demo.orangehrmlive.com/web/index.php/auth/login,HTTP/1.1,default,,200,,tls1.3,https://opensource-demo.orangehrmlive.com/web/index.php/auth/login,,
http_req_waiting,1753176966,1627.821800,,,,true,,GET,https://opensource-demo.orangehrmlive.com/web/index.php/auth/login,HTTP/1.1,default,,200,,tls1.3,https://opensource-demo.orangehrmlive.com/web/index.php/auth/login,,
http_req_receiving,1753176966,0.000000,,,,true,,GET,https://opensource-demo.orangehrmlive.com/web/index.php/auth/login,HTTP/1.1,default,,200,,tls1.3,https://opensource-demo.orangehrmlive.com/web/index.php/auth/login,,
http_req_failed,1753176966,0.000000,,,,true,,GET,https://opensource-demo.orangehrmlive.com/web/index.php/auth/login,HTTP/1.1,default,,200,,tls1.3,https://opensource-demo.orangehrmlive.com/web/index.php/auth/login,,
checks,1753176966,1.000000,status is 200 or redirect,,,,,,,,default,,,,,,,
checks,1753176966,1.000000,response is not empty,,,,,,,,default,,,,,,,
http_reqs,1753176966,1.000000,,,,true,,POST,https://opensource-demo.orangehrmlive.com/web/index.php/auth/validate,HTTP/1.1,default,,302,,tls1.3,https://opensource-demo.orangehrmlive.com/web/index.php/auth/validate,,
http_req_duration,1753176966,1012.584700,,,,true,,POST,https://opensource-demo.orangehrmlive.com/web/index.php/auth/validate,HTTP/1.1,default,,302,,tls1.3,https://opensource-demo.orangehrmlive.com/web/index.php/auth/validate,,
http_req_blocked,1753176966,0.000000,,,,true,,POST,https://opensource-demo.orangehrmlive.com/web/index.php/auth/validate,HTTP/1.1,default,,302,,tls1.3,https://opensource-demo.orangehrmlive.com/web/index.php/auth/validate,,
http_req_connecting,1753176966,0.000000,,,,true,,POST,https://opensource-demo.orangehrmlive.com/web/index.php/auth/validate,HTTP/1.1,default,,302,,tls1.3,https://opensource-demo.orangehrmlive.com/web/index.php/auth/validate,,
http_req_tls_handshaking,1753176966,0.000000,,,,true,,POST,https://opensource-demo.orangehrmlive.com/web/index.php/auth/validate,HTTP/1.1,default,,302,,tls1.3,https://opensource-demo.orangehrmlive.com/web/index.php/auth/validate,,
http_req_sending,1753176966,0.000000,,,,true,,POST,https://opensource-demo.orangehrmlive.com/web/index.php/auth/validate,HTTP/1.1,default,,302,,tls1.3,https://opensource-demo.orangehrmlive.com/web/index.php/auth/validate,,
http_req_waiting,1753176966,1011.701400,,,,true,,POST,https://opensource-demo.orangehrmlive.com/web/index.php/auth/validate,HTTP/1.1,default,,302,,tls1.3,https://opensource-demo.orangehrmlive.com/web/index.php/auth/validate,,
http_req_receiving,1753176966,0.883300,,,,true,,POST,https://opensource-demo.orangehrmlive.com/web/index.php/auth/validate,HTTP/1.1,default,,302,,tls1.3,https://opensource-demo.orangehrmlive.com/web/index.php/auth/validate,,
http_req_failed,1753176966,0.000000,,,,true,,POST,https://opensource-demo.orangehrmlive.com/web/index.php/auth/validate,HTTP/1.1,default,,302,,tls1.3,https://opensource-demo.orangehrmlive.com/web/index.php/auth/validate,,
data_sent,1753176966,526.000000,,,,,,,,,default,,,,,,,
data_received,1753176966,7114.000000,,,,,,,,,default,,,,,,,
iteration_duration,1753176966,3761.377300,,,,,,,,,default,,,,,,,
iterations,1753176966,1.000000,,,,,,,,,default,,,,,,,
total_iterations,1753176966,1.000000,,,,,,,,,default,,,,,,,
http_reqs,1753176966,1.000000,,,,true,,GET,https://opensource-demo.orangehrmlive.com/web/index.php/auth/login,HTTP/1.1,default,,200,,tls1.3,https://opensource-demo.orangehrmlive.com/web/index.php/auth/login,,
http_req_duration,1753176966,1627.833300,,,,true,,GET,https://opensource-demo.orangehrmlive.com/web/index.php/auth/login,HTTP/1.1,default,,200,,tls1.3,https://opensource-demo.orangehrmlive.com/web/index.php/auth/login,,
http_req_blocked,1753176966,0.000000,,,,true,,GET,https://opensource-demo.orangehrmlive.com/web/index.php/auth/login,HTTP/1.1,default,,200,,tls1.3,https://opensource-demo.orangehrmlive.com/web/index.php/auth/login,,
http_req_connecting,1753176966,0.000000,,,,true,,GET,https://opensource-demo.orangehrmlive.com/web/index.php/auth/login,HTTP/1.1,default,,200,,tls1.3,https://opensource-demo.orangehrmlive.com/web/index.php/auth/login,,
http_req_tls_handshaking,1753176966,0.000000,,,,true,,GET,https://opensource-demo.orangehrmlive.com/web/index.php/auth/login,HTTP/1.1,default,,200,,tls1.3,https://opensource-demo.orangehrmlive.com/web/index.php/auth/login,,
http_req_sending,1753176966,0.000000,,,,true,,GET,https://opensource-demo.orangehrmlive.com/web/index.php/auth/login,HTTP/1.1,default,,200,,tls1.3,https://opensource-demo.orangehrmlive.com/web/index.php/auth/login,,
http_req_waiting,1753176966,1627.435400,,,,true,,GET,https://opensource-demo.orangehrmlive.com/web/index.php/auth/login,HTTP/1.1,default,,200,,tls1.3,https://opensource-demo.orangehrmlive.com/web/index.php/auth/login,,
http_req_receiving,1753176966,0.397900,,,,true,,GET,https://opensource-demo.orangehrmlive.com/web/index.php/auth/login,HTTP/1.1,default,,200,,tls1.3,https://opensource-demo.orangehrmlive.com/web/index.php/auth/login,,
http_req_failed,1753176966,0.000000,,,,true,,GET,https://opensource-demo.orangehrmlive.com/web/index.php/auth/login,HTTP/1.1,default,,200,,tls1.3,https://opensource-demo.orangehrmlive.com/web/index.php/auth/login,,
checks,1753176966,1.000000,status is 200 or redirect,,,,,,,,default,,,,,,,
checks,1753176966,1.000000,response is not empty,,,,,,,,default,,,,,,,
http_reqs,1753176966,1.000000,,,,true,,POST,https://opensource-demo.orangehrmlive.com/web/index.php/auth/validate,HTTP/1.1,default,,302,,tls1.3,https://opensource-demo.orangehrmlive.com/web/index.php/auth/validate,,
http_req_duration,1753176966,787.695800,,,,true,,POST,https://opensource-demo.orangehrmlive.com/web/index.php/auth/validate,HTTP/1.1,default,,302,,tls1.3,https://opensource-demo.orangehrmlive.com/web/index.php/auth/validate,,
http_req_blocked,1753176966,0.000000,,,,true,,POST,https://opensource-demo.orangehrmlive.com/web/index.php/auth/validate,HTTP/1.1,default,,302,,tls1.3,https://opensource-demo.orangehrmlive.com/web/index.php/auth/validate,,
http_req_connecting,1753176966,0.000000,,,,true,,POST,https://opensource-demo.orangehrmlive.com/web/index.php/auth/validate,HTTP/1.1,default,,302,,tls1.3,https://opensource-demo.orangehrmlive.com/web/index.php/auth/validate,,
http_req_tls_handshaking,1753176966,0.000000,,,,true,,POST,https://opensource-demo.orangehrmlive.com/web/index.php/auth/validate,HTTP/1.1,default,,302,,tls1.3,https://opensource-demo.orangehrmlive.com/web/index.php/auth/validate,,
http_req_sending,1753176966,0.000000,,,,true,,POST,https://opensource-demo.orangehrmlive.com/web/index.php/auth/validate,HTTP/1.1,default,,302,,tls1.3,https://opensource-demo.orangehrmlive.com/web/index.php/auth/validate,,
http_req_waiting,1753176966,786.743100,,,,true,,POST,https://opensource-demo.orangehrmlive.com/web/index.php/auth/validate,HTTP/1.1,default,,302,,tls1.3,https://opensource-demo.orangehrmlive.com/web/index.php/auth/validate,,
http_req_receiving,1753176966,0.952700,,,,true,,POST,https://opensource-demo.orangehrmlive.com/web/index.php/auth/validate,HTTP/1.1,default,,302,,tls1.3,https://opensource-demo.orangehrmlive.com/web/index.php/auth/validate,,
http_req_failed,1753176966,0.000000,,,,true,,POST,https://opensource-demo.orangehrmlive.com/web/index.php/auth/validate,HTTP/1.1,default,,302,,tls1.3,https://opensource-demo.orangehrmlive.com/web/index.php/auth/validate,,
http_reqs,1753176966,1.000000,,,,true,,POST,https://opensource-demo.orangehrmlive.com/web/index.php/auth/validate,HTTP/1.1,default,,302,,tls1.3,https://opensource-demo.orangehrmlive.com/web/index.php/auth/validate,,
http_req_duration,1753176966,1006.583500,,,,true,,POST,https://opensource-demo.orangehrmlive.com/web/index.php/auth/validate,HTTP/1.1,default,,302,,tls1.3,https://opensource-demo.orangehrmlive.com/web/index.php/auth/validate,,
http_req_blocked,1753176966,0.000000,,,,true,,POST,https://opensource-demo.orangehrmlive.com/web/index.php/auth/validate,HTTP/1.1,default,,302,,tls1.3,https://opensource-demo.orangehrmlive.com/web/index.php/auth/validate,,
http_req_connecting,1753176966,0.000000,,,,true,,POST,https://opensource-demo.orangehrmlive.com/web/index.php/auth/validate,HTTP/1.1,default,,302,,tls1.3,https://opensource-demo.orangehrmlive.com/web/index.php/auth/validate,,
http_req_tls_handshaking,1753176966,0.000000,,,,true,,POST,https://opensource-demo.orangehrmlive.com/web/index.php/auth/validate,HTTP/1.1,default,,302,,tls1.3,https://opensource-demo.orangehrmlive.com/web/index.php/auth/validate,,
http_req_sending,1753176966,0.000000,,,,true,,POST,https://opensource-demo.orangehrmlive.com/web/index.php/auth/validate,HTTP/1.1,default,,302,,tls1.3,https://opensource-demo.orangehrmlive.com/web/index.php/auth/validate,,
http_req_waiting,1753176966,1006.583500,,,,true,,POST,https://opensource-demo.orangehrmlive.com/web/index.php/auth/validate,HTTP/1.1,default,,302,,tls1.3,https://opensource-demo.orangehrmlive.com/web/index.php/auth/validate,,
http_req_receiving,1753176966,0.000000,,,,true,,POST,https://opensource-demo.orangehrmlive.com/web/index.php/auth/validate,HTTP/1.1,default,,302,,tls1.3,https://opensource-demo.orangehrmlive.com/web/index.php/auth/validate,,
http_req_failed,1753176966,0.000000,,,,true,,POST,https://opensource-demo.orangehrmlive.com/web/index.php/auth/validate,HTTP/1.1,default,,302,,tls1.3,https://opensource-demo.orangehrmlive.com/web/index.php/auth/validate,,
http_reqs,1753176967,1.000000,,,,true,,GET,https://opensource-demo.orangehrmlive.com/web/index.php/auth/login,HTTP/1.1,default,,200,,tls1.3,https://opensource-demo.orangehrmlive.com/web/index.php/auth/login,,
http_req_duration,1753176967,1360.834100,,,,true,,GET,https://opensource-demo.orangehrmlive.com/web/index.php/auth/login,HTTP/1.1,default,,200,,tls1.3,https://opensource-demo.orangehrmlive.com/web/index.php/auth/login,,
http_req_blocked,1753176967,0.000000,,,,true,,GET,https://opensource-demo.orangehrmlive.com/web/index.php/auth/login,HTTP/1.1,default,,200,,tls1.3,https://opensource-demo.orangehrmlive.com/web/index.php/auth/login,,
http_req_connecting,1753176967,0.000000,,,,true,,GET,https://opensource-demo.orangehrmlive.com/web/index.php/auth/login,HTTP/1.1,default,,200,,tls1.3,https://opensource-demo.orangehrmlive.com/web/index.php/auth/login,,
http_req_tls_handshaking,1753176967,0.000000,,,,true,,GET,https://opensource-demo.orangehrmlive.com/web/index.php/auth/login,HTTP/1.1,default,,200,,tls1.3,https://opensource-demo.orangehrmlive.com/web/index.php/auth/login,,
http_req_sending,1753176967,0.000000,,,,true,,GET,https://opensource-demo.orangehrmlive.com/web/index.php/auth/login,HTTP/1.1,default,,200,,tls1.3,https://opensource-demo.orangehrmlive.com/web/index.php/auth/login,,
http_req_waiting,1753176967,1360.180600,,,,true,,GET,https://opensource-demo.orangehrmlive.com/web/index.php/auth/login,HTTP/1.1,default,,200,,tls1.3,https://opensource-demo.orangehrmlive.com/web/index.php/auth/login,,
http_req_receiving,1753176967,0.653500,,,,true,,GET,https://opensource-demo.orangehrmlive.com/web/index.php/auth/login,HTTP/1.1,default,,200,,tls1.3,https://opensource-demo.orangehrmlive.com/web/index.php/auth/login,,
http_req_failed,1753176967,0.000000,,,,true,,GET,https://opensource-demo.orangehrmlive.com/web/index.php/auth/login,HTTP/1.1,default,,200,,tls1.3,https://opensource-demo.orangehrmlive.com/web/index.php/auth/login,,
checks,1753176967,1.000000,status is 200 or redirect,,,,,,,,default,,,,,,,
checks,1753176967,1.000000,response is not empty,,,,,,,,default,,,,,,,
http_reqs,1753176967,1.000000,,,,true,,POST,https://opensource-demo.orangehrmlive.com/web/index.php/auth/validate,HTTP/1.1,default,,302,,tls1.3,https://opensource-demo.orangehrmlive.com/web/index.php/auth/validate,,
http_req_duration,1753176967,785.403600,,,,true,,POST,https://opensource-demo.orangehrmlive.com/web/index.php/auth/validate,HTTP/1.1,default,,302,,tls1.3,https://opensource-demo.orangehrmlive.com/web/index.php/auth/validate,,
http_req_blocked,1753176967,0.000000,,,,true,,POST,https://opensource-demo.orangehrmlive.com/web/index.php/auth/validate,HTTP/1.1,default,,302,,tls1.3,https://opensource-demo.orangehrmlive.com/web/index.php/auth/validate,,
http_req_connecting,1753176967,0.000000,,,,true,,POST,https://opensource-demo.orangehrmlive.com/web/index.php/auth/validate,HTTP/1.1,default,,302,,tls1.3,https://opensource-demo.orangehrmlive.com/web/index.php/auth/validate,,
http_req_tls_handshaking,1753176967,0.000000,,,,true,,POST,https://opensource-demo.orangehrmlive.com/web/index.php/auth/validate,HTTP/1.1,default,,302,,tls1.3,https://opensource-demo.orangehrmlive.com/web/index.php/auth/validate,,
http_req_sending,1753176967,0.000000,,,,true,,POST,https://opensource-demo.orangehrmlive.com/web/index.php/auth/validate,HTTP/1.1,default,,302,,tls1.3,https://opensource-demo.orangehrmlive.com/web/index.php/auth/validate,,
http_req_waiting,1753176967,784.974100,,,,true,,POST,https://opensource-demo.orangehrmlive.com/web/index.php/auth/validate,HTTP/1.1,default,,302,,tls1.3,https://opensource-demo.orangehrmlive.com/web/index.php/auth/validate,,
http_req_receiving,1753176967,0.429500,,,,true,,POST,https://opensource-demo.orangehrmlive.com/web/index.php/auth/validate,HTTP/1.1,default,,302,,tls1.3,https://opensource-demo.orangehrmlive.com/web/index.php/auth/validate,,
http_req_failed,1753176967,0.000000,,,,true,,POST,https://opensource-demo.orangehrmlive.com/web/index.php/auth/validate,HTTP/1.1,default,,302,,tls1.3,https://opensource-demo.orangehrmlive.com/web/index.php/auth/validate,,
http_reqs,1753176967,1.000000,,,,true,,POST,https://opensource-demo.orangehrmlive.com/web/index.php/auth/validate,HTTP/1.1,default,,302,,tls1.3,https://opensource-demo.orangehrmlive.com/web/index.php/auth/validate,,
http_req_duration,1753176967,892.678500,,,,true,,POST,https://opensource-demo.orangehrmlive.com/web/index.php/auth/validate,HTTP/1.1,default,,302,,tls1.3,https://opensource-demo.orangehrmlive.com/web/index.php/auth/validate,,
http_req_blocked,1753176967,0.000000,,,,true,,POST,https://opensource-demo.orangehrmlive.com/web/index.php/auth/validate,HTTP/1.1,default,,302,,tls1.3,https://opensource-demo.orangehrmlive.com/web/index.php/auth/validate,,
http_req_connecting,1753176967,0.000000,,,,true,,POST,https://opensource-demo.orangehrmlive.com/web/index.php/auth/validate,HTTP/1.1,default,,302,,tls1.3,https://opensource-demo.orangehrmlive.com/web/index.php/auth/validate,,
http_req_tls_handshaking,1753176967,0.000000,,,,true,,POST,https://opensource-demo.orangehrmlive.com/web/index.php/auth/validate,HTTP/1.1,default,,302,,tls1.3,https://opensource-demo.orangehrmlive.com/web/index.php/auth/validate,,
http_req_sending,1753176967,0.000000,,,,true,,POST,https://opensource-demo.orangehrmlive.com/web/index.php/auth/validate,HTTP/1.1,default,,302,,tls1.3,https://opensource-demo.orangehrmlive.com/web/index.php/auth/validate,,
http_req_waiting,1753176967,891.919400,,,,true,,POST,https://opensource-demo.orangehrmlive.com/web/index.php/auth/validate,HTTP/1.1,default,,302,,tls1.3,https://opensource-demo.orangehrmlive.com/web/index.php/auth/validate,,
http_req_receiving,1753176967,0.759100,,,,true,,POST,https://opensource-demo.orangehrmlive.com/web/index.php/auth/validate,HTTP/1.1,default,,302,,tls1.3,https://opensource-demo.orangehrmlive.com/web/index.php/auth/validate,,
http_req_failed,1753176967,0.000000,,,,true,,POST,https://opensource-demo.orangehrmlive.com/web/index.php/auth/validate,HTTP/1.1,default,,302,,tls1.3,https://opensource-demo.orangehrmlive.com/web/index.php/auth/validate,,
vus,1753176967,10.000000,,,,,,,,,,,,,,,,
vus_max,1753176967,10.000000,,,,,,,,,,,,,,,,
data_sent,1753176967,535.000000,,,,,,,,,default,,,,,,,
data_received,1753176967,7099.000000,,,,,,,,,default,,,,,,,
iteration_duration,1753176967,3841.172700,,,,,,,,,default,,,,,,,
iterations,1753176967,1.000000,,,,,,,,,default,,,,,,,
total_iterations,1753176967,1.000000,,,,,,,,,default,,,,,,,
http_reqs,1753176967,1.000000,,,,true,,GET,https://opensource-demo.orangehrmlive.com/web/index.php/auth/login,HTTP/1.1,default,,200,,tls1.3,https://opensource-demo.orangehrmlive.com/web/index.php/auth/login,,
http_req_duration,1753176967,1389.099600,,,,true,,GET,https://opensource-demo.orangehrmlive.com/web/index.php/auth/login,HTTP/1.1,default,,200,,tls1.3,https://opensource-demo.orangehrmlive.com/web/index.php/auth/login,,
http_req_blocked,1753176967,0.000000,,,,true,,GET,https://opensource-demo.orangehrmlive.com/web/index.php/auth/login,HTTP/1.1,default,,200,,tls1.3,https://opensource-demo.orangehrmlive.com/web/index.php/auth/login,,
http_req_connecting,1753176967,0.000000,,,,true,,GET,https://opensource-demo.orangehrmlive.com/web/index.php/auth/login,HTTP/1.1,default,,200,,tls1.3,https://opensource-demo.orangehrmlive.com/web/index.php/auth/login,,
http_req_tls_handshaking,1753176967,0.000000,,,,true,,GET,https://opensource-demo.orangehrmlive.com/web/index.php/auth/login,HTTP/1.1,default,,200,,tls1.3,https://opensource-demo.orangehrmlive.com/web/index.php/auth/login,,
http_req_sending,1753176967,0.000000,,,,true,,GET,https://opensource-demo.orangehrmlive.com/web/index.php/auth/login,HTTP/1.1,default,,200,,tls1.3,https://opensource-demo.orangehrmlive.com/web/index.php/auth/login,,
http_req_waiting,1753176967,1388.591300,,,,true,,GET,https://opensource-demo.orangehrmlive.com/web/index.php/auth/login,HTTP/1.1,default,,200,,tls1.3,https://opensource-demo.orangehrmlive.com/web/index.php/auth/login,,
http_req_receiving,1753176967,0.508300,,,,true,,GET,https://opensource-demo.orangehrmlive.com/web/index.php/auth/login,HTTP/1.1,default,,200,,tls1.3,https://opensource-demo.orangehrmlive.com/web/index.php/auth/login,,
http_req_failed,1753176967,0.000000,,,,true,,GET,https://opensource-demo.orangehrmlive.com/web/index.php/auth/login,HTTP/1.1,default,,200,,tls1.3,https://opensource-demo.orangehrmlive.com/web/index.php/auth/login,,
checks,1753176967,1.000000,status is 200 or redirect,,,,,,,,default,,,,,,,
checks,1753176967,1.000000,response is not empty,,,,,,,,default,,,,,,,
http_reqs,1753176967,1.000000,,,,true,,GET,https://opensource-demo.orangehrmlive.com/web/index.php/auth/login,HTTP/1.1,default,,200,,tls1.3,https://opensource-demo.orangehrmlive.com/web/index.php/auth/login,,
http_req_duration,1753176967,1036.971300,,,,true,,GET,https://opensource-demo.orangehrmlive.com/web/index.php/auth/login,HTTP/1.1,default,,200,,tls1.3,https://opensource-demo.orangehrmlive.com/web/index.php/auth/login,,
http_req_blocked,1753176967,0.000000,,,,true,,GET,https://opensource-demo.orangehrmlive.com/web/index.php/auth/login,HTTP/1.1,default,,200,,tls1.3,https://opensource-demo.orangehrmlive.com/web/index.php/auth/login,,
http_req_connecting,1753176967,0.000000,,,,true,,GET,https://opensource-demo.orangehrmlive.com/web/index.php/auth/login,HTTP/1.1,default,,200,,tls1.3,https://opensource-demo.orangehrmlive.com/web/index.php/auth/login,,
http_req_tls_handshaking,1753176967,0.000000,,,,true,,GET,https://opensource-demo.orangehrmlive.com/web/index.php/auth/login,HTTP/1.1,default,,200,,tls1.3,https://opensource-demo.orangehrmlive.com/web/index.php/auth/login,,
http_req_sending,1753176967,0.000000,,,,true,,GET,https://opensource-demo.orangehrmlive.com/web/index.php/auth/login,HTTP/1.1,default,,200,,tls1.3,https://opensource-demo.orangehrmlive.com/web/index.php/auth/login,,
http_req_waiting,1753176967,1035.719700,,,,true,,GET,https://opensource-demo.orangehrmlive.com/web/index.php/auth/login,HTTP/1.1,default,,200,,tls1.3,https://opensource-demo.orangehrmlive.com/web/index.php/auth/login,,
http_req_receiving,1753176967,1.251600,,,,true,,GET,https://opensource-demo.orangehrmlive.com/web/index.php/auth/login,HTTP/1.1,default,,200,,tls1.3,https://opensource-demo.orangehrmlive.com/web/index.php/auth/login,,
http_req_failed,1753176967,0.000000,,,,true,,GET,https://opensource-demo.orangehrmlive.com/web/index.php/auth/login,HTTP/1.1,default,,200,,tls1.3,https://opensource-demo.orangehrmlive.com/web/index.php/auth/login,,
checks,1753176967,1.000000,status is 200 or redirect,,,,,,,,default,,,,,,,
checks,1753176967,1.000000,response is not empty,,,,,,,,default,,,,,,,
data_sent,1753176967,526.000000,,,,,,,,,default,,,,,,,
data_received,1753176967,7098.000000,,,,,,,,,default,,,,,,,
iteration_duration,1753176967,4156.015000,,,,,,,,,default,,,,,,,
iterations,1753176967,1.000000,,,,,,,,,default,,,,,,,
total_iterations,1753176967,1.000000,,,,,,,,,default,,,,,,,
data_sent,1753176968,526.000000,,,,,,,,,default,,,,,,,
data_received,1753176968,7115.000000,,,,,,,,,default,,,,,,,
iteration_duration,1753176968,3477.736900,,,,,,,,,default,,,,,,,
iterations,1753176968,1.000000,,,,,,,,,default,,,,,,,
total_iterations,1753176968,1.000000,,,,,,,,,default,,,,,,,
http_reqs,1753176968,1.000000,,,,true,,POST,https://opensource-demo.orangehrmlive.com/web/index.php/auth/validate,HTTP/1.1,default,,302,,tls1.3,https://opensource-demo.orangehrmlive.com/web/index.php/auth/validate,,
http_req_duration,1753176968,1246.585600,,,,true,,POST,https://opensource-demo.orangehrmlive.com/web/index.php/auth/validate,HTTP/1.1,default,,302,,tls1.3,https://opensource-demo.orangehrmlive.com/web/index.php/auth/validate,,
http_req_blocked,1753176968,0.000000,,,,true,,POST,https://opensource-demo.orangehrmlive.com/web/index.php/auth/validate,HTTP/1.1,default,,302,,tls1.3,https://opensource-demo.orangehrmlive.com/web/index.php/auth/validate,,
http_req_connecting,1753176968,0.000000,,,,true,,POST,https://opensource-demo.orangehrmlive.com/web/index.php/auth/validate,HTTP/1.1,default,,302,,tls1.3,https://opensource-demo.orangehrmlive.com/web/index.php/auth/validate,,
http_req_tls_handshaking,1753176968,0.000000,,,,true,,POST,https://opensource-demo.orangehrmlive.com/web/index.php/auth/validate,HTTP/1.1,default,,302,,tls1.3,https://opensource-demo.orangehrmlive.com/web/index.php/auth/validate,,
http_req_sending,1753176968,0.000000,,,,true,,POST,https://opensource-demo.orangehrmlive.com/web/index.php/auth/validate,HTTP/1.1,default,,302,,tls1.3,https://opensource-demo.orangehrmlive.com/web/index.php/auth/validate,,
http_req_waiting,1753176968,1245.736000,,,,true,,POST,https://opensource-demo.orangehrmlive.com/web/index.php/auth/validate,HTTP/1.1,default,,302,,tls1.3,https://opensource-demo.orangehrmlive.com/web/index.php/auth/validate,,
http_req_receiving,1753176968,0.849600,,,,true,,POST,https://opensource-demo.orangehrmlive.com/web/index.php/auth/validate,HTTP/1.1,default,,302,,tls1.3,https://opensource-demo.orangehrmlive.com/web/index.php/auth/validate,,
http_req_failed,1753176968,0.000000,,,,true,,POST,https://opensource-demo.orangehrmlive.com/web/index.php/auth/validate,HTTP/1.1,default,,302,,tls1.3,https://opensource-demo.orangehrmlive.com/web/index.php/auth/validate,,
http_reqs,1753176968,1.000000,,,,true,,GET,https://opensource-demo.orangehrmlive.com/web/index.php/auth/login,HTTP/1.1,default,,200,,tls1.3,https://opensource-demo.orangehrmlive.com/web/index.php/auth/login,,
http_req_duration,1753176968,1222.442300,,,,true,,GET,https://opensource-demo.orangehrmlive.com/web/index.php/auth/login,HTTP/1.1,default,,200,,tls1.3,https://opensource-demo.orangehrmlive.com/web/index.php/auth/login,,
http_req_blocked,1753176968,0.000000,,,,true,,GET,https://opensource-demo.orangehrmlive.com/web/index.php/auth/login,HTTP/1.1,default,,200,,tls1.3,https://opensource-demo.orangehrmlive.com/web/index.php/auth/login,,
http_req_connecting,1753176968,0.000000,,,,true,,GET,https://opensource-demo.orangehrmlive.com/web/index.php/auth/login,HTTP/1.1,default,,200,,tls1.3,https://opensource-demo.orangehrmlive.com/web/index.php/auth/login,,
http_req_tls_handshaking,1753176968,0.000000,,,,true,,GET,https://opensource-demo.orangehrmlive.com/web/index.php/auth/login,HTTP/1.1,default,,200,,tls1.3,https://opensource-demo.orangehrmlive.com/web/index.php/auth/login,,
http_req_sending,1753176968,0.000000,,,,true,,GET,https://opensource-demo.orangehrmlive.com/web/index.php/auth/login,HTTP/1.1,default,,200,,tls1.3,https://opensource-demo.orangehrmlive.com/web/index.php/auth/login,,
http_req_waiting,1753176968,1222.007200,,,,true,,GET,https://opensource-demo.orangehrmlive.com/web/index.php/auth/login,HTTP/1.1,default,,200,,tls1.3,https://opensource-demo.orangehrmlive.com/web/index.php/auth/login,,
http_req_receiving,1753176968,0.435100,,,,true,,GET,https://opensource-demo.orangehrmlive.com/web/index.php/auth/login,HTTP/1.1,default,,200,,tls1.3,https://opensource-demo.orangehrmlive.com/web/index.php/auth/login,,
http_req_failed,1753176968,0.000000,,,,true,,GET,https://opensource-demo.orangehrmlive.com/web/index.php/auth/login,HTTP/1.1,default,,200,,tls1.3,https://opensource-demo.orangehrmlive.com/web/index.php/auth/login,,
checks,1753176968,1.000000,status is 200 or redirect,,,,,,,,default,,,,,,,
checks,1753176968,1.000000,response is not empty,,,,,,,,default,,,,,,,
vus,1753176968,10.000000,,,,,,,,,,,,,,,,
vus_max,1753176968,10.000000,,,,,,,,,,,,,,,,
http_reqs,1753176968,1.000000,,,,true,,GET,https://opensource-demo.orangehrmlive.com/web/index.php/auth/login,HTTP/1.1,default,,200,,tls1.3,https://opensource-demo.orangehrmlive.com/web/index.php/auth/login,,
http_req_duration,1753176968,1612.700000,,,,true,,GET,https://opensource-demo.orangehrmlive.com/web/index.php/auth/login,HTTP/1.1,default,,200,,tls1.3,https://opensource-demo.orangehrmlive.com/web/index.php/auth/login,,
http_req_blocked,1753176968,0.000000,,,,true,,GET,https://opensource-demo.orangehrmlive.com/web/index.php/auth/login,HTTP/1.1,default,,200,,tls1.3,https://opensource-demo.orangehrmlive.com/web/index.php/auth/login,,
http_req_connecting,1753176968,0.000000,,,,true,,GET,https://opensource-demo.orangehrmlive.com/web/index.php/auth/login,HTTP/1.1,default,,200,,tls1.3,https://opensource-demo.orangehrmlive.com/web/index.php/auth/login,,
http_req_tls_handshaking,1753176968,0.000000,,,,true,,GET,https://opensource-demo.orangehrmlive.com/web/index.php/auth/login,HTTP/1.1,default,,200,,tls1.3,https://opensource-demo.orangehrmlive.com/web/index.php/auth/login,,
http_req_sending,1753176968,0.000000,,,,true,,GET,https://opensource-demo.orangehrmlive.com/web/index.php/auth/login,HTTP/1.1,default,,200,,tls1.3,https://opensource-demo.orangehrmlive.com/web/index.php/auth/login,,
http_req_waiting,1753176968,1611.741900,,,,true,,GET,https://opensource-demo.orangehrmlive.com/web/index.php/auth/login,HTTP/1.1,default,,200,,tls1.3,https://opensource-demo.orangehrmlive.com/web/index.php/auth/login,,
http_req_receiving,1753176968,0.958100,,,,true,,GET,https://opensource-demo.orangehrmlive.com/web/index.php/auth/login,HTTP/1.1,default,,200,,tls1.3,https://opensource-demo.orangehrmlive.com/web/index.php/auth/login,,
http_req_failed,1753176968,0.000000,,,,true,,GET,https://opensource-demo.orangehrmlive.com/web/index.php/auth/login,HTTP/1.1,default,,200,,tls1.3,https://opensource-demo.orangehrmlive.com/web/index.php/auth/login,,
checks,1753176968,1.000000,status is 200 or redirect,,,,,,,,default,,,,,,,
checks,1753176968,1.000000,response is not empty,,,,,,,,default,,,,,,,
http_reqs,1753176968,1.000000,,,,true,,GET,https://opensource-demo.orangehrmlive.com/web/index.php/auth/login,HTTP/1.1,default,,200,,tls1.3,https://opensource-demo.orangehrmlive.com/web/index.php/auth/login,,
http_req_duration,1753176968,1201.101900,,,,true,,GET,https://opensource-demo.orangehrmlive.com/web/index.php/auth/login,HTTP/1.1,default,,200,,tls1.3,https://opensource-demo.orangehrmlive.com/web/index.php/auth/login,,
http_req_blocked,1753176968,0.000000,,,,true,,GET,https://opensource-demo.orangehrmlive.com/web/index.php/auth/login,HTTP/1.1,default,,200,,tls1.3,https://opensource-demo.orangehrmlive.com/web/index.php/auth/login,,
http_req_connecting,1753176968,0.000000,,,,true,,GET,https://opensource-demo.orangehrmlive.com/web/index.php/auth/login,HTTP/1.1,default,,200,,tls1.3,https://opensource-demo.orangehrmlive.com/web/index.php/auth/login,,
http_req_tls_handshaking,1753176968,0.000000,,,,true,,GET,https://opensource-demo.orangehrmlive.com/web/index.php/auth/login,HTTP/1.1,default,,200,,tls1.3,https://opensource-demo.orangehrmlive.com/web/index.php/auth/login,,
http_req_sending,1753176968,0.000000,,,,true,,GET,https://opensource-demo.orangehrmlive.com/web/index.php/auth/login,HTTP/1.1,default,,200,,tls1.3,https://opensource-demo.orangehrmlive.com/web/index.php/auth/login,,
http_req_waiting,1753176968,1200.589600,,,,true,,GET,https://opensource-demo.orangehrmlive.com/web/index.php/auth/login,HTTP/1.1,default,,200,,tls1.3,https://opensource-demo.orangehrmlive.com/web/index.php/auth/login,,
http_req_receiving,1753176968,0.512300,,,,true,,GET,https://opensource-demo.orangehrmlive.com/web/index.php/auth/login,HTTP/1.1,default,,200,,tls1.3,https://opensource-demo.orangehrmlive.com/web/index.php/auth/login,,
http_req_failed,1753176968,0.000000,,,,true,,GET,https://opensource-demo.orangehrmlive.com/web/index.php/auth/login,HTTP/1.1,default,,200,,tls1.3,https://opensource-demo.orangehrmlive.com/web/index.php/auth/login,,
checks,1753176968,1.000000,status is 200 or redirect,,,,,,,,default,,,,,,,
checks,1753176968,1.000000,response is not empty,,,,,,,,default,,,,,,,
http_reqs,1753176968,1.000000,,,,true,,GET,https://opensource-demo.orangehrmlive.com/web/index.php/auth/login,HTTP/1.1,default,,200,,tls1.3,https://opensource-demo.orangehrmlive.com/web/index.php/auth/login,,
http_req_duration,1753176968,1457.602000,,,,true,,GET,https://opensource-demo.orangehrmlive.com/web/index.php/auth/login,HTTP/1.1,default,,200,,tls1.3,https://opensource-demo.orangehrmlive.com/web/index.php/auth/login,,
http_req_blocked,1753176968,0.000000,,,,true,,GET,https://opensource-demo.orangehrmlive.com/web/index.php/auth/login,HTTP/1.1,default,,200,,tls1.3,https://opensource-demo.orangehrmlive.com/web/index.php/auth/login,,
http_req_connecting,1753176968,0.000000,,,,true,,GET,https://opensource-demo.orangehrmlive.com/web/index.php/auth/login,HTTP/1.1,default,,200,,tls1.3,https://opensource-demo.orangehrmlive.com/web/index.php/auth/login,,
http_req_tls_handshaking,1753176968,0.000000,,,,true,,GET,https://opensource-demo.orangehrmlive.com/web/index.php/auth/login,HTTP/1.1,default,,200,,tls1.3,https://opensource-demo.orangehrmlive.com/web/index.php/auth/login,,
http_req_sending,1753176968,0.000000,,,,true,,GET,https://opensource-demo.orangehrmlive.com/web/index.php/auth/login,HTTP/1.1,default,,200,,tls1.3,https://opensource-demo.orangehrmlive.com/web/index.php/auth/login,,
http_req_waiting,1753176968,1456.693600,,,,true,,GET,https://opensource-demo.orangehrmlive.com/web/index.php/auth/login,HTTP/1.1,default,,200,,tls1.3,https://opensource-demo.orangehrmlive.com/web/index.php/auth/login,,
http_req_receiving,1753176968,0.908400,,,,true,,GET,https://opensource-demo.orangehrmlive.com/web/index.php/auth/login,HTTP/1.1,default,,200,,tls1.3,https://opensource-demo.orangehrmlive.com/web/index.php/auth/login,,
http_req_failed,1753176968,0.000000,,,,true,,GET,https://opensource-demo.orangehrmlive.com/web/index.php/auth/login,HTTP/1.1,default,,200,,tls1.3,https://opensource-demo.orangehrmlive.com/web/index.php/auth/login,,
checks,1753176968,1.000000,status is 200 or redirect,,,,,,,,default,,,,,,,
checks,1753176968,1.000000,response is not empty,,,,,,,,default,,,,,,,
data_sent,1753176968,526.000000,,,,,,,,,default,,,,,,,
data_received,1753176968,7108.000000,,,,,,,,,default,,,,,,,
iteration_duration,1753176968,3650.918600,,,,,,,,,default,,,,,,,
iterations,1753176968,1.000000,,,,,,,,,default,,,,,,,
total_iterations,1753176968,1.000000,,,,,,,,,default,,,,,,,
http_reqs,1753176968,1.000000,,,,true,,POST,https://opensource-demo.orangehrmlive.com/web/index.php/auth/validate,HTTP/1.1,default,,302,,tls1.3,https://opensource-demo.orangehrmlive.com/web/index.php/auth/validate,,
http_req_duration,1753176968,1208.478900,,,,true,,POST,https://opensource-demo.orangehrmlive.com/web/index.php/auth/validate,HTTP/1.1,default,,302,,tls1.3,https://opensource-demo.orangehrmlive.com/web/index.php/auth/validate,,
http_req_blocked,1753176968,0.000000,,,,true,,POST,https://opensource-demo.orangehrmlive.com/web/index.php/auth/validate,HTTP/1.1,default,,302,,tls1.3,https://opensource-demo.orangehrmlive.com/web/index.php/auth/validate,,
http_req_connecting,1753176968,0.000000,,,,true,,POST,https://opensource-demo.orangehrmlive.com/web/index.php/auth/validate,HTTP/1.1,default,,302,,tls1.3,https://opensource-demo.orangehrmlive.com/web/index.php/auth/validate,,
http_req_tls_handshaking,1753176968,0.000000,,,,true,,POST,https://opensource-demo.orangehrmlive.com/web/index.php/auth/validate,HTTP/1.1,default,,302,,tls1.3,https://opensource-demo.orangehrmlive.com/web/index.php/auth/validate,,
http_req_sending,1753176968,0.000000,,,,true,,POST,https://opensource-demo.orangehrmlive.com/web/index.php/auth/validate,HTTP/1.1,default,,302,,tls1.3,https://opensource-demo.orangehrmlive.com/web/index.php/auth/validate,,
http_req_waiting,1753176968,1207.847300,,,,true,,POST,https://opensource-demo.orangehrmlive.com/web/index.php/auth/validate,HTTP/1.1,default,,302,,tls1.3,https://opensource-demo.orangehrmlive.com/web/index.php/auth/validate,,
http_req_receiving,1753176968,0.631600,,,,true,,POST,https://opensource-demo.orangehrmlive.com/web/index.php/auth/validate,HTTP/1.1,default,,302,,tls1.3,https://opensource-demo.orangehrmlive.com/web/index.php/auth/validate,,
http_req_failed,1753176968,0.000000,,,,true,,POST,https://opensource-demo.orangehrmlive.com/web/index.php/auth/validate,HTTP/1.1,default,,302,,tls1.3,https://opensource-demo.orangehrmlive.com/web/index.php/auth/validate,,
data_sent,1753176968,528.000000,,,,,,,,,default,,,,,,,
data_received,1753176968,7119.000000,,,,,,,,,default,,,,,,,
iteration_duration,1753176968,3050.466200,,,,,,,,,default,,,,,,,
iterations,1753176968,1.000000,,,,,,,,,default,,,,,,,
total_iterations,1753176968,1.000000,,,,,,,,,default,,,,,,,
http_reqs,1753176968,1.000000,,,,true,,POST,https://opensource-demo.orangehrmlive.com/web/index.php/auth/validate,HTTP/1.1,default,,302,,tls1.3,https://opensource-demo.orangehrmlive.com/web/index.php/auth/validate,,
http_req_duration,1753176968,980.940900,,,,true,,POST,https://opensource-demo.orangehrmlive.com/web/index.php/auth/validate,HTTP/1.1,default,,302,,tls1.3,https://opensource-demo.orangehrmlive.com/web/index.php/auth/validate,,
http_req_blocked,1753176968,0.000000,,,,true,,POST,https://opensource-demo.orangehrmlive.com/web/index.php/auth/validate,HTTP/1.1,default,,302,,tls1.3,https://opensource-demo.orangehrmlive.com/web/index.php/auth/validate,,
http_req_connecting,1753176968,0.000000,,,,true,,POST,https://opensource-demo.orangehrmlive.com/web/index.php/auth/validate,HTTP/1.1,default,,302,,tls1.3,https://opensource-demo.orangehrmlive.com/web/index.php/auth/validate,,
http_req_tls_handshaking,1753176968,0.000000,,,,true,,POST,https://opensource-demo.orangehrmlive.com/web/index.php/auth/validate,HTTP/1.1,default,,302,,tls1.3,https://opensource-demo.orangehrmlive.com/web/index.php/auth/validate,,
http_req_sending,1753176968,0.000000,,,,true,,POST,https://opensource-demo.orangehrmlive.com/web/index.php/auth/validate,HTTP/1.1,default,,302,,tls1.3,https://opensource-demo.orangehrmlive.com/web/index.php/auth/validate,,
http_req_waiting,1753176968,980.940900,,,,true,,POST,https://opensource-demo.orangehrmlive.com/web/index.php/auth/validate,HTTP/1.1,default,,302,,tls1.3,https://opensource-demo.orangehrmlive.com/web/index.php/auth/validate,,
http_req_receiving,1753176968,0.000000,,,,true,,POST,https://opensource-demo.orangehrmlive.com/web/index.php/auth/validate,HTTP/1.1,default,,302,,tls1.3,https://opensource-demo.orangehrmlive.com/web/index.php/auth/validate,,
http_req_failed,1753176968,0.000000,,,,true,,POST,https://opensource-demo.orangehrmlive.com/web/index.php/auth/validate,HTTP/1.1,default,,302,,tls1.3,https://opensource-demo.orangehrmlive.com/web/index.php/auth/validate,,
data_sent,1753176969,526.000000,,,,,,,,,default,,,,,,,
data_received,1753176969,7100.000000,,,,,,,,,default,,,,,,,
iteration_duration,1753176969,3229.943000,,,,,,,,,default,,,,,,,
iterations,1753176969,1.000000,,,,,,,,,default,,,,,,,
total_iterations,1753176969,1.000000,,,,,,,,,default,,,,,,,
http_reqs,1753176969,1.000000,,,,true,,POST,https://opensource-demo.orangehrmlive.com/web/index.php/auth/validate,HTTP/1.1,default,,302,,tls1.3,https://opensource-demo.orangehrmlive.com/web/index.php/auth/validate,,
http_req_duration,1753176969,1278.683900,,,,true,,POST,https://opensource-demo.orangehrmlive.com/web/index.php/auth/validate,HTTP/1.1,default,,302,,tls1.3,https://opensource-demo.orangehrmlive.com/web/index.php/auth/validate,,
http_req_blocked,1753176969,0.000000,,,,true,,POST,https://opensource-demo.orangehrmlive.com/web/index.php/auth/validate,HTTP/1.1,default,,302,,tls1.3,https://opensource-demo.orangehrmlive.com/web/index.php/auth/validate,,
http_req_connecting,1753176969,0.000000,,,,true,,POST,https://opensource-demo.orangehrmlive.com/web/index.php/auth/validate,HTTP/1.1,default,,302,,tls1.3,https://opensource-demo.orangehrmlive.com/web/index.php/auth/validate,,
http_req_tls_handshaking,1753176969,0.000000,,,,true,,POST,https://opensource-demo.orangehrmlive.com/web/index.php/auth/validate,HTTP/1.1,default,,302,,tls1.3,https://opensource-demo.orangehrmlive.com/web/index.php/auth/validate,,
http_req_sending,1753176969,0.000000,,,,true,,POST,https://opensource-demo.orangehrmlive.com/web/index.php/auth/validate,HTTP/1.1,default,,302,,tls1.3,https://opensource-demo.orangehrmlive.com/web/index.php/auth/validate,,
http_req_waiting,1753176969,1278.168400,,,,true,,POST,https://opensource-demo.orangehrmlive.com/web/index.php/auth/validate,HTTP/1.1,default,,302,,tls1.3,https://opensource-demo.orangehrmlive.com/web/index.php/auth/validate,,
http_req_receiving,1753176969,0.515500,,,,true,,POST,https://opensource-demo.orangehrmlive.com/web/index.php/auth/validate,HTTP/1.1,default,,302,,tls1.3,https://opensource-demo.orangehrmlive.com/web/index.php/auth/validate,,
http_req_failed,1753176969,0.000000,,,,true,,POST,https://opensource-demo.orangehrmlive.com/web/index.php/auth/validate,HTTP/1.1,default,,302,,tls1.3,https://opensource-demo.orangehrmlive.com/web/index.php/auth/validate,,
vus,1753176969,10.000000,,,,,,,,,,,,,,,,
vus_max,1753176969,10.000000,,,,,,,,,,,,,,,,
http_reqs,1753176969,1.000000,,,,true,,GET,https://opensource-demo.orangehrmlive.com/web/index.php/auth/login,HTTP/1.1,default,,200,,tls1.3,https://opensource-demo.orangehrmlive.com/web/index.php/auth/login,,
http_req_duration,1753176969,1338.801100,,,,true,,GET,https://opensource-demo.orangehrmlive.com/web/index.php/auth/login,HTTP/1.1,default,,200,,tls1.3,https://opensource-demo.orangehrmlive.com/web/index.php/auth/login,,
http_req_blocked,1753176969,0.000000,,,,true,,GET,https://opensource-demo.orangehrmlive.com/web/index.php/auth/login,HTTP/1.1,default,,200,,tls1.3,https://opensource-demo.orangehrmlive.com/web/index.php/auth/login,,
http_req_connecting,1753176969,0.000000,,,,true,,GET,https://opensource-demo.orangehrmlive.com/web/index.php/auth/login,HTTP/1.1,default,,200,,tls1.3,https://opensource-demo.orangehrmlive.com/web/index.php/auth/login,,
http_req_tls_handshaking,1753176969,0.000000,,,,true,,GET,https://opensource-demo.orangehrmlive.com/web/index.php/auth/login,HTTP/1.1,default,,200,,tls1.3,https://opensource-demo.orangehrmlive.com/web/index.php/auth/login,,
http_req_sending,1753176969,0.000000,,,,true,,GET,https://opensource-demo.orangehrmlive.com/web/index.php/auth/login,HTTP/1.1,default,,200,,tls1.3,https://opensource-demo.orangehrmlive.com/web/index.php/auth/login,,
http_req_waiting,1753176969,1338.801100,,,,true,,GET,https://opensource-demo.orangehrmlive.com/web/index.php/auth/login,HTTP/1.1,default,,200,,tls1.3,https://opensource-demo.orangehrmlive.com/web/index.php/auth/login,,
http_req_receiving,1753176969,0.000000,,,,true,,GET,https://opensource-demo.orangehrmlive.com/web/index.php/auth/login,HTTP/1.1,default,,200,,tls1.3,https://opensource-demo.orangehrmlive.com/web/index.php/auth/login,,
http_req_failed,1753176969,0.000000,,,,true,,GET,https://opensource-demo.orangehrmlive.com/web/index.php/auth/login,HTTP/1.1,default,,200,,tls1.3,https://opensource-demo.orangehrmlive.com/web/index.php/auth/login,,
checks,1753176969,1.000000,status is 200 or redirect,,,,,,,,default,,,,,,,
checks,1753176969,1.000000,response is not empty,,,,,,,,default,,,,,,,
data_sent,1753176969,526.000000,,,,,,,,,default,,,,,,,
data_received,1753176969,7124.000000,,,,,,,,,default,,,,,,,
iteration_duration,1753176969,3400.639700,,,,,,,,,default,,,,,,,
iterations,1753176969,1.000000,,,,,,,,,default,,,,,,,
total_iterations,1753176969,1.000000,,,,,,,,,default,,,,,,,
data_sent,1753176969,526.000000,,,,,,,,,default,,,,,,,
data_received,1753176969,7123.000000,,,,,,,,,default,,,,,,,
iteration_duration,1753176969,3094.900300,,,,,,,,,default,,,,,,,
iterations,1753176969,1.000000,,,,,,,,,default,,,,,,,
total_iterations,1753176969,1.000000,,,,,,,,,default,,,,,,,
data_sent,1753176969,526.000000,,,,,,,,,default,,,,,,,
data_received,1753176969,7129.000000,,,,,,,,,default,,,,,,,
iteration_duration,1753176969,3243.619800,,,,,,,,,default,,,,,,,
iterations,1753176969,1.000000,,,,,,,,,default,,,,,,,
total_iterations,1753176969,1.000000,,,,,,,,,default,,,,,,,
http_reqs,1753176969,1.000000,,,,true,,GET,https://opensource-demo.orangehrmlive.com/web/index.php/auth/login,HTTP/1.1,default,,200,,tls1.3,https://opensource-demo.orangehrmlive.com/web/index.php/auth/login,,
http_req_duration,1753176969,905.589700,,,,true,,GET,https://opensource-demo.orangehrmlive.com/web/index.php/auth/login,HTTP/1.1,default,,200,,tls1.3,https://opensource-demo.orangehrmlive.com/web/index.php/auth/login,,
http_req_blocked,1753176969,0.000000,,,,true,,GET,https://opensource-demo.orangehrmlive.com/web/index.php/auth/login,HTTP/1.1,default,,200,,tls1.3,https://opensource-demo.orangehrmlive.com/web/index.php/auth/login,,
http_req_connecting,1753176969,0.000000,,,,true,,GET,https://opensource-demo.orangehrmlive.com/web/index.php/auth/login,HTTP/1.1,default,,200,,tls1.3,https://opensource-demo.orangehrmlive.com/web/index.php/auth/login,,
http_req_tls_handshaking,1753176969,0.000000,,,,true,,GET,https://opensource-demo.orangehrmlive.com/web/index.php/auth/login,HTTP/1.1,default,,200,,tls1.3,https://opensource-demo.orangehrmlive.com/web/index.php/auth/login,,
http_req_sending,1753176969,0.000000,,,,true,,GET,https://opensource-demo.orangehrmlive.com/web/index.php/auth/login,HTTP/1.1,default,,200,,tls1.3,https://opensource-demo.orangehrmlive.com/web/index.php/auth/login,,
http_req_waiting,1753176969,905.589700,,,,true,,GET,https://opensource-demo.orangehrmlive.com/web/index.php/auth/login,HTTP/1.1,default,,200,,tls1.3,https://opensource-demo.orangehrmlive.com/web/index.php/auth/login,,
http_req_receiving,1753176969,0.000000,,,,true,,GET,https://opensource-demo.orangehrmlive.com/web/index.php/auth/login,HTTP/1.1,default,,200,,tls1.3,https://opensource-demo.orangehrmlive.com/web/index.php/auth/login,,
http_req_failed,1753176969,0.000000,,,,true,,GET,https://opensource-demo.orangehrmlive.com/web/index.php/auth/login,HTTP/1.1,default,,200,,tls1.3,https://opensource-demo.orangehrmlive.com/web/index.php/auth/login,,
checks,1753176969,1.000000,status is 200 or redirect,,,,,,,,default,,,,,,,
checks,1753176969,1.000000,response is not empty,,,,,,,,default,,,,,,,
http_reqs,1753176969,1.000000,,,,true,,POST,https://opensource-demo.orangehrmlive.com/web/index.php/auth/validate,HTTP/1.1,default,,302,,tls1.3,https://opensource-demo.orangehrmlive.com/web/index.php/auth/validate,,
http_req_duration,1753176969,576.992400,,,,true,,POST,https://opensource-demo.orangehrmlive.com/web/index.php/auth/validate,HTTP/1.1,default,,302,,tls1.3,https://opensource-demo.orangehrmlive.com/web/index.php/auth/validate,,
http_req_blocked,1753176969,0.000000,,,,true,,POST,https://opensource-demo.orangehrmlive.com/web/index.php/auth/validate,HTTP/1.1,default,,302,,tls1.3,https://opensource-demo.orangehrmlive.com/web/index.php/auth/validate,,
http_req_connecting,1753176969,0.000000,,,,true,,POST,https://opensource-demo.orangehrmlive.com/web/index.php/auth/validate,HTTP/1.1,default,,302,,tls1.3,https://opensource-demo.orangehrmlive.com/web/index.php/auth/validate,,
http_req_tls_handshaking,1753176969,0.000000,,,,true,,POST,https://opensource-demo.orangehrmlive.com/web/index.php/auth/validate,HTTP/1.1,default,,302,,tls1.3,https://opensource-demo.orangehrmlive.com/web/index.php/auth/validate,,
http_req_sending,1753176969,0.000000,,,,true,,POST,https://opensource-demo.orangehrmlive.com/web/index.php/auth/validate,HTTP/1.1,default,,302,,tls1.3,https://opensource-demo.orangehrmlive.com/web/index.php/auth/validate,,
http_req_waiting,1753176969,576.992400,,,,true,,POST,https://opensource-demo.orangehrmlive.com/web/index.php/auth/validate,HTTP/1.1,default,,302,,tls1.3,https://opensource-demo.orangehrmlive.com/web/index.php/auth/validate,,
http_req_receiving,1753176969,0.000000,,,,true,,POST,https://opensource-demo.orangehrmlive.com/web/index.php/auth/validate,HTTP/1.1,default,,302,,tls1.3,https://opensource-demo.orangehrmlive.com/web/index.php/auth/validate,,
http_req_failed,1753176969,0.000000,,,,true,,POST,https://opensource-demo.orangehrmlive.com/web/index.php/auth/validate,HTTP/1.1,default,,302,,tls1.3,https://opensource-demo.orangehrmlive.com/web/index.php/auth/validate,,
http_reqs,1753176969,1.000000,,,,true,,POST,https://opensource-demo.orangehrmlive.com/web/index.php/auth/validate,HTTP/1.1,default,,302,,tls1.3,https://opensource-demo.orangehrmlive.com/web/index.php/auth/validate,,
http_req_duration,1753176969,1050.485400,,,,true,,POST,https://opensource-demo.orangehrmlive.com/web/index.php/auth/validate,HTTP/1.1,default,,302,,tls1.3,https://opensource-demo.orangehrmlive.com/web/index.php/auth/validate,,
http_req_blocked,1753176969,0.000000,,,,true,,POST,https://opensource-demo.orangehrmlive.com/web/index.php/auth/validate,HTTP/1.1,default,,302,,tls1.3,https://opensource-demo.orangehrmlive.com/web/index.php/auth/validate,,
http_req_connecting,1753176969,0.000000,,,,true,,POST,https://opensource-demo.orangehrmlive.com/web/index.php/auth/validate,HTTP/1.1,default,,302,,tls1.3,https://opensource-demo.orangehrmlive.com/web/index.php/auth/validate,,
http_req_tls_handshaking,1753176969,0.000000,,,,true,,POST,https://opensource-demo.orangehrmlive.com/web/index.php/auth/validate,HTTP/1.1,default,,302,,tls1.3,https://opensource-demo.orangehrmlive.com/web/index.php/auth/validate,,
http_req_sending,1753176969,0.000000,,,,true,,POST,https://opensource-demo.orangehrmlive.com/web/index.php/auth/validate,HTTP/1.1,default,,302,,tls1.3,https://opensource-demo.orangehrmlive.com/web/index.php/auth/validate,,
http_req_waiting,1753176969,1050.485400,,,,true,,POST,https://opensource-demo.orangehrmlive.com/web/index.php/auth/validate,HTTP/1.1,default,,302,,tls1.3,https://opensource-demo.orangehrmlive.com/web/index.php/auth/validate,,
http_req_receiving,1753176969,0.000000,,,,true,,POST,https://opensource-demo.orangehrmlive.com/web/index.php/auth/validate,HTTP/1.1,default,,302,,tls1.3,https://opensource-demo.orangehrmlive.com/web/index.php/auth/validate,,
http_req_failed,1753176969,0.000000,,,,true,,POST,https://opensource-demo.orangehrmlive.com/web/index.php/auth/validate,HTTP/1.1,default,,302,,tls1.3,https://opensource-demo.orangehrmlive.com/web/index.php/auth/validate,,
http_reqs,1753176969,1.000000,,,,true,,POST,https://opensource-demo.orangehrmlive.com/web/index.php/auth/validate,HTTP/1.1,default,,302,,tls1.3,https://opensource-demo.orangehrmlive.com/web/index.php/auth/validate,,
http_req_duration,1753176969,1217.876400,,,,true,,POST,https://opensource-demo.orangehrmlive.com/web/index.php/auth/validate,HTTP/1.1,default,,302,,tls1.3,https://opensource-demo.orangehrmlive.com/web/index.php/auth/validate,,
http_req_blocked,1753176969,0.000000,,,,true,,POST,https://opensource-demo.orangehrmlive.com/web/index.php/auth/validate,HTTP/1.1,default,,302,,tls1.3,https://opensource-demo.orangehrmlive.com/web/index.php/auth/validate,,
http_req_connecting,1753176969,0.000000,,,,true,,POST,https://opensource-demo.orangehrmlive.com/web/index.php/auth/validate,HTTP/1.1,default,,302,,tls1.3,https://opensource-demo.orangehrmlive.com/web/index.php/auth/validate,,
http_req_tls_handshaking,1753176969,0.000000,,,,true,,POST,https://opensource-demo.orangehrmlive.com/web/index.php/auth/validate,HTTP/1.1,default,,302,,tls1.3,https://opensource-demo.orangehrmlive.com/web/index.php/auth/validate,,
http_req_sending,1753176969,0.000000,,,,true,,POST,https://opensource-demo.orangehrmlive.com/web/index.php/auth/validate,HTTP/1.1,default,,302,,tls1.3,https://opensource-demo.orangehrmlive.com/web/index.php/auth/validate,,
http_req_waiting,1753176969,1217.876400,,,,true,,POST,https://opensource-demo.orangehrmlive.com/web/index.php/auth/validate,HTTP/1.1,default,,302,,tls1.3,https://opensource-demo.orangehrmlive.com/web/index.php/auth/validate,,
http_req_receiving,1753176969,0.000000,,,,true,,POST,https://opensource-demo.orangehrmlive.com/web/index.php/auth/validate,HTTP/1.1,default,,302,,tls1.3,https://opensource-demo.orangehrmlive.com/web/index.php/auth/validate,,
http_req_failed,1753176969,0.000000,,,,true,,POST,https://opensource-demo.orangehrmlive.com/web/index.php/auth/validate,HTTP/1.1,default,,302,,tls1.3,https://opensource-demo.orangehrmlive.com/web/index.php/auth/validate,,
http_reqs,1753176970,1.000000,,,,true,,GET,https://opensource-demo.orangehrmlive.com/web/index.php/auth/login,HTTP/1.1,default,,200,,tls1.3,https://opensource-demo.orangehrmlive.com/web/index.php/auth/login,,
http_req_duration,1753176970,1297.000300,,,,true,,GET,https://opensource-demo.orangehrmlive.com/web/index.php/auth/login,HTTP/1.1,default,,200,,tls1.3,https://opensource-demo.orangehrmlive.com/web/index.php/auth/login,,
http_req_blocked,1753176970,0.000000,,,,true,,GET,https://opensource-demo.orangehrmlive.com/web/index.php/auth/login,HTTP/1.1,default,,200,,tls1.3,https://opensource-demo.orangehrmlive.com/web/index.php/auth/login,,
http_req_connecting,1753176970,0.000000,,,,true,,GET,https://opensource-demo.orangehrmlive.com/web/index.php/auth/login,HTTP/1.1,default,,200,,tls1.3,https://opensource-demo.orangehrmlive.com/web/index.php/auth/login,,
http_req_tls_handshaking,1753176970,0.000000,,,,true,,GET,https://opensource-demo.orangehrmlive.com/web/index.php/auth/login,HTTP/1.1,default,,200,,tls1.3,https://opensource-demo.orangehrmlive.com/web/index.php/auth/login,,
http_req_sending,1753176970,0.000000,,,,true,,GET,https://opensource-demo.orangehrmlive.com/web/index.php/auth/login,HTTP/1.1,default,,200,,tls1.3,https://opensource-demo.orangehrmlive.com/web/index.php/auth/login,,
http_req_waiting,1753176970,1296.316800,,,,true,,GET,https://opensource-demo.orangehrmlive.com/web/index.php/auth/login,HTTP/1.1,default,,200,,tls1.3,https://opensource-demo.orangehrmlive.com/web/index.php/auth/login,,
http_req_receiving,1753176970,0.683500,,,,true,,GET,https://opensource-demo.orangehrmlive.com/web/index.php/auth/login,HTTP/1.1,default,,200,,tls1.3,https://opensource-demo.orangehrmlive.com/web/index.php/auth/login,,
http_req_failed,1753176970,0.000000,,,,true,,GET,https://opensource-demo.orangehrmlive.com/web/index.php/auth/login,HTTP/1.1,default,,200,,tls1.3,https://opensource-demo.orangehrmlive.com/web/index.php/auth/login,,
checks,1753176970,1.000000,status is 200 or redirect,,,,,,,,default,,,,,,,
checks,1753176970,1.000000,response is not empty,,,,,,,,default,,,,,,,
vus,1753176970,10.000000,,,,,,,,,,,,,,,,
vus_max,1753176970,10.000000,,,,,,,,,,,,,,,,
http_reqs,1753176970,1.000000,,,,true,,POST,https://opensource-demo.orangehrmlive.com/web/index.php/auth/validate,HTTP/1.1,default,,302,,tls1.3,https://opensource-demo.orangehrmlive.com/web/index.php/auth/validate,,
http_req_duration,1753176970,863.713400,,,,true,,POST,https://opensource-demo.orangehrmlive.com/web/index.php/auth/validate,HTTP/1.1,default,,302,,tls1.3,https://opensource-demo.orangehrmlive.com/web/index.php/auth/validate,,
http_req_blocked,1753176970,0.000000,,,,true,,POST,https://opensource-demo.orangehrmlive.com/web/index.php/auth/validate,HTTP/1.1,default,,302,,tls1.3,https://opensource-demo.orangehrmlive.com/web/index.php/auth/validate,,
http_req_connecting,1753176970,0.000000,,,,true,,POST,https://opensource-demo.orangehrmlive.com/web/index.php/auth/validate,HTTP/1.1,default,,302,,tls1.3,https://opensource-demo.orangehrmlive.com/web/index.php/auth/validate,,
http_req_tls_handshaking,1753176970,0.000000,,,,true,,POST,https://opensource-demo.orangehrmlive.com/web/index.php/auth/validate,HTTP/1.1,default,,302,,tls1.3,https://opensource-demo.orangehrmlive.com/web/index.php/auth/validate,,
http_req_sending,1753176970,0.000000,,,,true,,POST,https://opensource-demo.orangehrmlive.com/web/index.php/auth/validate,HTTP/1.1,default,,302,,tls1.3,https://opensource-demo.orangehrmlive.com/web/index.php/auth/validate,,
http_req_waiting,1753176970,863.713400,,,,true,,POST,https://opensource-demo.orangehrmlive.com/web/index.php/auth/validate,HTTP/1.1,default,,302,,tls1.3,https://opensource-demo.orangehrmlive.com/web/index.php/auth/validate,,
http_req_receiving,1753176970,0.000000,,,,true,,POST,https://opensource-demo.orangehrmlive.com/web/index.php/auth/validate,HTTP/1.1,default,,302,,tls1.3,https://opensource-demo.orangehrmlive.com/web/index.php/auth/validate,,
http_req_failed,1753176970,0.000000,,,,true,,POST,https://opensource-demo.orangehrmlive.com/web/index.php/auth/validate,HTTP/1.1,default,,302,,tls1.3,https://opensource-demo.orangehrmlive.com/web/index.php/auth/validate,,
data_sent,1753176970,529.000000,,,,,,,,,default,,,,,,,
data_received,1753176970,7123.000000,,,,,,,,,default,,,,,,,
iteration_duration,1753176970,3586.729800,,,,,,,,,default,,,,,,,
iterations,1753176970,1.000000,,,,,,,,,default,,,,,,,
total_iterations,1753176970,1.000000,,,,,,,,,default,,,,,,,
http_reqs,1753176970,1.000000,,,,true,,POST,https://opensource-demo.orangehrmlive.com/web/index.php/auth/validate,HTTP/1.1,default,,302,,tls1.3,https://opensource-demo.orangehrmlive.com/web/index.php/auth/validate,,
http_req_duration,1753176970,947.548700,,,,true,,POST,https://opensource-demo.orangehrmlive.com/web/index.php/auth/validate,HTTP/1.1,default,,302,,tls1.3,https://opensource-demo.orangehrmlive.com/web/index.php/auth/validate,,
http_req_blocked,1753176970,0.000000,,,,true,,POST,https://opensource-demo.orangehrmlive.com/web/index.php/auth/validate,HTTP/1.1,default,,302,,tls1.3,https://opensource-demo.orangehrmlive.com/web/index.php/auth/validate,,
http_req_connecting,1753176970,0.000000,,,,true,,POST,https://opensource-demo.orangehrmlive.com/web/index.php/auth/validate,HTTP/1.1,default,,302,,tls1.3,https://opensource-demo.orangehrmlive.com/web/index.php/auth/validate,,
http_req_tls_handshaking,1753176970,0.000000,,,,true,,POST,https://opensource-demo.orangehrmlive.com/web/index.php/auth/validate,HTTP/1.1,default,,302,,tls1.3,https://opensource-demo.orangehrmlive.com/web/index.php/auth/validate,,
http_req_sending,1753176970,0.000000,,,,true,,POST,https://opensource-demo.orangehrmlive.com/web/index.php/auth/validate,HTTP/1.1,default,,302,,tls1.3,https://opensource-demo.orangehrmlive.com/web/index.php/auth/validate,,
http_req_waiting,1753176970,946.947900,,,,true,,POST,https://opensource-demo.orangehrmlive.com/web/index.php/auth/validate,HTTP/1.1,default,,302,,tls1.3,https://opensource-demo.orangehrmlive.com/web/index.php/auth/validate,,
http_req_receiving,1753176970,0.600800,,,,true,,POST,https://opensource-demo.orangehrmlive.com/web/index.php/auth/validate,HTTP/1.1,default,,302,,tls1.3,https://opensource-demo.orangehrmlive.com/web/index.php/auth/validate,,
http_req_failed,1753176970,0.000000,,,,true,,POST,https://opensource-demo.orangehrmlive.com/web/index.php/auth/validate,HTTP/1.1,default,,302,,tls1.3,https://opensource-demo.orangehrmlive.com/web/index.php/auth/validate,,
http_reqs,1753176970,1.000000,,,,true,,GET,https://opensource-demo.orangehrmlive.com/web/index.php/auth/login,HTTP/1.1,default,,200,,tls1.3,https://opensource-demo.orangehrmlive.com/web/index.php/auth/login,,
http_req_duration,1753176970,1403.598400,,,,true,,GET,https://opensource-demo.orangehrmlive.com/web/index.php/auth/login,HTTP/1.1,default,,200,,tls1.3,https://opensource-demo.orangehrmlive.com/web/index.php/auth/login,,
http_req_blocked,1753176970,0.000000,,,,true,,GET,https://opensource-demo.orangehrmlive.com/web/index.php/auth/login,HTTP/1.1,default,,200,,tls1.3,https://opensource-demo.orangehrmlive.com/web/index.php/auth/login,,
http_req_connecting,1753176970,0.000000,,,,true,,GET,https://opensource-demo.orangehrmlive.com/web/index.php/auth/login,HTTP/1.1,default,,200,,tls1.3,https://opensource-demo.orangehrmlive.com/web/index.php/auth/login,,
http_req_tls_handshaking,1753176970,0.000000,,,,true,,GET,https://opensource-demo.orangehrmlive.com/web/index.php/auth/login,HTTP/1.1,default,,200,,tls1.3,https://opensource-demo.orangehrmlive.com/web/index.php/auth/login,,
http_req_sending,1753176970,0.000000,,,,true,,GET,https://opensource-demo.orangehrmlive.com/web/index.php/auth/login,HTTP/1.1,default,,200,,tls1.3,https://opensource-demo.orangehrmlive.com/web/index.php/auth/login,,
http_req_waiting,1753176970,1402.873800,,,,true,,GET,https://opensource-demo.orangehrmlive.com/web/index.php/auth/login,HTTP/1.1,default,,200,,tls1.3,https://opensource-demo.orangehrmlive.com/web/index.php/auth/login,,
http_req_receiving,1753176970,0.724600,,,,true,,GET,https://opensource-demo.orangehrmlive.com/web/index.php/auth/login,HTTP/1.1,default,,200,,tls1.3,https://opensource-demo.orangehrmlive.com/web/index.php/auth/login,,
http_req_failed,1753176970,0.000000,,,,true,,GET,https://opensource-demo.orangehrmlive.com/web/index.php/auth/login,HTTP/1.1,default,,200,,tls1.3,https://opensource-demo.orangehrmlive.com/web/index.php/auth/login,,
checks,1753176970,1.000000,status is 200 or redirect,,,,,,,,default,,,,,,,
checks,1753176970,1.000000,response is not empty,,,,,,,,default,,,,,,,
data_sent,1753176970,526.000000,,,,,,,,,default,,,,,,,
data_received,1753176970,7115.000000,,,,,,,,,default,,,,,,,
iteration_duration,1753176970,3114.821100,,,,,,,,,default,,,,,,,
iterations,1753176970,1.000000,,,,,,,,,default,,,,,,,
total_iterations,1753176970,1.000000,,,,,,,,,default,,,,,,,
http_reqs,1753176970,1.000000,,,,true,,GET,https://opensource-demo.orangehrmlive.com/web/index.php/auth/login,HTTP/1.1,default,,200,,tls1.3,https://opensource-demo.orangehrmlive.com/web/index.php/auth/login,,
http_req_duration,1753176970,982.600300,,,,true,,GET,https://opensource-demo.orangehrmlive.com/web/index.php/auth/login,HTTP/1.1,default,,200,,tls1.3,https://opensource-demo.orangehrmlive.com/web/index.php/auth/login,,
http_req_blocked,1753176970,0.000000,,,,true,,GET,https://opensource-demo.orangehrmlive.com/web/index.php/auth/login,HTTP/1.1,default,,200,,tls1.3,https://opensource-demo.orangehrmlive.com/web/index.php/auth/login,,
http_req_connecting,1753176970,0.000000,,,,true,,GET,https://opensource-demo.orangehrmlive.com/web/index.php/auth/login,HTTP/1.1,default,,200,,tls1.3,https://opensource-demo.orangehrmlive.com/web/index.php/auth/login,,
http_req_tls_handshaking,1753176970,0.000000,,,,true,,GET,https://opensource-demo.orangehrmlive.com/web/index.php/auth/login,HTTP/1.1,default,,200,,tls1.3,https://opensource-demo.orangehrmlive.com/web/index.php/auth/login,,
http_req_sending,1753176970,0.000000,,,,true,,GET,https://opensource-demo.orangehrmlive.com/web/index.php/auth/login,HTTP/1.1,default,,200,,tls1.3,https://opensource-demo.orangehrmlive.com/web/index.php/auth/login,,
http_req_waiting,1753176970,982.600300,,,,true,,GET,https://opensource-demo.orangehrmlive.com/web/index.php/auth/login,HTTP/1.1,default,,200,,tls1.3,https://opensource-demo.orangehrmlive.com/web/index.php/auth/login,,
http_req_receiving,1753176970,0.000000,,,,true,,GET,https://opensource-demo.orangehrmlive.com/web/index.php/auth/login,HTTP/1.1,default,,200,,tls1.3,https://opensource-demo.orangehrmlive.com/web/index.php/auth/login,,
http_req_failed,1753176970,0.000000,,,,true,,GET,https://opensource-demo.orangehrmlive.com/web/index.php/auth/login,HTTP/1.1,default,,200,,tls1.3,https://opensource-demo.orangehrmlive.com/web/index.php/auth/login,,
checks,1753176970,1.000000,status is 200 or redirect,,,,,,,,default,,,,,,,
checks,1753176970,1.000000,response is not empty,,,,,,,,default,,,,,,,
http_reqs,1753176970,1.000000,,,,true,,POST,https://opensource-demo.orangehrmlive.com/web/index.php/auth/validate,HTTP/1.1,default,,302,,tls1.3,https://opensource-demo.orangehrmlive.com/web/index.php/auth/validate,,
http_req_duration,1753176970,1232.833900,,,,true,,POST,https://opensource-demo.orangehrmlive.com/web/index.php/auth/validate,HTTP/1.1,default,,302,,tls1.3,https://opensource-demo.orangehrmlive.com/web/index.php/auth/validate,,
http_req_blocked,1753176970,0.000000,,,,true,,POST,https://opensource-demo.orangehrmlive.com/web/index.php/auth/validate,HTTP/1.1,default,,302,,tls1.3,https://opensource-demo.orangehrmlive.com/web/index.php/auth/validate,,
http_req_connecting,1753176970,0.000000,,,,true,,POST,https://opensource-demo.orangehrmlive.com/web/index.php/auth/validate,HTTP/1.1,default,,302,,tls1.3,https://opensource-demo.orangehrmlive.com/web/index.php/auth/validate,,
http_req_tls_handshaking,1753176970,0.000000,,,,true,,POST,https://opensource-demo.orangehrmlive.com/web/index.php/auth/validate,HTTP/1.1,default,,302,,tls1.3,https://opensource-demo.orangehrmlive.com/web/index.php/auth/validate,,
http_req_sending,1753176970,0.000000,,,,true,,POST,https://opensource-demo.orangehrmlive.com/web/index.php/auth/validate,HTTP/1.1,default,,302,,tls1.3,https://opensource-demo.orangehrmlive.com/web/index.php/auth/validate,,
http_req_waiting,1753176970,1232.448200,,,,true,,POST,https://opensource-demo.orangehrmlive.com/web/index.php/auth/validate,HTTP/1.1,default,,302,,tls1.3,https://opensource-demo.orangehrmlive.com/web/index.php/auth/validate,,
http_req_receiving,1753176970,0.385700,,,,true,,POST,https://opensource-demo.orangehrmlive.com/web/index.php/auth/validate,HTTP/1.1,default,,302,,tls1.3,https://opensource-demo.orangehrmlive.com/web/index.php/auth/validate,,
http_req_failed,1753176970,0.000000,,,,true,,POST,https://opensource-demo.orangehrmlive.com/web/index.php/auth/validate,HTTP/1.1,default,,302,,tls1.3,https://opensource-demo.orangehrmlive.com/web/index.php/auth/validate,,
http_reqs,1753176971,1.000000,,,,true,,GET,https://opensource-demo.orangehrmlive.com/web/index.php/auth/login,HTTP/1.1,default,,200,,tls1.3,https://opensource-demo.orangehrmlive.com/web/index.php/auth/login,,
http_req_duration,1753176971,1271.305000,,,,true,,GET,https://opensource-demo.orangehrmlive.com/web/index.php/auth/login,HTTP/1.1,default,,200,,tls1.3,https://opensource-demo.orangehrmlive.com/web/index.php/auth/login,,
http_req_blocked,1753176971,0.000000,,,,true,,GET,https://opensource-demo.orangehrmlive.com/web/index.php/auth/login,HTTP/1.1,default,,200,,tls1.3,https://opensource-demo.orangehrmlive.com/web/index.php/auth/login,,
http_req_connecting,1753176971,0.000000,,,,true,,GET,https://opensource-demo.orangehrmlive.com/web/index.php/auth/login,HTTP/1.1,default,,200,,tls1.3,https://opensource-demo.orangehrmlive.com/web/index.php/auth/login,,
http_req_tls_handshaking,1753176971,0.000000,,,,true,,GET,https://opensource-demo.orangehrmlive.com/web/index.php/auth/login,HTTP/1.1,default,,200,,tls1.3,https://opensource-demo.orangehrmlive.com/web/index.php/auth/login,,
http_req_sending,1753176971,0.000000,,,,true,,GET,https://opensource-demo.orangehrmlive.com/web/index.php/auth/login,HTTP/1.1,default,,200,,tls1.3,https://opensource-demo.orangehrmlive.com/web/index.php/auth/login,,
http_req_waiting,1753176971,1270.991300,,,,true,,GET,https://opensource-demo.orangehrmlive.com/web/index.php/auth/login,HTTP/1.1,default,,200,,tls1.3,https://opensource-demo.orangehrmlive.com/web/index.php/auth/login,,
http_req_receiving,1753176971,0.313700,,,,true,,GET,https://opensource-demo.orangehrmlive.com/web/index.php/auth/login,HTTP/1.1,default,,200,,tls1.3,https://opensource-demo.orangehrmlive.com/web/index.php/auth/login,,
http_req_failed,1753176971,0.000000,,,,true,,GET,https://opensource-demo.orangehrmlive.com/web/index.php/auth/login,HTTP/1.1,default,,200,,tls1.3,https://opensource-demo.orangehrmlive.com/web/index.php/auth/login,,
checks,1753176971,1.000000,status is 200 or redirect,,,,,,,,default,,,,,,,
checks,1753176971,1.000000,response is not empty,,,,,,,,default,,,,,,,
data_sent,1753176971,535.000000,,,,,,,,,default,,,,,,,
data_received,1753176971,7127.000000,,,,,,,,,default,,,,,,,
iteration_duration,1753176971,3279.536400,,,,,,,,,default,,,,,,,
iterations,1753176971,1.000000,,,,,,,,,default,,,,,,,
total_iterations,1753176971,1.000000,,,,,,,,,default,,,,,,,
http_reqs,1753176971,1.000000,,,,true,,GET,https://opensource-demo.orangehrmlive.com/web/index.php/auth/login,HTTP/1.1,default,,200,,tls1.3,https://opensource-demo.orangehrmlive.com/web/index.php/auth/login,,
http_req_duration,1753176971,1479.548200,,,,true,,GET,https://opensource-demo.orangehrmlive.com/web/index.php/auth/login,HTTP/1.1,default,,200,,tls1.3,https://opensource-demo.orangehrmlive.com/web/index.php/auth/login,,
http_req_blocked,1753176971,0.000000,,,,true,,GET,https://opensource-demo.orangehrmlive.com/web/index.php/auth/login,HTTP/1.1,default,,200,,tls1.3,https://opensource-demo.orangehrmlive.com/web/index.php/auth/login,,
http_req_connecting,1753176971,0.000000,,,,true,,GET,https://opensource-demo.orangehrmlive.com/web/index.php/auth/login,HTTP/1.1,default,,200,,tls1.3,https://opensource-demo.orangehrmlive.com/web/index.php/auth/login,,
http_req_tls_handshaking,1753176971,0.000000,,,,true,,GET,https://opensource-demo.orangehrmlive.com/web/index.php/auth/login,HTTP/1.1,default,,200,,tls1.3,https://opensource-demo.orangehrmlive.com/web/index.php/auth/login,,
http_req_sending,1753176971,0.000000,,,,true,,GET,https://opensource-demo.orangehrmlive.com/web/index.php/auth/login,HTTP/1.1,default,,200,,tls1.3,https://opensource-demo.orangehrmlive.com/web/index.php/auth/login,,
http_req_waiting,1753176971,1479.548200,,,,true,,GET,https://opensource-demo.orangehrmlive.com/web/index.php/auth/login,HTTP/1.1,default,,200,,tls1.3,https://opensource-demo.orangehrmlive.com/web/index.php/auth/login,,
http_req_receiving,1753176971,0.000000,,,,true,,GET,https://opensource-demo.orangehrmlive.com/web/index.php/auth/login,HTTP/1.1,default,,200,,tls1.3,https://opensource-demo.orangehrmlive.com/web/index.php/auth/login,,
http_req_failed,1753176971,0.000000,,,,true,,GET,https://opensource-demo.orangehrmlive.com/web/index.php/auth/login,HTTP/1.1,default,,200,,tls1.3,https://opensource-demo.orangehrmlive.com/web/index.php/auth/login,,
checks,1753176971,1.000000,status is 200 or redirect,,,,,,,,default,,,,,,,
checks,1753176971,1.000000,response is not empty,,,,,,,,default,,,,,,,
vus,1753176971,10.000000,,,,,,,,,,,,,,,,
vus_max,1753176971,10.000000,,,,,,,,,,,,,,,,
data_sent,1753176971,526.000000,,,,,,,,,default,,,,,,,
data_received,1753176971,7122.000000,,,,,,,,,default,,,,,,,
iteration_duration,1753176971,3683.843300,,,,,,,,,default,,,,,,,
iterations,1753176971,1.000000,,,,,,,,,default,,,,,,,
total_iterations,1753176971,1.000000,,,,,,,,,default,,,,,,,
http_reqs,1753176971,1.000000,,,,true,,GET,https://opensource-demo.orangehrmlive.com/web/index.php/auth/login,HTTP/1.1,default,,200,,tls1.3,https://opensource-demo.orangehrmlive.com/web/index.php/auth/login,,
http_req_duration,1753176971,1147.866600,,,,true,,GET,https://opensource-demo.orangehrmlive.com/web/index.php/auth/login,HTTP/1.1,default,,200,,tls1.3,https://opensource-demo.orangehrmlive.com/web/index.php/auth/login,,
http_req_blocked,1753176971,0.000000,,,,true,,GET,https://opensource-demo.orangehrmlive.com/web/index.php/auth/login,HTTP/1.1,default,,200,,tls1.3,https://opensource-demo.orangehrmlive.com/web/index.php/auth/login,,
http_req_connecting,1753176971,0.000000,,,,true,,GET,https://opensource-demo.orangehrmlive.com/web/index.php/auth/login,HTTP/1.1,default,,200,,tls1.3,https://opensource-demo.orangehrmlive.com/web/index.php/auth/login,,
http_req_tls_handshaking,1753176971,0.000000,,,,true,,GET,https://opensource-demo.orangehrmlive.com/web/index.php/auth/login,HTTP/1.1,default,,200,,tls1.3,https://opensource-demo.orangehrmlive.com/web/index.php/auth/login,,
http_req_sending,1753176971,0.000000,,,,true,,GET,https://opensource-demo.orangehrmlive.com/web/index.php/auth/login,HTTP/1.1,default,,200,,tls1.3,https://opensource-demo.orangehrmlive.com/web/index.php/auth/login,,
http_req_waiting,1753176971,1147.866600,,,,true,,GET,https://opensource-demo.orangehrmlive.com/web/index.php/auth/login,HTTP/1.1,default,,200,,tls1.3,https://opensource-demo.orangehrmlive.com/web/index.php/auth/login,,
http_req_receiving,1753176971,0.000000,,,,true,,GET,https://opensource-demo.orangehrmlive.com/web/index.php/auth/login,HTTP/1.1,default,,200,,tls1.3,https://opensource-demo.orangehrmlive.com/web/index.php/auth/login,,
http_req_failed,1753176971,0.000000,,,,true,,GET,https://opensource-demo.orangehrmlive.com/web/index.php/auth/login,HTTP/1.1,default,,200,,tls1.3,https://opensource-demo.orangehrmlive.com/web/index.php/auth/login,,
checks,1753176971,1.000000,status is 200 or redirect,,,,,,,,default,,,,,,,
checks,1753176971,1.000000,response is not empty,,,,,,,,default,,,,,,,
http_reqs,1753176971,1.000000,,,,true,,POST,https://opensource-demo.orangehrmlive.com/web/index.php/auth/validate,HTTP/1.1,default,,302,,tls1.3,https://opensource-demo.orangehrmlive.com/web/index.php/auth/validate,,
http_req_duration,1753176971,1157.793400,,,,true,,POST,https://opensource-demo.orangehrmlive.com/web/index.php/auth/validate,HTTP/1.1,default,,302,,tls1.3,https://opensource-demo.orangehrmlive.com/web/index.php/auth/validate,,
http_req_blocked,1753176971,0.000000,,,,true,,POST,https://opensource-demo.orangehrmlive.com/web/index.php/auth/validate,HTTP/1.1,default,,302,,tls1.3,https://opensource-demo.orangehrmlive.com/web/index.php/auth/validate,,
http_req_connecting,1753176971,0.000000,,,,true,,POST,https://opensource-demo.orangehrmlive.com/web/index.php/auth/validate,HTTP/1.1,default,,302,,tls1.3,https://opensource-demo.orangehrmlive.com/web/index.php/auth/validate,,
http_req_tls_handshaking,1753176971,0.000000,,,,true,,POST,https://opensource-demo.orangehrmlive.com/web/index.php/auth/validate,HTTP/1.1,default,,302,,tls1.3,https://opensource-demo.orangehrmlive.com/web/index.php/auth/validate,,
http_req_sending,1753176971,0.000000,,,,true,,POST,https://opensource-demo.orangehrmlive.com/web/index.php/auth/validate,HTTP/1.1,default,,302,,tls1.3,https://opensource-demo.orangehrmlive.com/web/index.php/auth/validate,,
http_req_waiting,1753176971,1156.938300,,,,true,,POST,https://opensource-demo.orangehrmlive.com/web/index.php/auth/validate,HTTP/1.1,default,,302,,tls1.3,https://opensource-demo.orangehrmlive.com/web/index.php/auth/validate,,
http_req_receiving,1753176971,0.855100,,,,true,,POST,https://opensource-demo.orangehrmlive.com/web/index.php/auth/validate,HTTP/1.1,default,,302,,tls1.3,https://opensource-demo.orangehrmlive.com/web/index.php/auth/validate,,
http_req_failed,1753176971,0.000000,,,,true,,POST,https://opensource-demo.orangehrmlive.com/web/index.php/auth/validate,HTTP/1.1,default,,302,,tls1.3,https://opensource-demo.orangehrmlive.com/web/index.php/auth/validate,,
data_sent,1753176971,535.000000,,,,,,,,,default,,,,,,,
data_received,1753176971,7099.000000,,,,,,,,,default,,,,,,,
iteration_duration,1753176971,3033.468500,,,,,,,,,default,,,,,,,
iterations,1753176971,1.000000,,,,,,,,,default,,,,,,,
total_iterations,1753176971,1.000000,,,,,,,,,default,,,,,,,
http_reqs,1753176971,1.000000,,,,true,,POST,https://opensource-demo.orangehrmlive.com/web/index.php/auth/validate,HTTP/1.1,default,,302,,tls1.3,https://opensource-demo.orangehrmlive.com/web/index.php/auth/validate,,
http_req_duration,1753176971,1257.315600,,,,true,,POST,https://opensource-demo.orangehrmlive.com/web/index.php/auth/validate,HTTP/1.1,default,,302,,tls1.3,https://opensource-demo.orangehrmlive.com/web/index.php/auth/validate,,
http_req_blocked,1753176971,0.000000,,,,true,,POST,https://opensource-demo.orangehrmlive.com/web/index.php/auth/validate,HTTP/1.1,default,,302,,tls1.3,https://opensource-demo.orangehrmlive.com/web/index.php/auth/validate,,
http_req_connecting,1753176971,0.000000,,,,true,,POST,https://opensource-demo.orangehrmlive.com/web/index.php/auth/validate,HTTP/1.1,default,,302,,tls1.3,https://opensource-demo.orangehrmlive.com/web/index.php/auth/validate,,
http_req_tls_handshaking,1753176971,0.000000,,,,true,,POST,https://opensource-demo.orangehrmlive.com/web/index.php/auth/validate,HTTP/1.1,default,,302,,tls1.3,https://opensource-demo.orangehrmlive.com/web/index.php/auth/validate,,
http_req_sending,1753176971,0.000000,,,,true,,POST,https://opensource-demo.orangehrmlive.com/web/index.php/auth/validate,HTTP/1.1,default,,302,,tls1.3,https://opensource-demo.orangehrmlive.com/web/index.php/auth/validate,,
http_req_waiting,1753176971,1257.315600,,,,true,,POST,https://opensource-demo.orangehrmlive.com/web/index.php/auth/validate,HTTP/1.1,default,,302,,tls1.3,https://opensource-demo.orangehrmlive.com/web/index.php/auth/validate,,
http_req_receiving,1753176971,0.000000,,,,true,,POST,https://opensource-demo.orangehrmlive.com/web/index.php/auth/validate,HTTP/1.1,default,,302,,tls1.3,https://opensource-demo.orangehrmlive.com/web/index.php/auth/validate,,
http_req_failed,1753176971,0.000000,,,,true,,POST,https://opensource-demo.orangehrmlive.com/web/index.php/auth/validate,HTTP/1.1,default,,302,,tls1.3,https://opensource-demo.orangehrmlive.com/web/index.php/auth/validate,,
data_sent,1753176972,528.000000,,,,,,,,,default,,,,,,,
data_received,1753176972,7108.000000,,,,,,,,,default,,,,,,,
iteration_duration,1753176972,2849.755500,,,,,,,,,default,,,,,,,
iterations,1753176972,1.000000,,,,,,,,,default,,,,,,,
total_iterations,1753176972,1.000000,,,,,,,,,default,,,,,,,
http_reqs,1753176972,1.000000,,,,true,,GET,https://opensource-demo.orangehrmlive.com/web/index.php/auth/login,HTTP/1.1,default,,200,,tls1.3,https://opensource-demo.orangehrmlive.com/web/index.php/auth/login,,
http_req_duration,1753176972,1273.229900,,,,true,,GET,https://opensource-demo.orangehrmlive.com/web/index.php/auth/login,HTTP/1.1,default,,200,,tls1.3,https://opensource-demo.orangehrmlive.com/web/index.php/auth/login,,
http_req_blocked,1753176972,0.000000,,,,true,,GET,https://opensource-demo.orangehrmlive.com/web/index.php/auth/login,HTTP/1.1,default,,200,,tls1.3,https://opensource-demo.orangehrmlive.com/web/index.php/auth/login,,
http_req_connecting,1753176972,0.000000,,,,true,,GET,https://opensource-demo.orangehrmlive.com/web/index.php/auth/login,HTTP/1.1,default,,200,,tls1.3,https://opensource-demo.orangehrmlive.com/web/index.php/auth/login,,
http_req_tls_handshaking,1753176972,0.000000,,,,true,,GET,https://opensource-demo.orangehrmlive.com/web/index.php/auth/login,HTTP/1.1,default,,200,,tls1.3,https://opensource-demo.orangehrmlive.com/web/index.php/auth/login,,
http_req_sending,1753176972,0.000000,,,,true,,GET,https://opensource-demo.orangehrmlive.com/web/index.php/auth/login,HTTP/1.1,default,,200,,tls1.3,https://opensource-demo.orangehrmlive.com/web/index.php/auth/login,,
http_req_waiting,1753176972,1273.229900,,,,true,,GET,https://opensource-demo.orangehrmlive.com/web/index.php/auth/login,HTTP/1.1,default,,200,,tls1.3,https://opensource-demo.orangehrmlive.com/web/index.php/auth/login,,
http_req_receiving,1753176972,0.000000,,,,true,,GET,https://opensource-demo.orangehrmlive.com/web/index.php/auth/login,HTTP/1.1,default,,200,,tls1.3,https://opensource-demo.orangehrmlive.com/web/index.php/auth/login,,
http_req_failed,1753176972,0.000000,,,,true,,GET,https://opensource-demo.orangehrmlive.com/web/index.php/auth/login,HTTP/1.1,default,,200,,tls1.3,https://opensource-demo.orangehrmlive.com/web/index.php/auth/login,,
checks,1753176972,1.000000,status is 200 or redirect,,,,,,,,default,,,,,,,
checks,1753176972,1.000000,response is not empty,,,,,,,,default,,,,,,,
http_reqs,1753176972,1.000000,,,,true,,GET,https://opensource-demo.orangehrmlive.com/web/index.php/auth/login,HTTP/1.1,default,,200,,tls1.3,https://opensource-demo.orangehrmlive.com/web/index.php/auth/login,,
http_req_duration,1753176972,1623.742400,,,,true,,GET,https://opensource-demo.orangehrmlive.com/web/index.php/auth/login,HTTP/1.1,default,,200,,tls1.3,https://opensource-demo.orangehrmlive.com/web/index.php/auth/login,,
http_req_blocked,1753176972,0.000000,,,,true,,GET,https://opensource-demo.orangehrmlive.com/web/index.php/auth/login,HTTP/1.1,default,,200,,tls1.3,https://opensource-demo.orangehrmlive.com/web/index.php/auth/login,,
http_req_connecting,1753176972,0.000000,,,,true,,GET,https://opensource-demo.orangehrmlive.com/web/index.php/auth/login,HTTP/1.1,default,,200,,tls1.3,https://opensource-demo.orangehrmlive.com/web/index.php/auth/login,,
http_req_tls_handshaking,1753176972,0.000000,,,,true,,GET,https://opensource-demo.orangehrmlive.com/web/index.php/auth/login,HTTP/1.1,default,,200,,tls1.3,https://opensource-demo.orangehrmlive.com/web/index.php/auth/login,,
http_req_sending,1753176972,0.000000,,,,true,,GET,https://opensource-demo.orangehrmlive.com/web/index.php/auth/login,HTTP/1.1,default,,200,,tls1.3,https://opensource-demo.orangehrmlive.com/web/index.php/auth/login,,
http_req_waiting,1753176972,1622.832300,,,,true,,GET,https://opensource-demo.orangehrmlive.com/web/index.php/auth/login,HTTP/1.1,default,,200,,tls1.3,https://opensource-demo.orangehrmlive.com/web/index.php/auth/login,,
http_req_receiving,1753176972,0.910100,,,,true,,GET,https://opensource-demo.orangehrmlive.com/web/index.php/auth/login,HTTP/1.1,default,,200,,tls1.3,https://opensource-demo.orangehrmlive.com/web/index.php/auth/login,,
http_req_failed,1753176972,0.000000,,,,true,,GET,https://opensource-demo.orangehrmlive.com/web/index.php/auth/login,HTTP/1.1,default,,200,,tls1.3,https://opensource-demo.orangehrmlive.com/web/index.php/auth/login,,
checks,1753176972,1.000000,status is 200 or redirect,,,,,,,,default,,,,,,,
checks,1753176972,1.000000,response is not empty,,,,,,,,default,,,,,,,
data_sent,1753176972,526.000000,,,,,,,,,default,,,,,,,
data_received,1753176972,7111.000000,,,,,,,,,default,,,,,,,
iteration_duration,1753176972,3698.515500,,,,,,,,,default,,,,,,,
iterations,1753176972,1.000000,,,,,,,,,default,,,,,,,
total_iterations,1753176972,1.000000,,,,,,,,,default,,,,,,,
vus,1753176972,10.000000,,,,,,,,,,,,,,,,
vus_max,1753176972,10.000000,,,,,,,,,,,,,,,,
http_reqs,1753176972,1.000000,,,,true,,POST,https://opensource-demo.orangehrmlive.com/web/index.php/auth/validate,HTTP/1.1,default,,302,,tls1.3,https://opensource-demo.orangehrmlive.com/web/index.php/auth/validate,,
http_req_duration,1753176972,1178.459600,,,,true,,POST,https://opensource-demo.orangehrmlive.com/web/index.php/auth/validate,HTTP/1.1,default,,302,,tls1.3,https://opensource-demo.orangehrmlive.com/web/index.php/auth/validate,,
http_req_blocked,1753176972,0.560000,,,,true,,POST,https://opensource-demo.orangehrmlive.com/web/index.php/auth/validate,HTTP/1.1,default,,302,,tls1.3,https://opensource-demo.orangehrmlive.com/web/index.php/auth/validate,,
http_req_connecting,1753176972,0.000000,,,,true,,POST,https://opensource-demo.orangehrmlive.com/web/index.php/auth/validate,HTTP/1.1,default,,302,,tls1.3,https://opensource-demo.orangehrmlive.com/web/index.php/auth/validate,,
http_req_tls_handshaking,1753176972,0.000000,,,,true,,POST,https://opensource-demo.orangehrmlive.com/web/index.php/auth/validate,HTTP/1.1,default,,302,,tls1.3,https://opensource-demo.orangehrmlive.com/web/index.php/auth/validate,,
http_req_sending,1753176972,0.000000,,,,true,,POST,https://opensource-demo.orangehrmlive.com/web/index.php/auth/validate,HTTP/1.1,default,,302,,tls1.3,https://opensource-demo.orangehrmlive.com/web/index.php/auth/validate,,
http_req_waiting,1753176972,1178.091200,,,,true,,POST,https://opensource-demo.orangehrmlive.com/web/index.php/auth/validate,HTTP/1.1,default,,302,,tls1.3,https://opensource-demo.orangehrmlive.com/web/index.php/auth/validate,,
http_req_receiving,1753176972,0.368400,,,,true,,POST,https://opensource-demo.orangehrmlive.com/web/index.php/auth/validate,HTTP/1.1,default,,302,,tls1.3,https://opensource-demo.orangehrmlive.com/web/index.php/auth/validate,,
http_req_failed,1753176972,0.000000,,,,true,,POST,https://opensource-demo.orangehrmlive.com/web/index.php/auth/validate,HTTP/1.1,default,,302,,tls1.3,https://opensource-demo.orangehrmlive.com/web/index.php/auth/validate,,
data_sent,1753176972,526.000000,,,,,,,,,default,,,,,,,
data_received,1753176972,7129.000000,,,,,,,,,default,,,,,,,
iteration_duration,1753176972,3012.609600,,,,,,,,,default,,,,,,,
iterations,1753176972,1.000000,,,,,,,,,default,,,,,,,
total_iterations,1753176972,1.000000,,,,,,,,,default,,,,,,,
http_reqs,1753176972,1.000000,,,,true,,GET,https://opensource-demo.orangehrmlive.com/web/index.php/auth/login,HTTP/1.1,default,,200,,tls1.3,https://opensource-demo.orangehrmlive.com/web/index.php/auth/login,,
http_req_duration,1753176972,1113.937900,,,,true,,GET,https://opensource-demo.orangehrmlive.com/web/index.php/auth/login,HTTP/1.1,default,,200,,tls1.3,https://opensource-demo.orangehrmlive.com/web/index.php/auth/login,,
http_req_blocked,1753176972,0.000000,,,,true,,GET,https://opensource-demo.orangehrmlive.com/web/index.php/auth/login,HTTP/1.1,default,,200,,tls1.3,https://opensource-demo.orangehrmlive.com/web/index.php/auth/login,,
http_req_connecting,1753176972,0.000000,,,,true,,GET,https://opensource-demo.orangehrmlive.com/web/index.php/auth/login,HTTP/1.1,default,,200,,tls1.3,https://opensource-demo.orangehrmlive.com/web/index.php/auth/login,,
http_req_tls_handshaking,1753176972,0.000000,,,,true,,GET,https://opensource-demo.orangehrmlive.com/web/index.php/auth/login,HTTP/1.1,default,,200,,tls1.3,https://opensource-demo.orangehrmlive.com/web/index.php/auth/login,,
http_req_sending,1753176972,0.000000,,,,true,,GET,https://opensource-demo.orangehrmlive.com/web/index.php/auth/login,HTTP/1.1,default,,200,,tls1.3,https://opensource-demo.orangehrmlive.com/web/index.php/auth/login,,
http_req_waiting,1753176972,1113.271000,,,,true,,GET,https://opensource-demo.orangehrmlive.com/web/index.php/auth/login,HTTP/1.1,default,,200,,tls1.3,https://opensource-demo.orangehrmlive.com/web/index.php/auth/login,,
http_req_receiving,1753176972,0.666900,,,,true,,GET,https://opensource-demo.orangehrmlive.com/web/index.php/auth/login,HTTP/1.1,default,,200,,tls1.3,https://opensource-demo.orangehrmlive.com/web/index.php/auth/login,,
http_req_failed,1753176972,0.000000,,,,true,,GET,https://opensource-demo.orangehrmlive.com/web/index.php/auth/login,HTTP/1.1,default,,200,,tls1.3,https://opensource-demo.orangehrmlive.com/web/index.php/auth/login,,
checks,1753176972,1.000000,status is 200 or redirect,,,,,,,,default,,,,,,,
checks,1753176972,1.000000,response is not empty,,,,,,,,default,,,,,,,
http_reqs,1753176972,1.000000,,,,true,,POST,https://opensource-demo.orangehrmlive.com/web/index.php/auth/validate,HTTP/1.1,default,,302,,tls1.3,https://opensource-demo.orangehrmlive.com/web/index.php/auth/validate,,
http_req_duration,1753176972,754.971000,,,,true,,POST,https://opensource-demo.orangehrmlive.com/web/index.php/auth/validate,HTTP/1.1,default,,302,,tls1.3,https://opensource-demo.orangehrmlive.com/web/index.php/auth/validate,,
http_req_blocked,1753176972,0.000000,,,,true,,POST,https://opensource-demo.orangehrmlive.com/web/index.php/auth/validate,HTTP/1.1,default,,302,,tls1.3,https://opensource-demo.orangehrmlive.com/web/index.php/auth/validate,,
http_req_connecting,1753176972,0.000000,,,,true,,POST,https://opensource-demo.orangehrmlive.com/web/index.php/auth/validate,HTTP/1.1,default,,302,,tls1.3,https://opensource-demo.orangehrmlive.com/web/index.php/auth/validate,,
http_req_tls_handshaking,1753176972,0.000000,,,,true,,POST,https://opensource-demo.orangehrmlive.com/web/index.php/auth/validate,HTTP/1.1,default,,302,,tls1.3,https://opensource-demo.orangehrmlive.com/web/index.php/auth/validate,,
http_req_sending,1753176972,0.000000,,,,true,,POST,https://opensource-demo.orangehrmlive.com/web/index.php/auth/validate,HTTP/1.1,default,,302,,tls1.3,https://opensource-demo.orangehrmlive.com/web/index.php/auth/validate,,
http_req_waiting,1753176972,754.971000,,,,true,,POST,https://opensource-demo.orangehrmlive.com/web/index.php/auth/validate,HTTP/1.1,default,,302,,tls1.3,https://opensource-demo.orangehrmlive.com/web/index.php/auth/validate,,
http_req_receiving,1753176972,0.000000,,,,true,,POST,https://opensource-demo.orangehrmlive.com/web/index.php/auth/validate,HTTP/1.1,default,,302,,tls1.3,https://opensource-demo.orangehrmlive.com/web/index.php/auth/validate,,
http_req_failed,1753176972,0.000000,,,,true,,POST,https://opensource-demo.orangehrmlive.com/web/index.php/auth/validate,HTTP/1.1,default,,302,,tls1.3,https://opensource-demo.orangehrmlive.com/web/index.php/auth/validate,,
http_reqs,1753176972,1.000000,,,,true,,POST,https://opensource-demo.orangehrmlive.com/web/index.php/auth/validate,HTTP/1.1,default,,302,,tls1.3,https://opensource-demo.orangehrmlive.com/web/index.php/auth/validate,,
http_req_duration,1753176972,1270.956100,,,,true,,POST,https://opensource-demo.orangehrmlive.com/web/index.php/auth/validate,HTTP/1.1,default,,302,,tls1.3,https://opensource-demo.orangehrmlive.com/web/index.php/auth/validate,,
http_req_blocked,1753176972,0.000000,,,,true,,POST,https://opensource-demo.orangehrmlive.com/web/index.php/auth/validate,HTTP/1.1,default,,302,,tls1.3,https://opensource-demo.orangehrmlive.com/web/index.php/auth/validate,,
http_req_connecting,1753176972,0.000000,,,,true,,POST,https://opensource-demo.orangehrmlive.com/web/index.php/auth/validate,HTTP/1.1,default,,302,,tls1.3,https://opensource-demo.orangehrmlive.com/web/index.php/auth/validate,,
http_req_tls_handshaking,1753176972,0.000000,,,,true,,POST,https://opensource-demo.orangehrmlive.com/web/index.php/auth/validate,HTTP/1.1,default,,302,,tls1.3,https://opensource-demo.orangehrmlive.com/web/index.php/auth/validate,,
http_req_sending,1753176972,0.000000,,,,true,,POST,https://opensource-demo.orangehrmlive.com/web/index.php/auth/validate,HTTP/1.1,default,,302,,tls1.3,https://opensource-demo.orangehrmlive.com/web/index.php/auth/validate,,
http_req_waiting,1753176972,1270.554500,,,,true,,POST,https://opensource-demo.orangehrmlive.com/web/index.php/auth/validate,HTTP/1.1,default,,302,,tls1.3,https://opensource-demo.orangehrmlive.com/web/index.php/auth/validate,,
http_req_receiving,1753176972,0.401600,,,,true,,POST,https://opensource-demo.orangehrmlive.com/web/index.php/auth/validate,HTTP/1.1,default,,302,,tls1.3,https://opensource-demo.orangehrmlive.com/web/index.php/auth/validate,,
http_req_failed,1753176972,0.000000,,,,true,,POST,https://opensource-demo.orangehrmlive.com/web/index.php/auth/validate,HTTP/1.1,default,,302,,tls1.3,https://opensource-demo.orangehrmlive.com/web/index.php/auth/validate,,
http_reqs,1753176973,1.000000,,,,true,,POST,https://opensource-demo.orangehrmlive.com/web/index.php/auth/validate,HTTP/1.1,default,,302,,tls1.3,https://opensource-demo.orangehrmlive.com/web/index.php/auth/validate,,
http_req_duration,1753176973,1271.311200,,,,true,,POST,https://opensource-demo.orangehrmlive.com/web/index.php/auth/validate,HTTP/1.1,default,,302,,tls1.3,https://opensource-demo.orangehrmlive.com/web/index.php/auth/validate,,
http_req_blocked,1753176973,0.000000,,,,true,,POST,https://opensource-demo.orangehrmlive.com/web/index.php/auth/validate,HTTP/1.1,default,,302,,tls1.3,https://opensource-demo.orangehrmlive.com/web/index.php/auth/validate,,
http_req_connecting,1753176973,0.000000,,,,true,,POST,https://opensource-demo.orangehrmlive.com/web/index.php/auth/validate,HTTP/1.1,default,,302,,tls1.3,https://opensource-demo.orangehrmlive.com/web/index.php/auth/validate,,
http_req_tls_handshaking,1753176973,0.000000,,,,true,,POST,https://opensource-demo.orangehrmlive.com/web/index.php/auth/validate,HTTP/1.1,default,,302,,tls1.3,https://opensource-demo.orangehrmlive.com/web/index.php/auth/validate,,
http_req_sending,1753176973,0.000000,,,,true,,POST,https://opensource-demo.orangehrmlive.com/web/index.php/auth/validate,HTTP/1.1,default,,302,,tls1.3,https://opensource-demo.orangehrmlive.com/web/index.php/auth/validate,,
http_req_waiting,1753176973,1271.311200,,,,true,,POST,https://opensource-demo.orangehrmlive.com/web/index.php/auth/validate,HTTP/1.1,default,,302,,tls1.3,https://opensource-demo.orangehrmlive.com/web/index.php/auth/validate,,
http_req_receiving,1753176973,0.000000,,,,true,,POST,https://opensource-demo.orangehrmlive.com/web/index.php/auth/validate,HTTP/1.1,default,,302,,tls1.3,https://opensource-demo.orangehrmlive.com/web/index.php/auth/validate,,
http_req_failed,1753176973,0.000000,,,,true,,POST,https://opensource-demo.orangehrmlive.com/web/index.php/auth/validate,HTTP/1.1,default,,302,,tls1.3,https://opensource-demo.orangehrmlive.com/web/index.php/auth/validate,,
data_sent,1753176973,526.000000,,,,,,,,,default,,,,,,,
data_received,1753176973,7110.000000,,,,,,,,,default,,,,,,,
iteration_duration,1753176973,3506.977000,,,,,,,,,default,,,,,,,
iterations,1753176973,1.000000,,,,,,,,,default,,,,,,,
data_sent,1753176973,526.000000,,,,,,,,,default,,,,,,,
data_received,1753176973,7113.000000,,,,,,,,,default,,,,,,,
iteration_duration,1753176973,3572.042200,,,,,,,,,default,,,,,,,
iterations,1753176973,1.000000,,,,,,,,,default,,,,,,,
http_reqs,1753176973,1.000000,,,,true,,GET,https://opensource-demo.orangehrmlive.com/web/index.php/auth/login,HTTP/1.1,default,,200,,tls1.3,https://opensource-demo.orangehrmlive.com/web/index.php/auth/login,,
http_req_duration,1753176973,1302.724800,,,,true,,GET,https://opensource-demo.orangehrmlive.com/web/index.php/auth/login,HTTP/1.1,default,,200,,tls1.3,https://opensource-demo.orangehrmlive.com/web/index.php/auth/login,,
http_req_blocked,1753176973,0.000000,,,,true,,GET,https://opensource-demo.orangehrmlive.com/web/index.php/auth/login,HTTP/1.1,default,,200,,tls1.3,https://opensource-demo.orangehrmlive.com/web/index.php/auth/login,,
http_req_connecting,1753176973,0.000000,,,,true,,GET,https://opensource-demo.orangehrmlive.com/web/index.php/auth/login,HTTP/1.1,default,,200,,tls1.3,https://opensource-demo.orangehrmlive.com/web/index.php/auth/login,,
http_req_tls_handshaking,1753176973,0.000000,,,,true,,GET,https://opensource-demo.orangehrmlive.com/web/index.php/auth/login,HTTP/1.1,default,,200,,tls1.3,https://opensource-demo.orangehrmlive.com/web/index.php/auth/login,,
http_req_sending,1753176973,0.000000,,,,true,,GET,https://opensource-demo.orangehrmlive.com/web/index.php/auth/login,HTTP/1.1,default,,200,,tls1.3,https://opensource-demo.orangehrmlive.com/web/index.php/auth/login,,
http_req_waiting,1753176973,1301.672100,,,,true,,GET,https://opensource-demo.orangehrmlive.com/web/index.php/auth/login,HTTP/1.1,default,,200,,tls1.3,https://opensource-demo.orangehrmlive.com/web/index.php/auth/login,,
http_req_receiving,1753176973,1.052700,,,,true,,GET,https://opensource-demo.orangehrmlive.com/web/index.php/auth/login,HTTP/1.1,default,,200,,tls1.3,https://opensource-demo.orangehrmlive.com/web/index.php/auth/login,,
http_req_failed,1753176973,0.000000,,,,true,,GET,https://opensource-demo.orangehrmlive.com/web/index.php/auth/login,HTTP/1.1,default,,200,,tls1.3,https://opensource-demo.orangehrmlive.com/web/index.php/auth/login,,
checks,1753176973,1.000000,status is 200 or redirect,,,,,,,,default,,,,,,,
checks,1753176973,1.000000,response is not empty,,,,,,,,default,,,,,,,
http_reqs,1753176973,1.000000,,,,true,,POST,https://opensource-demo.orangehrmlive.com/web/index.php/auth/validate,HTTP/1.1,default,,302,,tls1.3,https://opensource-demo.orangehrmlive.com/web/index.php/auth/validate,,
http_req_duration,1753176973,1018.364600,,,,true,,POST,https://opensource-demo.orangehrmlive.com/web/index.php/auth/validate,HTTP/1.1,default,,302,,tls1.3,https://opensource-demo.orangehrmlive.com/web/index.php/auth/validate,,
http_req_blocked,1753176973,0.000000,,,,true,,POST,https://opensource-demo.orangehrmlive.com/web/index.php/auth/validate,HTTP/1.1,default,,302,,tls1.3,https://opensource-demo.orangehrmlive.com/web/index.php/auth/validate,,
http_req_connecting,1753176973,0.000000,,,,true,,POST,https://opensource-demo.orangehrmlive.com/web/index.php/auth/validate,HTTP/1.1,default,,302,,tls1.3,https://opensource-demo.orangehrmlive.com/web/index.php/auth/validate,,
http_req_tls_handshaking,1753176973,0.000000,,,,true,,POST,https://opensource-demo.orangehrmlive.com/web/index.php/auth/validate,HTTP/1.1,default,,302,,tls1.3,https://opensource-demo.orangehrmlive.com/web/index.php/auth/validate,,
http_req_sending,1753176973,0.000000,,,,true,,POST,https://opensource-demo.orangehrmlive.com/web/index.php/auth/validate,HTTP/1.1,default,,302,,tls1.3,https://opensource-demo.orangehrmlive.com/web/index.php/auth/validate,,
http_req_waiting,1753176973,1017.797700,,,,true,,POST,https://opensource-demo.orangehrmlive.com/web/index.php/auth/validate,HTTP/1.1,default,,302,,tls1.3,https://opensource-demo.orangehrmlive.com/web/index.php/auth/validate,,
http_req_receiving,1753176973,0.566900,,,,true,,POST,https://opensource-demo.orangehrmlive.com/web/index.php/auth/validate,HTTP/1.1,default,,302,,tls1.3,https://opensource-demo.orangehrmlive.com/web/index.php/auth/validate,,
http_req_failed,1753176973,0.000000,,,,true,,POST,https://opensource-demo.orangehrmlive.com/web/index.php/auth/validate,HTTP/1.1,default,,302,,tls1.3,https://opensource-demo.orangehrmlive.com/web/index.php/auth/validate,,
vus,1753176973,8.000000,,,,,,,,,,,,,,,,
vus_max,1753176973,10.000000,,,,,,,,,,,,,,,,
data_sent,1753176973,526.000000,,,,,,,,,default,,,,,,,
data_received,1753176973,7102.000000,,,,,,,,,default,,,,,,,
iteration_duration,1753176973,3272.583500,,,,,,,,,default,,,,,,,
iterations,1753176973,1.000000,,,,,,,,,default,,,,,,,
http_reqs,1753176973,1.000000,,,,true,,GET,https://opensource-demo.orangehrmlive.com/web/index.php/auth/login,HTTP/1.1,default,,200,,tls1.3,https://opensource-demo.orangehrmlive.com/web/index.php/auth/login,,
http_req_duration,1753176973,985.733200,,,,true,,GET,https://opensource-demo.orangehrmlive.com/web/index.php/auth/login,HTTP/1.1,default,,200,,tls1.3,https://opensource-demo.orangehrmlive.com/web/index.php/auth/login,,
http_req_blocked,1753176973,0.000000,,,,true,,GET,https://opensource-demo.orangehrmlive.com/web/index.php/auth/login,HTTP/1.1,default,,200,,tls1.3,https://opensource-demo.orangehrmlive.com/web/index.php/auth/login,,
http_req_connecting,1753176973,0.000000,,,,true,,GET,https://opensource-demo.orangehrmlive.com/web/index.php/auth/login,HTTP/1.1,default,,200,,tls1.3,https://opensource-demo.orangehrmlive.com/web/index.php/auth/login,,
http_req_tls_handshaking,1753176973,0.000000,,,,true,,GET,https://opensource-demo.orangehrmlive.com/web/index.php/auth/login,HTTP/1.1,default,,200,,tls1.3,https://opensource-demo.orangehrmlive.com/web/index.php/auth/login,,
http_req_sending,1753176973,0.000000,,,,true,,GET,https://opensource-demo.orangehrmlive.com/web/index.php/auth/login,HTTP/1.1,default,,200,,tls1.3,https://opensource-demo.orangehrmlive.com/web/index.php/auth/login,,
http_req_waiting,1753176973,984.608200,,,,true,,GET,https://opensource-demo.orangehrmlive.com/web/index.php/auth/login,HTTP/1.1,default,,200,,tls1.3,https://opensource-demo.orangehrmlive.com/web/index.php/auth/login,,
http_req_receiving,1753176973,1.125000,,,,true,,GET,https://opensource-demo.orangehrmlive.com/web/index.php/auth/login,HTTP/1.1,default,,200,,tls1.3,https://opensource-demo.orangehrmlive.com/web/index.php/auth/login,,
http_req_failed,1753176973,0.000000,,,,true,,GET,https://opensource-demo.orangehrmlive.com/web/index.php/auth/login,HTTP/1.1,default,,200,,tls1.3,https://opensource-demo.orangehrmlive.com/web/index.php/auth/login,,
checks,1753176973,1.000000,status is 200 or redirect,,,,,,,,default,,,,,,,
checks,1753176973,1.000000,response is not empty,,,,,,,,default,,,,,,,
http_reqs,1753176973,1.000000,,,,true,,GET,https://opensource-demo.orangehrmlive.com/web/index.php/auth/login,HTTP/1.1,default,,200,,tls1.3,https://opensource-demo.orangehrmlive.com/web/index.php/auth/login,,
http_req_duration,1753176973,922.502400,,,,true,,GET,https://opensource-demo.orangehrmlive.com/web/index.php/auth/login,HTTP/1.1,default,,200,,tls1.3,https://opensource-demo.orangehrmlive.com/web/index.php/auth/login,,
http_req_blocked,1753176973,0.000000,,,,true,,GET,https://opensource-demo.orangehrmlive.com/web/index.php/auth/login,HTTP/1.1,default,,200,,tls1.3,https://opensource-demo.orangehrmlive.com/web/index.php/auth/login,,
http_req_connecting,1753176973,0.000000,,,,true,,GET,https://opensource-demo.orangehrmlive.com/web/index.php/auth/login,HTTP/1.1,default,,200,,tls1.3,https://opensource-demo.orangehrmlive.com/web/index.php/auth/login,,
http_req_tls_handshaking,1753176973,0.000000,,,,true,,GET,https://opensource-demo.orangehrmlive.com/web/index.php/auth/login,HTTP/1.1,default,,200,,tls1.3,https://opensource-demo.orangehrmlive.com/web/index.php/auth/login,,
http_req_sending,1753176973,0.000000,,,,true,,GET,https://opensource-demo.orangehrmlive.com/web/index.php/auth/login,HTTP/1.1,default,,200,,tls1.3,https://opensource-demo.orangehrmlive.com/web/index.php/auth/login,,
http_req_waiting,1753176973,921.826900,,,,true,,GET,https://opensource-demo.orangehrmlive.com/web/index.php/auth/login,HTTP/1.1,default,,200,,tls1.3,https://opensource-demo.orangehrmlive.com/web/index.php/auth/login,,
http_req_receiving,1753176973,0.675500,,,,true,,GET,https://opensource-demo.orangehrmlive.com/web/index.php/auth/login,HTTP/1.1,default,,200,,tls1.3,https://opensource-demo.orangehrmlive.com/web/index.php/auth/login,,
http_req_failed,1753176973,0.000000,,,,true,,GET,https://opensource-demo.orangehrmlive.com/web/index.php/auth/login,HTTP/1.1,default,,200,,tls1.3,https://opensource-demo.orangehrmlive.com/web/index.php/auth/login,,
checks,1753176973,1.000000,status is 200 or redirect,,,,,,,,default,,,,,,,
checks,1753176973,1.000000,response is not empty,,,,,,,,default,,,,,,,
http_reqs,1753176973,1.000000,,,,true,,GET,https://opensource-demo.orangehrmlive.com/web/index.php/auth/login,HTTP/1.1,default,,200,,tls1.3,https://opensource-demo.orangehrmlive.com/web/index.php/auth/login,,
http_req_duration,1753176973,861.931900,,,,true,,GET,https://opensource-demo.orangehrmlive.com/web/index.php/auth/login,HTTP/1.1,default,,200,,tls1.3,https://opensource-demo.orangehrmlive.com/web/index.php/auth/login,,
http_req_blocked,1753176973,0.000000,,,,true,,GET,https://opensource-demo.orangehrmlive.com/web/index.php/auth/login,HTTP/1.1,default,,200,,tls1.3,https://opensource-demo.orangehrmlive.com/web/index.php/auth/login,,
http_req_connecting,1753176973,0.000000,,,,true,,GET,https://opensource-demo.orangehrmlive.com/web/index.php/auth/login,HTTP/1.1,default,,200,,tls1.3,https://opensource-demo.orangehrmlive.com/web/index.php/auth/login,,
http_req_tls_handshaking,1753176973,0.000000,,,,true,,GET,https://opensource-demo.orangehrmlive.com/web/index.php/auth/login,HTTP/1.1,default,,200,,tls1.3,https://opensource-demo.orangehrmlive.com/web/index.php/auth/login,,
http_req_sending,1753176973,0.000000,,,,true,,GET,https://opensource-demo.orangehrmlive.com/web/index.php/auth/login,HTTP/1.1,default,,200,,tls1.3,https://opensource-demo.orangehrmlive.com/web/index.php/auth/login,,
http_req_waiting,1753176973,861.492300,,,,true,,GET,https://opensource-demo.orangehrmlive.com/web/index.php/auth/login,HTTP/1.1,default,,200,,tls1.3,https://opensource-demo.orangehrmlive.com/web/index.php/auth/login,,
http_req_receiving,1753176973,0.439600,,,,true,,GET,https://opensource-demo.orangehrmlive.com/web/index.php/auth/login,HTTP/1.1,default,,200,,tls1.3,https://opensource-demo.orangehrmlive.com/web/index.php/auth/login,,
http_req_failed,1753176973,0.000000,,,,true,,GET,https://opensource-demo.orangehrmlive.com/web/index.php/auth/login,HTTP/1.1,default,,200,,tls1.3,https://opensource-demo.orangehrmlive.com/web/index.php/auth/login,,
checks,1753176973,1.000000,status is 200 or redirect,,,,,,,,default,,,,,,,
checks,1753176973,1.000000,response is not empty,,,,,,,,default,,,,,,,
http_reqs,1753176973,1.000000,,,,true,,POST,https://opensource-demo.orangehrmlive.com/web/index.php/auth/validate,HTTP/1.1,default,,302,,tls1.3,https://opensource-demo.orangehrmlive.com/web/index.php/auth/validate,,
http_req_duration,1753176973,1360.169000,,,,true,,POST,https://opensource-demo.orangehrmlive.com/web/index.php/auth/validate,HTTP/1.1,default,,302,,tls1.3,https://opensource-demo.orangehrmlive.com/web/index.php/auth/validate,,
http_req_blocked,1753176973,0.000000,,,,true,,POST,https://opensource-demo.orangehrmlive.com/web/index.php/auth/validate,HTTP/1.1,default,,302,,tls1.3,https://opensource-demo.orangehrmlive.com/web/index.php/auth/validate,,
http_req_connecting,1753176973,0.000000,,,,true,,POST,https://opensource-demo.orangehrmlive.com/web/index.php/auth/validate,HTTP/1.1,default,,302,,tls1.3,https://opensource-demo.orangehrmlive.com/web/index.php/auth/validate,,
http_req_tls_handshaking,1753176973,0.000000,,,,true,,POST,https://opensource-demo.orangehrmlive.com/web/index.php/auth/validate,HTTP/1.1,default,,302,,tls1.3,https://opensource-demo.orangehrmlive.com/web/index.php/auth/validate,,
http_req_sending,1753176973,0.000000,,,,true,,POST,https://opensource-demo.orangehrmlive.com/web/index.php/auth/validate,HTTP/1.1,default,,302,,tls1.3,https://opensource-demo.orangehrmlive.com/web/index.php/auth/validate,,
http_req_waiting,1753176973,1359.775700,,,,true,,POST,https://opensource-demo.orangehrmlive.com/web/index.php/auth/validate,HTTP/1.1,default,,302,,tls1.3,https://opensource-demo.orangehrmlive.com/web/index.php/auth/validate,,
http_req_receiving,1753176973,0.393300,,,,true,,POST,https://opensource-demo.orangehrmlive.com/web/index.php/auth/validate,HTTP/1.1,default,,302,,tls1.3,https://opensource-demo.orangehrmlive.com/web/index.php/auth/validate,,
http_req_failed,1753176973,0.000000,,,,true,,POST,https://opensource-demo.orangehrmlive.com/web/index.php/auth/validate,HTTP/1.1,default,,302,,tls1.3,https://opensource-demo.orangehrmlive.com/web/index.php/auth/validate,,
http_reqs,1753176974,1.000000,,,,true,,GET,https://opensource-demo.orangehrmlive.com/web/index.php/auth/login,HTTP/1.1,default,,200,,tls1.3,https://opensource-demo.orangehrmlive.com/web/index.php/auth/login,,
http_req_duration,1753176974,1565.415200,,,,true,,GET,https://opensource-demo.orangehrmlive.com/web/index.php/auth/login,HTTP/1.1,default,,200,,tls1.3,https://opensource-demo.orangehrmlive.com/web/index.php/auth/login,,
http_req_blocked,1753176974,0.000000,,,,true,,GET,https://opensource-demo.orangehrmlive.com/web/index.php/auth/login,HTTP/1.1,default,,200,,tls1.3,https://opensource-demo.orangehrmlive.com/web/index.php/auth/login,,
http_req_connecting,1753176974,0.000000,,,,true,,GET,https://opensource-demo.orangehrmlive.com/web/index.php/auth/login,HTTP/1.1,default,,200,,tls1.3,https://opensource-demo.orangehrmlive.com/web/index.php/auth/login,,
http_req_tls_handshaking,1753176974,0.000000,,,,true,,GET,https://opensource-demo.orangehrmlive.com/web/index.php/auth/login,HTTP/1.1,default,,200,,tls1.3,https://opensource-demo.orangehrmlive.com/web/index.php/auth/login,,
http_req_sending,1753176974,0.000000,,,,true,,GET,https://opensource-demo.orangehrmlive.com/web/index.php/auth/login,HTTP/1.1,default,,200,,tls1.3,https://opensource-demo.orangehrmlive.com/web/index.php/auth/login,,
http_req_waiting,1753176974,1564.771000,,,,true,,GET,https://opensource-demo.orangehrmlive.com/web/index.php/auth/login,HTTP/1.1,default,,200,,tls1.3,https://opensource-demo.orangehrmlive.com/web/index.php/auth/login,,
http_req_receiving,1753176974,0.644200,,,,true,,GET,https://opensource-demo.orangehrmlive.com/web/index.php/auth/login,HTTP/1.1,default,,200,,tls1.3,https://opensource-demo.orangehrmlive.com/web/index.php/auth/login,,
http_req_failed,1753176974,0.000000,,,,true,,GET,https://opensource-demo.orangehrmlive.com/web/index.php/auth/login,HTTP/1.1,default,,200,,tls1.3,https://opensource-demo.orangehrmlive.com/web/index.php/auth/login,,
checks,1753176974,1.000000,status is 200 or redirect,,,,,,,,default,,,,,,,
checks,1753176974,1.000000,response is not empty,,,,,,,,default,,,,,,,
http_reqs,1753176974,1.000000,,,,true,,GET,https://opensource-demo.orangehrmlive.com/web/index.php/auth/login,HTTP/1.1,default,,200,,tls1.3,https://opensource-demo.orangehrmlive.com/web/index.php/auth/login,,
http_req_duration,1753176974,772.701900,,,,true,,GET,https://opensource-demo.orangehrmlive.com/web/index.php/auth/login,HTTP/1.1,default,,200,,tls1.3,https://opensource-demo.orangehrmlive.com/web/index.php/auth/login,,
http_req_blocked,1753176974,0.000000,,,,true,,GET,https://opensource-demo.orangehrmlive.com/web/index.php/auth/login,HTTP/1.1,default,,200,,tls1.3,https://opensource-demo.orangehrmlive.com/web/index.php/auth/login,,
http_req_connecting,1753176974,0.000000,,,,true,,GET,https://opensource-demo.orangehrmlive.com/web/index.php/auth/login,HTTP/1.1,default,,200,,tls1.3,https://opensource-demo.orangehrmlive.com/web/index.php/auth/login,,
http_req_tls_handshaking,1753176974,0.000000,,,,true,,GET,https://opensource-demo.orangehrmlive.com/web/index.php/auth/login,HTTP/1.1,default,,200,,tls1.3,https://opensource-demo.orangehrmlive.com/web/index.php/auth/login,,
http_req_sending,1753176974,0.000000,,,,true,,GET,https://opensource-demo.orangehrmlive.com/web/index.php/auth/login,HTTP/1.1,default,,200,,tls1.3,https://opensource-demo.orangehrmlive.com/web/index.php/auth/login,,
http_req_waiting,1753176974,771.894100,,,,true,,GET,https://opensource-demo.orangehrmlive.com/web/index.php/auth/login,HTTP/1.1,default,,200,,tls1.3,https://opensource-demo.orangehrmlive.com/web/index.php/auth/login,,
http_req_receiving,1753176974,0.807800,,,,true,,GET,https://opensource-demo.orangehrmlive.com/web/index.php/auth/login,HTTP/1.1,default,,200,,tls1.3,https://opensource-demo.orangehrmlive.com/web/index.php/auth/login,,
http_req_failed,1753176974,0.000000,,,,true,,GET,https://opensource-demo.orangehrmlive.com/web/index.php/auth/login,HTTP/1.1,default,,200,,tls1.3,https://opensource-demo.orangehrmlive.com/web/index.php/auth/login,,
checks,1753176974,1.000000,status is 200 or redirect,,,,,,,,default,,,,,,,
checks,1753176974,1.000000,response is not empty,,,,,,,,default,,,,,,,
data_sent,1753176974,529.000000,,,,,,,,,default,,,,,,,
data_received,1753176974,7116.000000,,,,,,,,,default,,,,,,,
iteration_duration,1753176974,3561.070500,,,,,,,,,default,,,,,,,
iterations,1753176974,1.000000,,,,,,,,,default,,,,,,,
total_iterations,1753176974,1.000000,,,,,,,,,default,,,,,,,
vus,1753176974,7.000000,,,,,,,,,,,,,,,,
vus_max,1753176974,10.000000,,,,,,,,,,,,,,,,
data_sent,1753176974,526.000000,,,,,,,,,default,,,,,,,
data_received,1753176974,7129.000000,,,,,,,,,default,,,,,,,
iteration_duration,1753176974,2742.153600,,,,,,,,,default,,,,,,,
iterations,1753176974,1.000000,,,,,,,,,default,,,,,,,
total_iterations,1753176974,1.000000,,,,,,,,,default,,,,,,,
data_sent,1753176974,526.000000,,,,,,,,,default,,,,,,,
data_received,1753176974,7102.000000,,,,,,,,,default,,,,,,,
iteration_duration,1753176974,3194.548500,,,,,,,,,default,,,,,,,
iterations,1753176974,1.000000,,,,,,,,,default,,,,,,,
total_iterations,1753176974,1.000000,,,,,,,,,default,,,,,,,
data_sent,1753176974,532.000000,,,,,,,,,default,,,,,,,
data_received,1753176974,7098.000000,,,,,,,,,default,,,,,,,
iteration_duration,1753176974,3134.663000,,,,,,,,,default,,,,,,,
iterations,1753176974,1.000000,,,,,,,,,default,,,,,,,
http_reqs,1753176974,1.000000,,,,true,,GET,https://opensource-demo.orangehrmlive.com/web/index.php/auth/login,HTTP/1.1,default,,200,,tls1.3,https://opensource-demo.orangehrmlive.com/web/index.php/auth/login,,
http_req_duration,1753176974,1043.325800,,,,true,,GET,https://opensource-demo.orangehrmlive.com/web/index.php/auth/login,HTTP/1.1,default,,200,,tls1.3,https://opensource-demo.orangehrmlive.com/web/index.php/auth/login,,
http_req_blocked,1753176974,0.000000,,,,true,,GET,https://opensource-demo.orangehrmlive.com/web/index.php/auth/login,HTTP/1.1,default,,200,,tls1.3,https://opensource-demo.orangehrmlive.com/web/index.php/auth/login,,
http_req_connecting,1753176974,0.000000,,,,true,,GET,https://opensource-demo.orangehrmlive.com/web/index.php/auth/login,HTTP/1.1,default,,200,,tls1.3,https://opensource-demo.orangehrmlive.com/web/index.php/auth/login,,
http_req_tls_handshaking,1753176974,0.000000,,,,true,,GET,https://opensource-demo.orangehrmlive.com/web/index.php/auth/login,HTTP/1.1,default,,200,,tls1.3,https://opensource-demo.orangehrmlive.com/web/index.php/auth/login,,
http_req_sending,1753176974,0.000000,,,,true,,GET,https://opensource-demo.orangehrmlive.com/web/index.php/auth/login,HTTP/1.1,default,,200,,tls1.3,https://opensource-demo.orangehrmlive.com/web/index.php/auth/login,,
http_req_waiting,1753176974,1042.513500,,,,true,,GET,https://opensource-demo.orangehrmlive.com/web/index.php/auth/login,HTTP/1.1,default,,200,,tls1.3,https://opensource-demo.orangehrmlive.com/web/index.php/auth/login,,
http_req_receiving,1753176974,0.812300,,,,true,,GET,https://opensource-demo.orangehrmlive.com/web/index.php/auth/login,HTTP/1.1,default,,200,,tls1.3,https://opensource-demo.orangehrmlive.com/web/index.php/auth/login,,
http_req_failed,1753176974,0.000000,,,,true,,GET,https://opensource-demo.orangehrmlive.com/web/index.php/auth/login,HTTP/1.1,default,,200,,tls1.3,https://opensource-demo.orangehrmlive.com/web/index.php/auth/login,,
checks,1753176974,1.000000,status is 200 or redirect,,,,,,,,default,,,,,,,
checks,1753176974,1.000000,response is not empty,,,,,,,,default,,,,,,,
http_reqs,1753176975,1.000000,,,,true,,POST,https://opensource-demo.orangehrmlive.com/web/index.php/auth/validate,HTTP/1.1,default,,302,,tls1.3,https://opensource-demo.orangehrmlive.com/web/index.php/auth/validate,,
http_req_duration,1753176975,867.478600,,,,true,,POST,https://opensource-demo.orangehrmlive.com/web/index.php/auth/validate,HTTP/1.1,default,,302,,tls1.3,https://opensource-demo.orangehrmlive.com/web/index.php/auth/validate,,
http_req_blocked,1753176975,0.000000,,,,true,,POST,https://opensource-demo.orangehrmlive.com/web/index.php/auth/validate,HTTP/1.1,default,,302,,tls1.3,https://opensource-demo.orangehrmlive.com/web/index.php/auth/validate,,
http_req_connecting,1753176975,0.000000,,,,true,,POST,https://opensource-demo.orangehrmlive.com/web/index.php/auth/validate,HTTP/1.1,default,,302,,tls1.3,https://opensource-demo.orangehrmlive.com/web/index.php/auth/validate,,
http_req_tls_handshaking,1753176975,0.000000,,,,true,,POST,https://opensource-demo.orangehrmlive.com/web/index.php/auth/validate,HTTP/1.1,default,,302,,tls1.3,https://opensource-demo.orangehrmlive.com/web/index.php/auth/validate,,
http_req_sending,1753176975,0.000000,,,,true,,POST,https://opensource-demo.orangehrmlive.com/web/index.php/auth/validate,HTTP/1.1,default,,302,,tls1.3,https://opensource-demo.orangehrmlive.com/web/index.php/auth/validate,,
http_req_waiting,1753176975,866.757700,,,,true,,POST,https://opensource-demo.orangehrmlive.com/web/index.php/auth/validate,HTTP/1.1,default,,302,,tls1.3,https://opensource-demo.orangehrmlive.com/web/index.php/auth/validate,,
http_req_receiving,1753176975,0.720900,,,,true,,POST,https://opensource-demo.orangehrmlive.com/web/index.php/auth/validate,HTTP/1.1,default,,302,,tls1.3,https://opensource-demo.orangehrmlive.com/web/index.php/auth/validate,,
http_req_failed,1753176975,0.000000,,,,true,,POST,https://opensource-demo.orangehrmlive.com/web/index.php/auth/validate,HTTP/1.1,default,,302,,tls1.3,https://opensource-demo.orangehrmlive.com/web/index.php/auth/validate,,
data_sent,1753176975,526.000000,,,,,,,,,default,,,,,,,
data_received,1753176975,7114.000000,,,,,,,,,default,,,,,,,
iteration_duration,1753176975,3745.198500,,,,,,,,,default,,,,,,,
iterations,1753176975,1.000000,,,,,,,,,default,,,,,,,
data_sent,1753176975,526.000000,,,,,,,,,default,,,,,,,
data_received,1753176975,7122.000000,,,,,,,,,default,,,,,,,
iteration_duration,1753176975,2792.159400,,,,,,,,,default,,,,,,,
iterations,1753176975,1.000000,,,,,,,,,default,,,,,,,
total_iterations,1753176975,1.000000,,,,,,,,,default,,,,,,,
vus,1753176975,5.000000,,,,,,,,,,,,,,,,
vus_max,1753176975,10.000000,,,,,,,,,,,,,,,,
http_reqs,1753176975,1.000000,,,,true,,POST,https://opensource-demo.orangehrmlive.com/web/index.php/auth/validate,HTTP/1.1,default,,302,,tls1.3,https://opensource-demo.orangehrmlive.com/web/index.php/auth/validate,,
http_req_duration,1753176975,580.092900,,,,true,,POST,https://opensource-demo.orangehrmlive.com/web/index.php/auth/validate,HTTP/1.1,default,,302,,tls1.3,https://opensource-demo.orangehrmlive.com/web/index.php/auth/validate,,
http_req_blocked,1753176975,0.000000,,,,true,,POST,https://opensource-demo.orangehrmlive.com/web/index.php/auth/validate,HTTP/1.1,default,,302,,tls1.3,https://opensource-demo.orangehrmlive.com/web/index.php/auth/validate,,
http_req_connecting,1753176975,0.000000,,,,true,,POST,https://opensource-demo.orangehrmlive.com/web/index.php/auth/validate,HTTP/1.1,default,,302,,tls1.3,https://opensource-demo.orangehrmlive.com/web/index.php/auth/validate,,
http_req_tls_handshaking,1753176975,0.000000,,,,true,,POST,https://opensource-demo.orangehrmlive.com/web/index.php/auth/validate,HTTP/1.1,default,,302,,tls1.3,https://opensource-demo.orangehrmlive.com/web/index.php/auth/validate,,
http_req_sending,1753176975,0.000000,,,,true,,POST,https://opensource-demo.orangehrmlive.com/web/index.php/auth/validate,HTTP/1.1,default,,302,,tls1.3,https://opensource-demo.orangehrmlive.com/web/index.php/auth/validate,,
http_req_waiting,1753176975,579.724200,,,,true,,POST,https://opensource-demo.orangehrmlive.com/web/index.php/auth/validate,HTTP/1.1,default,,302,,tls1.3,https://opensource-demo.orangehrmlive.com/web/index.php/auth/validate,,
http_req_receiving,1753176975,0.368700,,,,true,,POST,https://opensource-demo.orangehrmlive.com/web/index.php/auth/validate,HTTP/1.1,default,,302,,tls1.3,https://opensource-demo.orangehrmlive.com/web/index.php/auth/validate,,
http_req_failed,1753176975,0.000000,,,,true,,POST,https://opensource-demo.orangehrmlive.com/web/index.php/auth/validate,HTTP/1.1,default,,302,,tls1.3,https://opensource-demo.orangehrmlive.com/web/index.php/auth/validate,,
http_reqs,1753176975,1.000000,,,,true,,POST,https://opensource-demo.orangehrmlive.com/web/index.php/auth/validate,HTTP/1.1,default,,302,,tls1.3,https://opensource-demo.orangehrmlive.com/web/index.php/auth/validate,,
http_req_duration,1753176975,1043.710200,,,,true,,POST,https://opensource-demo.orangehrmlive.com/web/index.php/auth/validate,HTTP/1.1,default,,302,,tls1.3,https://opensource-demo.orangehrmlive.com/web/index.php/auth/validate,,
http_req_blocked,1753176975,0.000000,,,,true,,POST,https://opensource-demo.orangehrmlive.com/web/index.php/auth/validate,HTTP/1.1,default,,302,,tls1.3,https://opensource-demo.orangehrmlive.com/web/index.php/auth/validate,,
http_req_connecting,1753176975,0.000000,,,,true,,POST,https://opensource-demo.orangehrmlive.com/web/index.php/auth/validate,HTTP/1.1,default,,302,,tls1.3,https://opensource-demo.orangehrmlive.com/web/index.php/auth/validate,,
http_req_tls_handshaking,1753176975,0.000000,,,,true,,POST,https://opensource-demo.orangehrmlive.com/web/index.php/auth/validate,HTTP/1.1,default,,302,,tls1.3,https://opensource-demo.orangehrmlive.com/web/index.php/auth/validate,,
http_req_sending,1753176975,0.000000,,,,true,,POST,https://opensource-demo.orangehrmlive.com/web/index.php/auth/validate,HTTP/1.1,default,,302,,tls1.3,https://opensource-demo.orangehrmlive.com/web/index.php/auth/validate,,
http_req_waiting,1753176975,1042.940400,,,,true,,POST,https://opensource-demo.orangehrmlive.com/web/index.php/auth/validate,HTTP/1.1,default,,302,,tls1.3,https://opensource-demo.orangehrmlive.com/web/index.php/auth/validate,,
http_req_receiving,1753176975,0.769800,,,,true,,POST,https://opensource-demo.orangehrmlive.com/web/index.php/auth/validate,HTTP/1.1,default,,302,,tls1.3,https://opensource-demo.orangehrmlive.com/web/index.php/auth/validate,,
http_req_failed,1753176975,0.000000,,,,true,,POST,https://opensource-demo.orangehrmlive.com/web/index.php/auth/validate,HTTP/1.1,default,,302,,tls1.3,https://opensource-demo.orangehrmlive.com/web/index.php/auth/validate,,
data_sent,1753176975,529.000000,,,,,,,,,default,,,,,,,
data_received,1753176975,7111.000000,,,,,,,,,default,,,,,,,
iteration_duration,1753176975,3404.576600,,,,,,,,,default,,,,,,,
iterations,1753176975,1.000000,,,,,,,,,default,,,,,,,
total_iterations,1753176975,1.000000,,,,,,,,,default,,,,,,,
http_reqs,1753176976,1.000000,,,,true,,GET,https://opensource-demo.orangehrmlive.com/web/index.php/auth/login,HTTP/1.1,default,,200,,tls1.3,https://opensource-demo.orangehrmlive.com/web/index.php/auth/login,,
http_req_duration,1753176976,430.909900,,,,true,,GET,https://opensource-demo.orangehrmlive.com/web/index.php/auth/login,HTTP/1.1,default,,200,,tls1.3,https://opensource-demo.orangehrmlive.com/web/index.php/auth/login,,
http_req_blocked,1753176976,0.000000,,,,true,,GET,https://opensource-demo.orangehrmlive.com/web/index.php/auth/login,HTTP/1.1,default,,200,,tls1.3,https://opensource-demo.orangehrmlive.com/web/index.php/auth/login,,
http_req_connecting,1753176976,0.000000,,,,true,,GET,https://opensource-demo.orangehrmlive.com/web/index.php/auth/login,HTTP/1.1,default,,200,,tls1.3,https://opensource-demo.orangehrmlive.com/web/index.php/auth/login,,
http_req_tls_handshaking,1753176976,0.000000,,,,true,,GET,https://opensource-demo.orangehrmlive.com/web/index.php/auth/login,HTTP/1.1,default,,200,,tls1.3,https://opensource-demo.orangehrmlive.com/web/index.php/auth/login,,
http_req_sending,1753176976,0.000000,,,,true,,GET,https://opensource-demo.orangehrmlive.com/web/index.php/auth/login,HTTP/1.1,default,,200,,tls1.3,https://opensource-demo.orangehrmlive.com/web/index.php/auth/login,,
http_req_waiting,1753176976,430.312400,,,,true,,GET,https://opensource-demo.orangehrmlive.com/web/index.php/auth/login,HTTP/1.1,default,,200,,tls1.3,https://opensource-demo.orangehrmlive.com/web/index.php/auth/login,,
http_req_receiving,1753176976,0.597500,,,,true,,GET,https://opensource-demo.orangehrmlive.com/web/index.php/auth/login,HTTP/1.1,default,,200,,tls1.3,https://opensource-demo.orangehrmlive.com/web/index.php/auth/login,,
http_req_failed,1753176976,0.000000,,,,true,,GET,https://opensource-demo.orangehrmlive.com/web/index.php/auth/login,HTTP/1.1,default,,200,,tls1.3,https://opensource-demo.orangehrmlive.com/web/index.php/auth/login,,
checks,1753176976,1.000000,status is 200 or redirect,,,,,,,,default,,,,,,,
checks,1753176976,1.000000,response is not empty,,,,,,,,default,,,,,,,
http_reqs,1753176976,1.000000,,,,true,,POST,https://opensource-demo.orangehrmlive.com/web/index.php/auth/validate,HTTP/1.1,default,,302,,tls1.3,https://opensource-demo.orangehrmlive.com/web/index.php/auth/validate,,
http_req_duration,1753176976,1393.425500,,,,true,,POST,https://opensource-demo.orangehrmlive.com/web/index.php/auth/validate,HTTP/1.1,default,,302,,tls1.3,https://opensource-demo.orangehrmlive.com/web/index.php/auth/validate,,
http_req_blocked,1753176976,0.000000,,,,true,,POST,https://opensource-demo.orangehrmlive.com/web/index.php/auth/validate,HTTP/1.1,default,,302,,tls1.3,https://opensource-demo.orangehrmlive.com/web/index.php/auth/validate,,
http_req_connecting,1753176976,0.000000,,,,true,,POST,https://opensource-demo.orangehrmlive.com/web/index.php/auth/validate,HTTP/1.1,default,,302,,tls1.3,https://opensource-demo.orangehrmlive.com/web/index.php/auth/validate,,
http_req_tls_handshaking,1753176976,0.000000,,,,true,,POST,https://opensource-demo.orangehrmlive.com/web/index.php/auth/validate,HTTP/1.1,default,,302,,tls1.3,https://opensource-demo.orangehrmlive.com/web/index.php/auth/validate,,
http_req_sending,1753176976,0.511100,,,,true,,POST,https://opensource-demo.orangehrmlive.com/web/index.php/auth/validate,HTTP/1.1,default,,302,,tls1.3,https://opensource-demo.orangehrmlive.com/web/index.php/auth/validate,,
http_req_waiting,1753176976,1392.318000,,,,true,,POST,https://opensource-demo.orangehrmlive.com/web/index.php/auth/validate,HTTP/1.1,default,,302,,tls1.3,https://opensource-demo.orangehrmlive.com/web/index.php/auth/validate,,
http_req_receiving,1753176976,0.596400,,,,true,,POST,https://opensource-demo.orangehrmlive.com/web/index.php/auth/validate,HTTP/1.1,default,,302,,tls1.3,https://opensource-demo.orangehrmlive.com/web/index.php/auth/validate,,
http_req_failed,1753176976,0.000000,,,,true,,POST,https://opensource-demo.orangehrmlive.com/web/index.php/auth/validate,HTTP/1.1,default,,302,,tls1.3,https://opensource-demo.orangehrmlive.com/web/index.php/auth/validate,,
vus,1753176976,5.000000,,,,,,,,,,,,,,,,
vus_max,1753176976,10.000000,,,,,,,,,,,,,,,,
http_reqs,1753176976,1.000000,,,,true,,GET,https://opensource-demo.orangehrmlive.com/web/index.php/auth/login,HTTP/1.1,default,,200,,tls1.3,https://opensource-demo.orangehrmlive.com/web/index.php/auth/login,,
http_req_duration,1753176976,1586.853900,,,,true,,GET,https://opensource-demo.orangehrmlive.com/web/index.php/auth/login,HTTP/1.1,default,,200,,tls1.3,https://opensource-demo.orangehrmlive.com/web/index.php/auth/login,,
http_req_blocked,1753176976,0.000000,,,,true,,GET,https://opensource-demo.orangehrmlive.com/web/index.php/auth/login,HTTP/1.1,default,,200,,tls1.3,https://opensource-demo.orangehrmlive.com/web/index.php/auth/login,,
http_req_connecting,1753176976,0.000000,,,,true,,GET,https://opensource-demo.orangehrmlive.com/web/index.php/auth/login,HTTP/1.1,default,,200,,tls1.3,https://opensource-demo.orangehrmlive.com/web/index.php/auth/login,,
http_req_tls_handshaking,1753176976,0.000000,,,,true,,GET,https://opensource-demo.orangehrmlive.com/web/index.php/auth/login,HTTP/1.1,default,,200,,tls1.3,https://opensource-demo.orangehrmlive.com/web/index.php/auth/login,,
http_req_sending,1753176976,0.000000,,,,true,,GET,https://opensource-demo.orangehrmlive.com/web/index.php/auth/login,HTTP/1.1,default,,200,,tls1.3,https://opensource-demo.orangehrmlive.com/web/index.php/auth/login,,
http_req_waiting,1753176976,1586.853900,,,,true,,GET,https://opensource-demo.orangehrmlive.com/web/index.php/auth/login,HTTP/1.1,default,,200,,tls1.3,https://opensource-demo.orangehrmlive.com/web/index.php/auth/login,,
http_req_receiving,1753176976,0.000000,,,,true,,GET,https://opensource-demo.orangehrmlive.com/web/index.php/auth/login,HTTP/1.1,default,,200,,tls1.3,https://opensource-demo.orangehrmlive.com/web/index.php/auth/login,,
http_req_failed,1753176976,0.000000,,,,true,,GET,https://opensource-demo.orangehrmlive.com/web/index.php/auth/login,HTTP/1.1,default,,200,,tls1.3,https://opensource-demo.orangehrmlive.com/web/index.php/auth/login,,
checks,1753176976,1.000000,status is 200 or redirect,,,,,,,,default,,,,,,,
checks,1753176976,1.000000,response is not empty,,,,,,,,default,,,,,,,
http_reqs,1753176977,1.000000,,,,true,,GET,https://opensource-demo.orangehrmlive.com/web/index.php/auth/login,HTTP/1.1,default,,200,,tls1.3,https://opensource-demo.orangehrmlive.com/web/index.php/auth/login,,
http_req_duration,1753176977,900.831700,,,,true,,GET,https://opensource-demo.orangehrmlive.com/web/index.php/auth/login,HTTP/1.1,default,,200,,tls1.3,https://opensource-demo.orangehrmlive.com/web/index.php/auth/login,,
http_req_blocked,1753176977,0.000000,,,,true,,GET,https://opensource-demo.orangehrmlive.com/web/index.php/auth/login,HTTP/1.1,default,,200,,tls1.3,https://opensource-demo.orangehrmlive.com/web/index.php/auth/login,,
http_req_connecting,1753176977,0.000000,,,,true,,GET,https://opensource-demo.orangehrmlive.com/web/index.php/auth/login,HTTP/1.1,default,,200,,tls1.3,https://opensource-demo.orangehrmlive.com/web/index.php/auth/login,,
http_req_tls_handshaking,1753176977,0.000000,,,,true,,GET,https://opensource-demo.orangehrmlive.com/web/index.php/auth/login,HTTP/1.1,default,,200,,tls1.3,https://opensource-demo.orangehrmlive.com/web/index.php/auth/login,,
http_req_sending,1753176977,0.000000,,,,true,,GET,https://opensource-demo.orangehrmlive.com/web/index.php/auth/login,HTTP/1.1,default,,200,,tls1.3,https://opensource-demo.orangehrmlive.com/web/index.php/auth/login,,
http_req_waiting,1753176977,900.294500,,,,true,,GET,https://opensource-demo.orangehrmlive.com/web/index.php/auth/login,HTTP/1.1,default,,200,,tls1.3,https://opensource-demo.orangehrmlive.com/web/index.php/auth/login,,
http_req_receiving,1753176977,0.537200,,,,true,,GET,https://opensource-demo.orangehrmlive.com/web/index.php/auth/login,HTTP/1.1,default,,200,,tls1.3,https://opensource-demo.orangehrmlive.com/web/index.php/auth/login,,
http_req_failed,1753176977,0.000000,,,,true,,GET,https://opensource-demo.orangehrmlive.com/web/index.php/auth/login,HTTP/1.1,default,,200,,tls1.3,https://opensource-demo.orangehrmlive.com/web/index.php/auth/login,,
checks,1753176977,1.000000,status is 200 or redirect,,,,,,,,default,,,,,,,
checks,1753176977,1.000000,response is not empty,,,,,,,,default,,,,,,,
data_sent,1753176977,525.000000,,,,,,,,,default,,,,,,,
data_received,1753176977,7123.000000,,,,,,,,,default,,,,,,,
iteration_duration,1753176977,2011.628600,,,,,,,,,default,,,,,,,
iterations,1753176977,1.000000,,,,,,,,,default,,,,,,,
total_iterations,1753176977,1.000000,,,,,,,,,default,,,,,,,
http_reqs,1753176977,1.000000,,,,true,,POST,https://opensource-demo.orangehrmlive.com/web/index.php/auth/validate,HTTP/1.1,default,,302,,tls1.3,https://opensource-demo.orangehrmlive.com/web/index.php/auth/validate,,
http_req_duration,1753176977,1208.631600,,,,true,,POST,https://opensource-demo.orangehrmlive.com/web/index.php/auth/validate,HTTP/1.1,default,,302,,tls1.3,https://opensource-demo.orangehrmlive.com/web/index.php/auth/validate,,
http_req_blocked,1753176977,0.000000,,,,true,,POST,https://opensource-demo.orangehrmlive.com/web/index.php/auth/validate,HTTP/1.1,default,,302,,tls1.3,https://opensource-demo.orangehrmlive.com/web/index.php/auth/validate,,
http_req_connecting,1753176977,0.000000,,,,true,,POST,https://opensource-demo.orangehrmlive.com/web/index.php/auth/validate,HTTP/1.1,default,,302,,tls1.3,https://opensource-demo.orangehrmlive.com/web/index.php/auth/validate,,
http_req_tls_handshaking,1753176977,0.000000,,,,true,,POST,https://opensource-demo.orangehrmlive.com/web/index.php/auth/validate,HTTP/1.1,default,,302,,tls1.3,https://opensource-demo.orangehrmlive.com/web/index.php/auth/validate,,
http_req_sending,1753176977,0.510400,,,,true,,POST,https://opensource-demo.orangehrmlive.com/web/index.php/auth/validate,HTTP/1.1,default,,302,,tls1.3,https://opensource-demo.orangehrmlive.com/web/index.php/auth/validate,,
http_req_waiting,1753176977,1207.637500,,,,true,,POST,https://opensource-demo.orangehrmlive.com/web/index.php/auth/validate,HTTP/1.1,default,,302,,tls1.3,https://opensource-demo.orangehrmlive.com/web/index.php/auth/validate,,
http_req_receiving,1753176977,0.483700,,,,true,,POST,https://opensource-demo.orangehrmlive.com/web/index.php/auth/validate,HTTP/1.1,default,,302,,tls1.3,https://opensource-demo.orangehrmlive.com/web/index.php/auth/validate,,
http_req_failed,1753176977,0.000000,,,,true,,POST,https://opensource-demo.orangehrmlive.com/web/index.php/auth/validate,HTTP/1.1,default,,302,,tls1.3,https://opensource-demo.orangehrmlive.com/web/index.php/auth/validate,,
http_reqs,1753176977,1.000000,,,,true,,GET,https://opensource-demo.orangehrmlive.com/web/index.php/auth/login,HTTP/1.1,default,,200,,tls1.3,https://opensource-demo.orangehrmlive.com/web/index.php/auth/login,,
http_req_duration,1753176977,1402.405500,,,,true,,GET,https://opensource-demo.orangehrmlive.com/web/index.php/auth/login,HTTP/1.1,default,,200,,tls1.3,https://opensource-demo.orangehrmlive.com/web/index.php/auth/login,,
http_req_blocked,1753176977,0.000000,,,,true,,GET,https://opensource-demo.orangehrmlive.com/web/index.php/auth/login,HTTP/1.1,default,,200,,tls1.3,https://opensource-demo.orangehrmlive.com/web/index.php/auth/login,,
http_req_connecting,1753176977,0.000000,,,,true,,GET,https://opensource-demo.orangehrmlive.com/web/index.php/auth/login,HTTP/1.1,default,,200,,tls1.3,https://opensource-demo.orangehrmlive.com/web/index.php/auth/login,,
http_req_tls_handshaking,1753176977,0.000000,,,,true,,GET,https://opensource-demo.orangehrmlive.com/web/index.php/auth/login,HTTP/1.1,default,,200,,tls1.3,https://opensource-demo.orangehrmlive.com/web/index.php/auth/login,,
http_req_sending,1753176977,0.000000,,,,true,,GET,https://opensource-demo.orangehrmlive.com/web/index.php/auth/login,HTTP/1.1,default,,200,,tls1.3,https://opensource-demo.orangehrmlive.com/web/index.php/auth/login,,
http_req_waiting,1753176977,1401.500900,,,,true,,GET,https://opensource-demo.orangehrmlive.com/web/index.php/auth/login,HTTP/1.1,default,,200,,tls1.3,https://opensource-demo.orangehrmlive.com/web/index.php/auth/login,,
http_req_receiving,1753176977,0.904600,,,,true,,GET,https://opensource-demo.orangehrmlive.com/web/index.php/auth/login,HTTP/1.1,default,,200,,tls1.3,https://opensource-demo.orangehrmlive.com/web/index.php/auth/login,,
http_req_failed,1753176977,0.000000,,,,true,,GET,https://opensource-demo.orangehrmlive.com/web/index.php/auth/login,HTTP/1.1,default,,200,,tls1.3,https://opensource-demo.orangehrmlive.com/web/index.php/auth/login,,
checks,1753176977,1.000000,status is 200 or redirect,,,,,,,,default,,,,,,,
checks,1753176977,1.000000,response is not empty,,,,,,,,default,,,,,,,
vus,1753176977,5.000000,,,,,,,,,,,,,,,,
vus_max,1753176977,10.000000,,,,,,,,,,,,,,,,
data_sent,1753176977,526.000000,,,,,,,,,default,,,,,,,
data_received,1753176977,7122.000000,,,,,,,,,default,,,,,,,
iteration_duration,1753176977,3455.276100,,,,,,,,,default,,,,,,,
iterations,1753176977,1.000000,,,,,,,,,default,,,,,,,
data_sent,1753176978,529.000000,,,,,,,,,default,,,,,,,
data_received,1753176978,7106.000000,,,,,,,,,default,,,,,,,
iteration_duration,1753176978,3295.201800,,,,,,,,,default,,,,,,,
iterations,1753176978,1.000000,,,,,,,,,default,,,,,,,
total_iterations,1753176978,1.000000,,,,,,,,,default,,,,,,,
http_reqs,1753176978,1.000000,,,,true,,GET,https://opensource-demo.orangehrmlive.com/web/index.php/auth/login,HTTP/1.1,default,,200,,tls1.3,https://opensource-demo.orangehrmlive.com/web/index.php/auth/login,,
http_req_duration,1753176978,977.612300,,,,true,,GET,https://opensource-demo.orangehrmlive.com/web/index.php/auth/login,HTTP/1.1,default,,200,,tls1.3,https://opensource-demo.orangehrmlive.com/web/index.php/auth/login,,
http_req_blocked,1753176978,0.000000,,,,true,,GET,https://opensource-demo.orangehrmlive.com/web/index.php/auth/login,HTTP/1.1,default,,200,,tls1.3,https://opensource-demo.orangehrmlive.com/web/index.php/auth/login,,
http_req_connecting,1753176978,0.000000,,,,true,,GET,https://opensource-demo.orangehrmlive.com/web/index.php/auth/login,HTTP/1.1,default,,200,,tls1.3,https://opensource-demo.orangehrmlive.com/web/index.php/auth/login,,
http_req_tls_handshaking,1753176978,0.000000,,,,true,,GET,https://opensource-demo.orangehrmlive.com/web/index.php/auth/login,HTTP/1.1,default,,200,,tls1.3,https://opensource-demo.orangehrmlive.com/web/index.php/auth/login,,
http_req_sending,1753176978,0.000000,,,,true,,GET,https://opensource-demo.orangehrmlive.com/web/index.php/auth/login,HTTP/1.1,default,,200,,tls1.3,https://opensource-demo.orangehrmlive.com/web/index.php/auth/login,,
http_req_waiting,1753176978,977.612300,,,,true,,GET,https://opensource-demo.orangehrmlive.com/web/index.php/auth/login,HTTP/1.1,default,,200,,tls1.3,https://opensource-demo.orangehrmlive.com/web/index.php/auth/login,,
http_req_receiving,1753176978,0.000000,,,,true,,GET,https://opensource-demo.orangehrmlive.com/web/index.php/auth/login,HTTP/1.1,default,,200,,tls1.3,https://opensource-demo.orangehrmlive.com/web/index.php/auth/login,,
http_req_failed,1753176978,0.000000,,,,true,,GET,https://opensource-demo.orangehrmlive.com/web/index.php/auth/login,HTTP/1.1,default,,200,,tls1.3,https://opensource-demo.orangehrmlive.com/web/index.php/auth/login,,
checks,1753176978,1.000000,status is 200 or redirect,,,,,,,,default,,,,,,,
checks,1753176978,1.000000,response is not empty,,,,,,,,default,,,,,,,
data_sent,1753176978,535.000000,,,,,,,,,default,,,,,,,
data_received,1753176978,7105.000000,,,,,,,,,default,,,,,,,
iteration_duration,1753176978,3446.899400,,,,,,,,,default,,,,,,,
iterations,1753176978,1.000000,,,,,,,,,default,,,,,,,
http_reqs,1753176978,1.000000,,,,true,,POST,https://opensource-demo.orangehrmlive.com/web/index.php/auth/validate,HTTP/1.1,default,,302,,tls1.3,https://opensource-demo.orangehrmlive.com/web/index.php/auth/validate,,
http_req_duration,1753176978,1179.577800,,,,true,,POST,https://opensource-demo.orangehrmlive.com/web/index.php/auth/validate,HTTP/1.1,default,,302,,tls1.3,https://opensource-demo.orangehrmlive.com/web/index.php/auth/validate,,
http_req_blocked,1753176978,0.000000,,,,true,,POST,https://opensource-demo.orangehrmlive.com/web/index.php/auth/validate,HTTP/1.1,default,,302,,tls1.3,https://opensource-demo.orangehrmlive.com/web/index.php/auth/validate,,
http_req_connecting,1753176978,0.000000,,,,true,,POST,https://opensource-demo.orangehrmlive.com/web/index.php/auth/validate,HTTP/1.1,default,,302,,tls1.3,https://opensource-demo.orangehrmlive.com/web/index.php/auth/validate,,
http_req_tls_handshaking,1753176978,0.000000,,,,true,,POST,https://opensource-demo.orangehrmlive.com/web/index.php/auth/validate,HTTP/1.1,default,,302,,tls1.3,https://opensource-demo.orangehrmlive.com/web/index.php/auth/validate,,
http_req_sending,1753176978,0.000000,,,,true,,POST,https://opensource-demo.orangehrmlive.com/web/index.php/auth/validate,HTTP/1.1,default,,302,,tls1.3,https://opensource-demo.orangehrmlive.com/web/index.php/auth/validate,,
http_req_waiting,1753176978,1179.577800,,,,true,,POST,https://opensource-demo.orangehrmlive.com/web/index.php/auth/validate,HTTP/1.1,default,,302,,tls1.3,https://opensource-demo.orangehrmlive.com/web/index.php/auth/validate,,
http_req_receiving,1753176978,0.000000,,,,true,,POST,https://opensource-demo.orangehrmlive.com/web/index.php/auth/validate,HTTP/1.1,default,,302,,tls1.3,https://opensource-demo.orangehrmlive.com/web/index.php/auth/validate,,
http_req_failed,1753176978,0.000000,,,,true,,POST,https://opensource-demo.orangehrmlive.com/web/index.php/auth/validate,HTTP/1.1,default,,302,,tls1.3,https://opensource-demo.orangehrmlive.com/web/index.php/auth/validate,,
vus,1753176978,3.000000,,,,,,,,,,,,,,,,
vus_max,1753176978,10.000000,,,,,,,,,,,,,,,,
http_reqs,1753176978,1.000000,,,,true,,POST,https://opensource-demo.orangehrmlive.com/web/index.php/auth/validate,HTTP/1.1,default,,302,,tls1.3,https://opensource-demo.orangehrmlive.com/web/index.php/auth/validate,,
http_req_duration,1753176978,778.850300,,,,true,,POST,https://opensource-demo.orangehrmlive.com/web/index.php/auth/validate,HTTP/1.1,default,,302,,tls1.3,https://opensource-demo.orangehrmlive.com/web/index.php/auth/validate,,
http_req_blocked,1753176978,0.000000,,,,true,,POST,https://opensource-demo.orangehrmlive.com/web/index.php/auth/validate,HTTP/1.1,default,,302,,tls1.3,https://opensource-demo.orangehrmlive.com/web/index.php/auth/validate,,
http_req_connecting,1753176978,0.000000,,,,true,,POST,https://opensource-demo.orangehrmlive.com/web/index.php/auth/validate,HTTP/1.1,default,,302,,tls1.3,https://opensource-demo.orangehrmlive.com/web/index.php/auth/validate,,
http_req_tls_handshaking,1753176978,0.000000,,,,true,,POST,https://opensource-demo.orangehrmlive.com/web/index.php/auth/validate,HTTP/1.1,default,,302,,tls1.3,https://opensource-demo.orangehrmlive.com/web/index.php/auth/validate,,
http_req_sending,1753176978,0.000000,,,,true,,POST,https://opensource-demo.orangehrmlive.com/web/index.php/auth/validate,HTTP/1.1,default,,302,,tls1.3,https://opensource-demo.orangehrmlive.com/web/index.php/auth/validate,,
http_req_waiting,1753176978,778.530900,,,,true,,POST,https://opensource-demo.orangehrmlive.com/web/index.php/auth/validate,HTTP/1.1,default,,302,,tls1.3,https://opensource-demo.orangehrmlive.com/web/index.php/auth/validate,,
http_req_receiving,1753176978,0.319400,,,,true,,POST,https://opensource-demo.orangehrmlive.com/web/index.php/auth/validate,HTTP/1.1,default,,302,,tls1.3,https://opensource-demo.orangehrmlive.com/web/index.php/auth/validate,,
http_req_failed,1753176978,0.000000,,,,true,,POST,https://opensource-demo.orangehrmlive.com/web/index.php/auth/validate,HTTP/1.1,default,,302,,tls1.3,https://opensource-demo.orangehrmlive.com/web/index.php/auth/validate,,
data_sent,1753176979,526.000000,,,,,,,,,default,,,,,,,
data_received,1753176979,7108.000000,,,,,,,,,default,,,,,,,
iteration_duration,1753176979,3186.997500,,,,,,,,,default,,,,,,,
iterations,1753176979,1.000000,,,,,,,,,default,,,,,,,
http_reqs,1753176979,1.000000,,,,true,,GET,https://opensource-demo.orangehrmlive.com/web/index.php/auth/login,HTTP/1.1,default,,200,,tls1.3,https://opensource-demo.orangehrmlive.com/web/index.php/auth/login,,
http_req_duration,1753176979,338.004400,,,,true,,GET,https://opensource-demo.orangehrmlive.com/web/index.php/auth/login,HTTP/1.1,default,,200,,tls1.3,https://opensource-demo.orangehrmlive.com/web/index.php/auth/login,,
http_req_blocked,1753176979,0.000000,,,,true,,GET,https://opensource-demo.orangehrmlive.com/web/index.php/auth/login,HTTP/1.1,default,,200,,tls1.3,https://opensource-demo.orangehrmlive.com/web/index.php/auth/login,,
http_req_connecting,1753176979,0.000000,,,,true,,GET,https://opensource-demo.orangehrmlive.com/web/index.php/auth/login,HTTP/1.1,default,,200,,tls1.3,https://opensource-demo.orangehrmlive.com/web/index.php/auth/login,,
http_req_tls_handshaking,1753176979,0.000000,,,,true,,GET,https://opensource-demo.orangehrmlive.com/web/index.php/auth/login,HTTP/1.1,default,,200,,tls1.3,https://opensource-demo.orangehrmlive.com/web/index.php/auth/login,,
http_req_sending,1753176979,0.000000,,,,true,,GET,https://opensource-demo.orangehrmlive.com/web/index.php/auth/login,HTTP/1.1,default,,200,,tls1.3,https://opensource-demo.orangehrmlive.com/web/index.php/auth/login,,
http_req_waiting,1753176979,337.571800,,,,true,,GET,https://opensource-demo.orangehrmlive.com/web/index.php/auth/login,HTTP/1.1,default,,200,,tls1.3,https://opensource-demo.orangehrmlive.com/web/index.php/auth/login,,
http_req_receiving,1753176979,0.432600,,,,true,,GET,https://opensource-demo.orangehrmlive.com/web/index.php/auth/login,HTTP/1.1,default,,200,,tls1.3,https://opensource-demo.orangehrmlive.com/web/index.php/auth/login,,
http_req_failed,1753176979,0.000000,,,,true,,GET,https://opensource-demo.orangehrmlive.com/web/index.php/auth/login,HTTP/1.1,default,,200,,tls1.3,https://opensource-demo.orangehrmlive.com/web/index.php/auth/login,,
checks,1753176979,1.000000,status is 200 or redirect,,,,,,,,default,,,,,,,
checks,1753176979,1.000000,response is not empty,,,,,,,,default,,,,,,,
vus,1753176979,2.000000,,,,,,,,,,,,,,,,
vus_max,1753176979,10.000000,,,,,,,,,,,,,,,,
http_reqs,1753176979,1.000000,,,,true,,GET,https://opensource-demo.orangehrmlive.com/web/index.php/auth/login,HTTP/1.1,default,,200,,tls1.3,https://opensource-demo.orangehrmlive.com/web/index.php/auth/login,,
http_req_duration,1753176979,1096.106300,,,,true,,GET,https://opensource-demo.orangehrmlive.com/web/index.php/auth/login,HTTP/1.1,default,,200,,tls1.3,https://opensource-demo.orangehrmlive.com/web/index.php/auth/login,,
http_req_blocked,1753176979,0.000000,,,,true,,GET,https://opensource-demo.orangehrmlive.com/web/index.php/auth/login,HTTP/1.1,default,,200,,tls1.3,https://opensource-demo.orangehrmlive.com/web/index.php/auth/login,,
http_req_connecting,1753176979,0.000000,,,,true,,GET,https://opensource-demo.orangehrmlive.com/web/index.php/auth/login,HTTP/1.1,default,,200,,tls1.3,https://opensource-demo.orangehrmlive.com/web/index.php/auth/login,,
http_req_tls_handshaking,1753176979,0.000000,,,,true,,GET,https://opensource-demo.orangehrmlive.com/web/index.php/auth/login,HTTP/1.1,default,,200,,tls1.3,https://opensource-demo.orangehrmlive.com/web/index.php/auth/login,,
http_req_sending,1753176979,0.000000,,,,true,,GET,https://opensource-demo.orangehrmlive.com/web/index.php/auth/login,HTTP/1.1,default,,200,,tls1.3,https://opensource-demo.orangehrmlive.com/web/index.php/auth/login,,
http_req_waiting,1753176979,1095.238200,,,,true,,GET,https://opensource-demo.orangehrmlive.com/web/index.php/auth/login,HTTP/1.1,default,,200,,tls1.3,https://opensource-demo.orangehrmlive.com/web/index.php/auth/login,,
http_req_receiving,1753176979,0.868100,,,,true,,GET,https://opensource-demo.orangehrmlive.com/web/index.php/auth/login,HTTP/1.1,default,,200,,tls1.3,https://opensource-demo.orangehrmlive.com/web/index.php/auth/login,,
http_req_failed,1753176979,0.000000,,,,true,,GET,https://opensource-demo.orangehrmlive.com/web/index.php/auth/login,HTTP/1.1,default,,200,,tls1.3,https://opensource-demo.orangehrmlive.com/web/index.php/auth/login,,
checks,1753176979,1.000000,status is 200 or redirect,,,,,,,,default,,,,,,,
checks,1753176979,1.000000,response is not empty,,,,,,,,default,,,,,,,
data_sent,1753176980,525.000000,,,,,,,,,default,,,,,,,
data_received,1753176980,7114.000000,,,,,,,,,default,,,,,,,
iteration_duration,1753176980,2117.694300,,,,,,,,,default,,,,,,,
iterations,1753176980,1.000000,,,,,,,,,default,,,,,,,
vus,1753176980,1.000000,,,,,,,,,,,,,,,,
vus_max,1753176980,10.000000,,,,,,,,,,,,,,,,
data_sent,1753176980,532.000000,,,,,,,,,default,,,,,,,
data_received,1753176980,7103.000000,,,,,,,,,default,,,,,,,
iteration_duration,1753176980,3276.756500,,,,,,,,,default,,,,,,,
iterations,1753176980,1.000000,,,,,,,,,default,,,,,,,
